model_id,policy,seed,round,hv,igd
i01o_m1,parego,11,1,0.7188664991039886,0.16560881297646113
i01o_m1,parego,11,2,0.8443422707400409,0.05948335245704578
i01o_m1,parego,11,3,0.8443422707400409,0.05948335245704578
i01o_m1,parego,11,4,0.8480566418961233,0.056142471397986345
i01o_m1,parego,11,5,0.8480566418961233,0.056142471397986345
i01o_m1,parego,11,6,0.8480566418961233,0.056142471397986345
i01o_m1,parego,11,7,0.8692494806094183,0.04380302497834751
i01o_m1,parego,11,8,0.8692494806094183,0.04380302497834751
i01o_m1,parego,11,9,0.8692494806094183,0.04380302497834751
i01o_m1,parego,11,10,0.8692494806094183,0.04380302497834751
i01o_m1,parego,11,11,0.8692494806094183,0.04380302497834751
i01o_m1,parego,11,12,0.9131813810007288,0.02925255550087148
i01o_m1,parego,11,13,0.9132624067121198,0.02903486757365188
i01o_m1,parego,11,14,0.9132624067121198,0.02903486757365188
i01o_m1,parego,11,15,0.9132624067121198,0.02903486757365188
i01o_m1,parego,11,16,0.9132624067121198,0.02903486757365188
i01o_m1,parego,11,17,0.9164755132840604,0.02689437731122198
i01o_m1,parego,11,18,0.9164755132840604,0.02689437731122198
i01o_m1,parego,11,19,0.9164755132840604,0.02689437731122198
i01o_m1,parego,11,20,0.9164755132840604,0.02689437731122198
i01o_m1,parego,12,1,0.8156542330168459,0.0854491459045665
i01o_m1,parego,12,2,0.8156542330168459,0.0854491459045665
i01o_m1,parego,12,3,0.8174421577108459,0.0854491459045665
i01o_m1,parego,12,4,0.8174421577108459,0.0854491459045665
i01o_m1,parego,12,5,0.8174773244135647,0.0854491459045665
i01o_m1,parego,12,6,0.8692494806094183,0.04380302497834751
i01o_m1,parego,12,7,0.8692494806094183,0.04380302497834751
i01o_m1,parego,12,8,0.8692494806094183,0.04380302497834751
i01o_m1,parego,12,9,0.8692494806094183,0.04380302497834751
i01o_m1,parego,12,10,0.8692494806094183,0.04380302497834751
i01o_m1,parego,12,11,0.8692494806094183,0.04380302497834751
i01o_m1,parego,12,12,0.8693193029723765,0.03998449047274658
i01o_m1,parego,12,13,0.8693193029723765,0.03998449047274658
i01o_m1,parego,12,14,0.9071795631731352,0.014725052863034245
i01o_m1,parego,12,15,0.9071795631731352,0.014725052863034245
i01o_m1,parego,12,16,0.9071795631731352,0.014725052863034245
i01o_m1,parego,12,17,0.9071795631731352,0.014725052863034245
i01o_m1,parego,12,18,0.9071795631731352,0.014725052863034245
i01o_m1,parego,12,19,0.9071795631731352,0.014725052863034245
i01o_m1,parego,12,20,0.9071795631731352,0.014725052863034245
i01o_m1,parego,13,1,0.8318387303901152,0.0705827383917781
i01o_m1,parego,13,2,0.8320483279695633,0.0705827383917781
i01o_m1,parego,13,3,0.8320483279695633,0.0705827383917781
i01o_m1,parego,13,4,0.8320483279695633,0.0705827383917781
i01o_m1,parego,13,5,0.8583237623601202,0.04749257664065456
i01o_m1,parego,13,6,0.8585157486822521,0.04704388352824682
i01o_m1,parego,13,7,0.8585157486822521,0.04704388352824682
i01o_m1,parego,13,8,0.9133516525747865,0.01089838863713464
i01o_m1,parego,13,9,0.9133516525747865,0.01089838863713464
i01o_m1,parego,13,10,0.9133516525747865,0.01089838863713464
i01o_m1,parego,13,11,0.9200602505413294,0.02709323870641951
i01o_m1,parego,13,12,0.9200602505413294,0.02709323870641951
i01o_m1,parego,13,13,0.9200602505413294,0.02709323870641951
i01o_m1,parego,13,14,0.9200602505413294,0.02709323870641951
i01o_m1,parego,13,15,0.9273316394412836,0.024714319307920313
i01o_m1,parego,13,16,0.9273316394412836,0.024714319307920313
i01o_m1,parego,13,17,0.9273316394412836,0.024714319307920313
i01o_m1,parego,13,18,0.9273316394412836,0.024714319307920313
i01o_m1,parego,13,19,0.9273316394412836,0.024714319307920313
i01o_m1,parego,13,20,0.9273316394412836,0.024714319307920313
i01o_m1,parego_seed,11,1,0.8234846050026949,0.077586512573819
i01o_m1,parego_seed,11,2,0.843433334505915,0.05948335245704578
i01o_m1,parego_seed,11,3,0.843433334505915,0.05948335245704578
i01o_m1,parego_seed,11,4,0.8480566418961233,0.056142471397986345
i01o_m1,parego_seed,11,5,0.8481394855058751,0.056142471397986345
i01o_m1,parego_seed,11,6,0.8481394855058751,0.056142471397986345
i01o_m1,parego_seed,11,7,0.8481394855058751,0.056142471397986345
i01o_m1,parego_seed,11,8,0.9250547113730475,0.02540655730073681
i01o_m1,parego_seed,11,9,0.9250547113730475,0.02540655730073681
i01o_m1,parego_seed,11,10,0.9250547113730475,0.02540655730073681
i01o_m1,parego_seed,11,11,0.9250547113730475,0.02540655730073681
i01o_m1,parego_seed,11,12,0.9250547113730475,0.02540655730073681
i01o_m1,parego_seed,11,13,0.9263595067101686,0.025012515364591096
i01o_m1,parego_seed,11,14,0.9263595067101686,0.025012515364591096
i01o_m1,parego_seed,11,15,0.9263595067101686,0.025012515364591096
i01o_m1,parego_seed,11,16,0.9263595067101686,0.025012515364591096
i01o_m1,parego_seed,11,17,0.9263595067101686,0.025012515364591096
i01o_m1,parego_seed,11,18,0.9263595067101686,0.025012515364591096
i01o_m1,parego_seed,11,19,0.9263595067101686,0.025012515364591096
i01o_m1,parego_seed,11,20,0.9263595067101686,0.025012515364591096
i01o_m1,parego_seed,12,1,0.8234846050026949,0.077586512573819
i01o_m1,parego_seed,12,2,0.8234846050026949,0.077586512573819
i01o_m1,parego_seed,12,3,0.8250849813680207,0.077586512573819
i01o_m1,parego_seed,12,4,0.8250849813680207,0.077586512573819
i01o_m1,parego_seed,12,5,0.8542699150344972,0.05010543910485484
i01o_m1,parego_seed,12,6,0.8542699150344972,0.05010543910485484
i01o_m1,parego_seed,12,7,0.8542699150344972,0.05010543910485484
i01o_m1,parego_seed,12,8,0.8542699150344972,0.05010543910485484
i01o_m1,parego_seed,12,9,0.8543467960459478,0.05010543910485484
i01o_m1,parego_seed,12,10,0.8724523204542693,0.03801960491539467
i01o_m1,parego_seed,12,11,0.8724523204542693,0.03801960491539467
i01o_m1,parego_seed,12,12,0.9263595067101686,0.025012515364591096
i01o_m1,parego_seed,12,13,0.9263595067101686,0.025012515364591096
i01o_m1,parego_seed,12,14,0.9263595067101686,0.025012515364591096
i01o_m1,parego_seed,12,15,0.9263595067101686,0.025012515364591096
i01o_m1,parego_seed,12,16,0.9263595067101686,0.025012515364591096
i01o_m1,parego_seed,12,17,0.9263595067101686,0.025012515364591096
i01o_m1,parego_seed,12,18,0.927060229327551,0.024793529942570686
i01o_m1,parego_seed,12,19,0.927060229327551,0.024793529942570686
i01o_m1,parego_seed,12,20,0.927060229327551,0.024793529942570686
i01o_m1,parego_seed,13,1,0.8234846050026949,0.077586512573819
i01o_m1,parego_seed,13,2,0.8241232061613474,0.077586512573819
i01o_m1,parego_seed,13,3,0.8241232061613474,0.077586512573819
i01o_m1,parego_seed,13,4,0.8241232061613474,0.077586512573819
i01o_m1,parego_seed,13,5,0.8579754049731646,0.047599248742844914
i01o_m1,parego_seed,13,6,0.865093599950346,0.04287027631853143
i01o_m1,parego_seed,13,7,0.8947750331924508,0.02345152104633901
i01o_m1,parego_seed,13,8,0.8947750331924508,0.02345152104633901
i01o_m1,parego_seed,13,9,0.8949834416563293,0.02345152104633901
i01o_m1,parego_seed,13,10,0.8949834416563293,0.02345152104633901
i01o_m1,parego_seed,13,11,0.8949835340917656,0.02304570004434488
i01o_m1,parego_seed,13,12,0.8949835340917656,0.02304570004434488
i01o_m1,parego_seed,13,13,0.8949835340917656,0.02304570004434488
i01o_m1,parego_seed,13,14,0.894984829633774,0.02638718201011599
i01o_m1,parego_seed,13,15,0.9207731999880536,0.02682246165579587
i01o_m1,parego_seed,13,16,0.9207731999880536,0.02682246165579587
i01o_m1,parego_seed,13,17,0.9207731999880536,0.02682246165579587
i01o_m1,parego_seed,13,18,0.9207731999880536,0.02682246165579587
i01o_m1,parego_seed,13,19,0.9262405545567328,0.02508397226353022
i01o_m1,parego_seed,13,20,0.9262405545567328,0.02508397226353022
i01o_m1,qlogehvi_mixed,11,1,0.7188664991039886,0.16560881297646113
i01o_m1,qlogehvi_mixed,11,2,0.8443422707400409,0.05948335245704578
i01o_m1,qlogehvi_mixed,11,3,0.8443422707400409,0.05948335245704578
i01o_m1,qlogehvi_mixed,11,4,0.8480566418961233,0.056142471397986345
i01o_m1,qlogehvi_mixed,11,5,0.8652503483043835,0.04512461691665104
i01o_m1,qlogehvi_mixed,11,6,0.8652503483043835,0.04512461691665104
i01o_m1,qlogehvi_mixed,11,7,0.9243319586607566,0.025643754905283856
i01o_m1,qlogehvi_mixed,11,8,0.9243319586607566,0.025643754905283856
i01o_m1,qlogehvi_mixed,11,9,0.9243319586607566,0.025643754905283856
i01o_m1,qlogehvi_mixed,11,10,0.9285213035492565,0.023289098116556536
i01o_m1,qlogehvi_mixed,11,11,0.9285213035492565,0.023289098116556536
i01o_m1,qlogehvi_mixed,11,12,0.9285213035492565,0.023289098116556536
i01o_m1,qlogehvi_mixed,11,13,0.9285213035492565,0.023289098116556536
i01o_m1,qlogehvi_mixed,11,14,0.9285213035492565,0.023289098116556536
i01o_m1,qlogehvi_mixed,11,15,0.9285213035492565,0.023289098116556536
i01o_m1,qlogehvi_mixed,11,16,0.9285213035492565,0.023289098116556536
i01o_m1,qlogehvi_mixed,11,17,0.9285213035492565,0.023289098116556536
i01o_m1,qlogehvi_mixed,11,18,0.9285213035492565,0.023289098116556536
i01o_m1,qlogehvi_mixed,11,19,0.9285213035492565,0.023289098116556536
i01o_m1,qlogehvi_mixed,11,20,0.9285213035492565,0.023289098116556536
i01o_m1,qlogehvi_mixed,12,1,0.8156542330168459,0.0854491459045665
i01o_m1,qlogehvi_mixed,12,2,0.8156542330168459,0.0854491459045665
i01o_m1,qlogehvi_mixed,12,3,0.8174421577108459,0.0854491459045665
i01o_m1,qlogehvi_mixed,12,4,0.8174421577108459,0.0854491459045665
i01o_m1,qlogehvi_mixed,12,5,0.8191029298368563,0.0854491459045665
i01o_m1,qlogehvi_mixed,12,6,0.8191029298368563,0.0854491459045665
i01o_m1,qlogehvi_mixed,12,7,0.8633328646039888,0.04581579054176207
i01o_m1,qlogehvi_mixed,12,8,0.9293292004397289,0.02481301202050631
i01o_m1,qlogehvi_mixed,12,9,0.9293292004397289,0.02481301202050631
i01o_m1,qlogehvi_mixed,12,10,0.9293292004397289,0.02481301202050631
i01o_m1,qlogehvi_mixed,12,11,0.9293292004397289,0.02481301202050631
i01o_m1,qlogehvi_mixed,12,12,0.9296899150937776,0.0006843112908583083
i01o_m1,qlogehvi_mixed,12,13,0.9296899150937776,0.0006843112908583083
i01o_m1,qlogehvi_mixed,12,14,0.9296899150937776,0.0006843112908583083
i01o_m1,qlogehvi_mixed,12,15,0.9296899150937776,0.0006843112908583083
i01o_m1,qlogehvi_mixed,12,16,0.9296899150937776,0.0006843112908583083
i01o_m1,qlogehvi_mixed,12,17,0.9296899150937776,0.0006843112908583083
i01o_m1,qlogehvi_mixed,12,18,0.9296912600958993,0.0006843112908583083
i01o_m1,qlogehvi_mixed,12,19,0.9296912600958993,0.0006843112908583083
i01o_m1,qlogehvi_mixed,12,20,0.9296912600958993,0.0006843112908583083
i01o_m1,qlogehvi_mixed,13,1,0.8318387303901152,0.0705827383917781
i01o_m1,qlogehvi_mixed,13,2,0.8320483279695633,0.0705827383917781
i01o_m1,qlogehvi_mixed,13,3,0.8320483279695633,0.0705827383917781
i01o_m1,qlogehvi_mixed,13,4,0.8320483279695633,0.0705827383917781
i01o_m1,qlogehvi_mixed,13,5,0.8557701205856544,0.04898577668329344
i01o_m1,qlogehvi_mixed,13,6,0.8557701205856544,0.04898577668329344
i01o_m1,qlogehvi_mixed,13,7,0.8557701205856544,0.04898577668329344
i01o_m1,qlogehvi_mixed,13,8,0.8557701205856544,0.04898577668329344
i01o_m1,qlogehvi_mixed,13,9,0.8557701205856544,0.04898577668329344
i01o_m1,qlogehvi_mixed,13,10,0.9293292004397289,0.02481301202050631
i01o_m1,qlogehvi_mixed,13,11,0.9293292004397289,0.02481301202050631
i01o_m1,qlogehvi_mixed,13,12,0.9302350009746799,0.02507885760390743
i01o_m1,qlogehvi_mixed,13,13,0.9302350009746799,0.02507885760390743
i01o_m1,qlogehvi_mixed,13,14,0.9302350009746799,0.02507885760390743
i01o_m1,qlogehvi_mixed,13,15,0.9302350009746799,0.02507885760390743
i01o_m1,qlogehvi_mixed,13,16,0.9302350009746799,0.02507885760390743
i01o_m1,qlogehvi_mixed,13,17,0.9303601421798359,0.02372621562391074
i01o_m1,qlogehvi_mixed,13,18,0.9303601421798359,0.02372621562391074
i01o_m1,qlogehvi_mixed,13,19,0.9303601421798359,0.02372621562391074
i01o_m1,qlogehvi_mixed,13,20,0.9303601421798359,0.02372621562391074
i01o_m1,qlogehvi_mixed_seed,11,1,0.8234846050026949,0.077586512573819
i01o_m1,qlogehvi_mixed_seed,11,2,0.843433334505915,0.05948335245704578
i01o_m1,qlogehvi_mixed_seed,11,3,0.843433334505915,0.05948335245704578
i01o_m1,qlogehvi_mixed_seed,11,4,0.8480566418961233,0.056142471397986345
i01o_m1,qlogehvi_mixed_seed,11,5,0.8582018282670619,0.047757434041458324
i01o_m1,qlogehvi_mixed_seed,11,6,0.8582018282670619,0.047757434041458324
i01o_m1,qlogehvi_mixed_seed,11,7,0.92721101281516,0.02468885668271663
i01o_m1,qlogehvi_mixed_seed,11,8,0.92721101281516,0.02468885668271663
i01o_m1,qlogehvi_mixed_seed,11,9,0.92721101281516,0.02468885668271663
i01o_m1,qlogehvi_mixed_seed,11,10,0.9273591671861567,0.02323780198306974
i01o_m1,qlogehvi_mixed_seed,11,11,0.9273597420196794,0.02323780198306974
i01o_m1,qlogehvi_mixed_seed,11,12,0.9293292004397289,0.02481301202050631
i01o_m1,qlogehvi_mixed_seed,11,13,0.9293292004397289,0.02481301202050631
i01o_m1,qlogehvi_mixed_seed,11,14,0.9293292004397289,0.02481301202050631
i01o_m1,qlogehvi_mixed_seed,11,15,0.9293292004397289,0.02481301202050631
i01o_m1,qlogehvi_mixed_seed,11,16,0.9293292004397289,0.02481301202050631
i01o_m1,qlogehvi_mixed_seed,11,17,0.9293315807113828,0.024020250088817235
i01o_m1,qlogehvi_mixed_seed,11,18,0.9293315807113828,0.024020250088817235
i01o_m1,qlogehvi_mixed_seed,11,19,0.9293315807113828,0.024020250088817235
i01o_m1,qlogehvi_mixed_seed,11,20,0.9293315807113828,0.024020250088817235
i01o_m1,qlogehvi_mixed_seed,12,1,0.8234846050026949,0.077586512573819
i01o_m1,qlogehvi_mixed_seed,12,2,0.8234846050026949,0.077586512573819
i01o_m1,qlogehvi_mixed_seed,12,3,0.8250849813680207,0.077586512573819
i01o_m1,qlogehvi_mixed_seed,12,4,0.8250849813680207,0.077586512573819
i01o_m1,qlogehvi_mixed_seed,12,5,0.8257399565540383,0.077586512573819
i01o_m1,qlogehvi_mixed_seed,12,6,0.8341779717831231,0.06913211996621423
i01o_m1,qlogehvi_mixed_seed,12,7,0.8349079399017875,0.06913211996621423
i01o_m1,qlogehvi_mixed_seed,12,8,0.9269626803739275,0.024784648592790268
i01o_m1,qlogehvi_mixed_seed,12,9,0.9269626803739275,0.024784648592790268
i01o_m1,qlogehvi_mixed_seed,12,10,0.9293292004397289,0.02481301202050631
i01o_m1,qlogehvi_mixed_seed,12,11,0.9293292004397289,0.02481301202050631
i01o_m1,qlogehvi_mixed_seed,12,12,0.9293292004397289,0.02481301202050631
i01o_m1,qlogehvi_mixed_seed,12,13,0.9293292004397289,0.02481301202050631
i01o_m1,qlogehvi_mixed_seed,12,14,0.9293292004397289,0.02481301202050631
i01o_m1,qlogehvi_mixed_seed,12,15,0.9293292004397289,0.02481301202050631
i01o_m1,qlogehvi_mixed_seed,12,16,0.9293292004397289,0.02481301202050631
i01o_m1,qlogehvi_mixed_seed,12,17,0.9293292004397289,0.02481301202050631
i01o_m1,qlogehvi_mixed_seed,12,18,0.9293292004397289,0.02481301202050631
i01o_m1,qlogehvi_mixed_seed,12,19,0.9293292004397289,0.02481301202050631
i01o_m1,qlogehvi_mixed_seed,12,20,0.9293292004397289,0.02481301202050631
i01o_m1,qlogehvi_mixed_seed,13,1,0.8234846050026949,0.077586512573819
i01o_m1,qlogehvi_mixed_seed,13,2,0.8241232061613474,0.077586512573819
i01o_m1,qlogehvi_mixed_seed,13,3,0.8241232061613474,0.077586512573819
i01o_m1,qlogehvi_mixed_seed,13,4,0.8241232061613474,0.077586512573819
i01o_m1,qlogehvi_mixed_seed,13,5,0.8245427932475311,0.077586512573819
i01o_m1,qlogehvi_mixed_seed,13,6,0.8543363652170457,0.049584379437022395
i01o_m1,qlogehvi_mixed_seed,13,7,0.8591981247273552,0.04688804505702774
i01o_m1,qlogehvi_mixed_seed,13,8,0.8591981247273552,0.04688804505702774
i01o_m1,qlogehvi_mixed_seed,13,9,0.8824786880938845,0.03177343946580665
i01o_m1,qlogehvi_mixed_seed,13,10,0.9230036825714416,0.005365769976880171
i01o_m1,qlogehvi_mixed_seed,13,11,0.9293292004397289,0.02481301202050631
i01o_m1,qlogehvi_mixed_seed,13,12,0.9293292004397289,0.02481301202050631
i01o_m1,qlogehvi_mixed_seed,13,13,0.9293292004397289,0.02481301202050631
i01o_m1,qlogehvi_mixed_seed,13,14,0.9293292004397289,0.02481301202050631
i01o_m1,qlogehvi_mixed_seed,13,15,0.9293292004397289,0.02481301202050631
i01o_m1,qlogehvi_mixed_seed,13,16,0.9293292004397289,0.02481301202050631
i01o_m1,qlogehvi_mixed_seed,13,17,0.9293292004397289,0.02481301202050631
i01o_m1,qlogehvi_mixed_seed,13,18,0.9294194720262874,0.023602827190773595
i01o_m1,qlogehvi_mixed_seed,13,19,0.9294194720262874,0.023602827190773595
i01o_m1,qlogehvi_mixed_seed,13,20,0.9294194720262874,0.023602827190773595
i01o_m1,random,11,1,0.7188664991039886,0.16560881297646113
i01o_m1,random,11,2,0.8443422707400409,0.05948335245704578
i01o_m1,random,11,3,0.8443422707400409,0.05948335245704578
i01o_m1,random,11,4,0.8480566418961233,0.056142471397986345
i01o_m1,random,11,5,0.8480566418961233,0.056142471397986345
i01o_m1,random,11,6,0.8898403373770206,0.028250029298133323
i01o_m1,random,11,7,0.8898403373770206,0.028250029298133323
i01o_m1,random,11,8,0.8898403373770206,0.028250029298133323
i01o_m1,random,11,9,0.8901615049582933,0.026332976382696622
i01o_m1,random,11,10,0.8901615049582933,0.026332976382696622
i01o_m1,random,11,11,0.8901615049582933,0.026332976382696622
i01o_m1,random,11,12,0.8901615049582933,0.026332976382696622
i01o_m1,random,11,13,0.8901615049582933,0.026332976382696622
i01o_m1,random,11,14,0.8901615049582933,0.026332976382696622
i01o_m1,random,11,15,0.8901615049582933,0.026332976382696622
i01o_m1,random,11,16,0.8901615049582933,0.026332976382696622
i01o_m1,random,11,17,0.8901615049582933,0.026332976382696622
i01o_m1,random,11,18,0.8901624210070413,0.026332976382696622
i01o_m1,random,11,19,0.8901624210070413,0.026332976382696622
i01o_m1,random,11,20,0.8901624210070413,0.026332976382696622
i01o_m1,random,12,1,0.8156542330168459,0.0854491459045665
i01o_m1,random,12,2,0.8156542330168459,0.0854491459045665
i01o_m1,random,12,3,0.8174421577108459,0.0854491459045665
i01o_m1,random,12,4,0.8174421577108459,0.0854491459045665
i01o_m1,random,12,5,0.8174421577108459,0.0854491459045665
i01o_m1,random,12,6,0.8191277686767037,0.0854491459045665
i01o_m1,random,12,7,0.8194964756194718,0.0854491459045665
i01o_m1,random,12,8,0.8194964756194718,0.0854491459045665
i01o_m1,random,12,9,0.8194970952848307,0.0854491459045665
i01o_m1,random,12,10,0.8194970952848307,0.0854491459045665
i01o_m1,random,12,11,0.8194970952848307,0.0854491459045665
i01o_m1,random,12,12,0.8194970952848307,0.0854491459045665
i01o_m1,random,12,13,0.8355953131840644,0.0696323613376835
i01o_m1,random,12,14,0.8355953131840644,0.0696323613376835
i01o_m1,random,12,15,0.8355953131840644,0.0696323613376835
i01o_m1,random,12,16,0.8355953131840644,0.0696323613376835
i01o_m1,random,12,17,0.8356025462106157,0.0696323613376835
i01o_m1,random,12,18,0.8356025462106157,0.0696323613376835
i01o_m1,random,12,19,0.84685281972082,0.05794192099992727
i01o_m1,random,12,20,0.8468623765776677,0.05794192099992727
i01o_m1,random,13,1,0.8318387303901152,0.0705827383917781
i01o_m1,random,13,2,0.8320483279695633,0.0705827383917781
i01o_m1,random,13,3,0.8320483279695633,0.0705827383917781
i01o_m1,random,13,4,0.8320483279695633,0.0705827383917781
i01o_m1,random,13,5,0.8320483279695633,0.0705827383917781
i01o_m1,random,13,6,0.8442394709363035,0.059400977427360425
i01o_m1,random,13,7,0.8503830926471639,0.05336622981182101
i01o_m1,random,13,8,0.8503830926471639,0.05336622981182101
i01o_m1,random,13,9,0.8509912414496259,0.05336622981182101
i01o_m1,random,13,10,0.8509912414496259,0.05336622981182101
i01o_m1,random,13,11,0.8509912414496259,0.05336622981182101
i01o_m1,random,13,12,0.8509912414496259,0.05336622981182101
i01o_m1,random,13,13,0.8509912414496259,0.05336622981182101
i01o_m1,random,13,14,0.8509912414496259,0.05336622981182101
i01o_m1,random,13,15,0.9005240073155082,0.033408532764526405
i01o_m1,random,13,16,0.9005240073155082,0.033408532764526405
i01o_m1,random,13,17,0.9005240073155082,0.033408532764526405
i01o_m1,random,13,18,0.9005240073155082,0.033408532764526405
i01o_m1,random,13,19,0.9005240073155082,0.033408532764526405
i01o_m1,random,13,20,0.9005240073155082,0.033408532764526405
i01o_m1,random_seed,11,1,0.8234846050026949,0.077586512573819
i01o_m1,random_seed,11,2,0.8243990043747481,0.077586512573819
i01o_m1,random_seed,11,3,0.8443477338779681,0.05948335245704578
i01o_m1,random_seed,11,4,0.8443477338779681,0.05948335245704578
i01o_m1,random_seed,11,5,0.8480566418961233,0.056142471397986345
i01o_m1,random_seed,11,6,0.8480566418961233,0.056142471397986345
i01o_m1,random_seed,11,7,0.8898403373770206,0.028250029298133323
i01o_m1,random_seed,11,8,0.8898403373770206,0.028250029298133323
i01o_m1,random_seed,11,9,0.8898403373770206,0.028250029298133323
i01o_m1,random_seed,11,10,0.8901615049582933,0.026332976382696622
i01o_m1,random_seed,11,11,0.8901615049582933,0.026332976382696622
i01o_m1,random_seed,11,12,0.8901615049582933,0.026332976382696622
i01o_m1,random_seed,11,13,0.8901615049582933,0.026332976382696622
i01o_m1,random_seed,11,14,0.8901615049582933,0.026332976382696622
i01o_m1,random_seed,11,15,0.8901615049582933,0.026332976382696622
i01o_m1,random_seed,11,16,0.8901615049582933,0.026332976382696622
i01o_m1,random_seed,11,17,0.8901615049582933,0.026332976382696622
i01o_m1,random_seed,11,18,0.8901615049582933,0.026332976382696622
i01o_m1,random_seed,11,19,0.8901624210070413,0.026332976382696622
i01o_m1,random_seed,11,20,0.8901624210070413,0.026332976382696622
i01o_m1,random_seed,12,1,0.8234846050026949,0.077586512573819
i01o_m1,random_seed,12,2,0.8234846050026949,0.077586512573819
i01o_m1,random_seed,12,3,0.8250849813680207,0.077586512573819
i01o_m1,random_seed,12,4,0.8250849813680207,0.077586512573819
i01o_m1,random_seed,12,5,0.8250849813680207,0.077586512573819
i01o_m1,random_seed,12,6,0.8266323924615131,0.077586512573819
i01o_m1,random_seed,12,7,0.8270010994042811,0.077586512573819
i01o_m1,random_seed,12,8,0.8270010994042811,0.077586512573819
i01o_m1,random_seed,12,9,0.827200932804113,0.077586512573819
i01o_m1,random_seed,12,10,0.827200932804113,0.077586512573819
i01o_m1,random_seed,12,11,0.827200932804113,0.077586512573819
i01o_m1,random_seed,12,12,0.827200932804113,0.077586512573819
i01o_m1,random_seed,12,13,0.835613320293739,0.0696323613376835
i01o_m1,random_seed,12,14,0.835613320293739,0.0696323613376835
i01o_m1,random_seed,12,15,0.835613320293739,0.0696323613376835
i01o_m1,random_seed,12,16,0.835613320293739,0.0696323613376835
i01o_m1,random_seed,12,17,0.8356282728384651,0.0696323613376835
i01o_m1,random_seed,12,18,0.8356282728384651,0.0696323613376835
i01o_m1,random_seed,12,19,0.84685281972082,0.05794192099992727
i01o_m1,random_seed,12,20,0.8468623765776677,0.05794192099992727
i01o_m1,random_seed,13,1,0.8234846050026949,0.077586512573819
i01o_m1,random_seed,13,2,0.8241232061613474,0.077586512573819
i01o_m1,random_seed,13,3,0.8241232061613474,0.077586512573819
i01o_m1,random_seed,13,4,0.8241232061613474,0.077586512573819
i01o_m1,random_seed,13,5,0.8243841044038572,0.077586512573819
i01o_m1,random_seed,13,6,0.8442394709363035,0.059400977427360425
i01o_m1,random_seed,13,7,0.8503830926471639,0.05336622981182101
i01o_m1,random_seed,13,8,0.8503830926471639,0.05336622981182101
i01o_m1,random_seed,13,9,0.8509912414496259,0.05336622981182101
i01o_m1,random_seed,13,10,0.8509912414496259,0.05336622981182101
i01o_m1,random_seed,13,11,0.8509912414496259,0.05336622981182101
i01o_m1,random_seed,13,12,0.8509912414496259,0.05336622981182101
i01o_m1,random_seed,13,13,0.8509912414496259,0.05336622981182101
i01o_m1,random_seed,13,14,0.8509912414496259,0.05336622981182101
i01o_m1,random_seed,13,15,0.9005240073155082,0.033408532764526405
i01o_m1,random_seed,13,16,0.9005240073155082,0.033408532764526405
i01o_m1,random_seed,13,17,0.9005240073155082,0.033408532764526405
i01o_m1,random_seed,13,18,0.9005240073155082,0.033408532764526405
i01o_m1,random_seed,13,19,0.9005240073155082,0.033408532764526405
i01o_m1,random_seed,13,20,0.9005240073155082,0.033408532764526405
i02o_m2,parego,11,1,0.7806477610494478,0.1345595858870493
i02o_m2,parego,11,2,0.8027668985053654,0.12986367160340814
i02o_m2,parego,11,3,0.8027668985053654,0.12986367160340814
i02o_m2,parego,11,4,0.8571631486410679,0.07774672811315853
i02o_m2,parego,11,5,0.8571631486410679,0.07774672811315853
i02o_m2,parego,11,6,0.8571631486410679,0.07774672811315853
i02o_m2,parego,11,7,0.8575472319082746,0.07774672811315853
i02o_m2,parego,11,8,0.8732939656400341,0.061976075577369893
i02o_m2,parego,11,9,0.8732939656400341,0.061976075577369893
i02o_m2,parego,11,10,0.8732939656400341,0.061976075577369893
i02o_m2,parego,11,11,0.8732939656400341,0.061976075577369893
i02o_m2,parego,11,12,0.9235889079020736,0.011950237637449299
i02o_m2,parego,11,13,0.9235889079020736,0.011950237637449299
i02o_m2,parego,11,14,0.9235889079020736,0.011950237637449299
i02o_m2,parego,11,15,0.9235889079020736,0.011950237637449299
i02o_m2,parego,11,16,0.9235889079020736,0.011950237637449299
i02o_m2,parego,11,17,0.9235889079020736,0.011950237637449299
i02o_m2,parego,11,18,0.9235889079020736,0.011950237637449299
i02o_m2,parego,11,19,0.9235889079020736,0.011950237637449299
i02o_m2,parego,11,20,0.9235889079020736,0.011950237637449299
i02o_m2,parego,12,1,0.8348522821534029,0.0962785183482693
i02o_m2,parego,12,2,0.8348522821534029,0.0962785183482693
i02o_m2,parego,12,3,0.8370713128855024,0.0962785183482693
i02o_m2,parego,12,4,0.8370713128855024,0.0962785183482693
i02o_m2,parego,12,5,0.8370713128855024,0.0962785183482693
i02o_m2,parego,12,6,0.8370892934006992,0.0962785183482693
i02o_m2,parego,12,7,0.8370892934006992,0.0962785183482693
i02o_m2,parego,12,8,0.8683754096528731,0.06615534767127151
i02o_m2,parego,12,9,0.8686979099925233,0.06615534767127151
i02o_m2,parego,12,10,0.868724634561796,0.06615534767127151
i02o_m2,parego,12,11,0.8688505889962063,0.06615534767127151
i02o_m2,parego,12,12,0.9299943262545339,0.005805149170824901
i02o_m2,parego,12,13,0.9299943262545339,0.005805149170824901
i02o_m2,parego,12,14,0.9299943262545339,0.005805149170824901
i02o_m2,parego,12,15,0.9299943262545339,0.005805149170824901
i02o_m2,parego,12,16,0.9299943262545339,0.005805149170824901
i02o_m2,parego,12,17,0.9299943262545339,0.005805149170824901
i02o_m2,parego,12,18,0.9299943262545339,0.005805149170824901
i02o_m2,parego,12,19,0.9299943262545339,0.005805149170824901
i02o_m2,parego,12,20,0.9299943262545339,0.005805149170824901
i02o_m2,parego,13,1,0.884701976590034,0.05018092289254126
i02o_m2,parego,13,2,0.884701976590034,0.05018092289254126
i02o_m2,parego,13,3,0.884701976590034,0.05018092289254126
i02o_m2,parego,13,4,0.884701976590034,0.05018092289254126
i02o_m2,parego,13,5,0.884701976590034,0.05018092289254126
i02o_m2,parego,13,6,0.8850088247019537,0.05018092289254126
i02o_m2,parego,13,7,0.8850088247019537,0.05018092289254126
i02o_m2,parego,13,8,0.8850088247019537,0.05018092289254126
i02o_m2,parego,13,9,0.8854576644701259,0.05018092289254126
i02o_m2,parego,13,10,0.8854576644701259,0.05018092289254126
i02o_m2,parego,13,11,0.8854576644701259,0.05018092289254126
i02o_m2,parego,13,12,0.9232547097554793,0.01235880954160574
i02o_m2,parego,13,13,0.9232547097554793,0.01235880954160574
i02o_m2,parego,13,14,0.9252350213049215,0.010380423812154508
i02o_m2,parego,13,15,0.9252350213049215,0.010380423812154508
i02o_m2,parego,13,16,0.9252350213049215,0.010380423812154508
i02o_m2,parego,13,17,0.9252350213049215,0.010380423812154508
i02o_m2,parego,13,18,0.9252365748813363,0.010380423812154508
i02o_m2,parego,13,19,0.9252365748813363,0.010380423812154508
i02o_m2,parego,13,20,0.9253218507906342,0.010361483736796412
i02o_m2,parego_seed,11,1,0.8706992112209647,0.06363850262068527
i02o_m2,parego_seed,11,2,0.8706992112209647,0.06363850262068527
i02o_m2,parego_seed,11,3,0.8706992112209647,0.06363850262068527
i02o_m2,parego_seed,11,4,0.8712660952439344,0.06363850262068527
i02o_m2,parego_seed,11,5,0.8907227951909096,0.044292537341852393
i02o_m2,parego_seed,11,6,0.8907227951909096,0.044292537341852393
i02o_m2,parego_seed,11,7,0.90440678669278,0.031084866686320257
i02o_m2,parego_seed,11,8,0.90440678669278,0.031084866686320257
i02o_m2,parego_seed,11,9,0.90440678669278,0.031084866686320257
i02o_m2,parego_seed,11,10,0.90440678669278,0.031084866686320257
i02o_m2,parego_seed,11,11,0.9189673044535565,0.016557447543458916
i02o_m2,parego_seed,11,12,0.9189673044535565,0.016557447543458916
i02o_m2,parego_seed,11,13,0.9214794475991125,0.01425945265897613
i02o_m2,parego_seed,11,14,0.9270817695366964,0.008657201798630028
i02o_m2,parego_seed,11,15,0.9270817695366964,0.008657201798630028
i02o_m2,parego_seed,11,16,0.9270817695366964,0.008657201798630028
i02o_m2,parego_seed,11,17,0.9270817695366964,0.008657201798630028
i02o_m2,parego_seed,11,18,0.9270817695366964,0.008657201798630028
i02o_m2,parego_seed,11,19,0.9270817695366964,0.008657201798630028
i02o_m2,parego_seed,11,20,0.9270817695366964,0.008657201798630028
i02o_m2,parego_seed,12,1,0.8706992112209647,0.06363850262068527
i02o_m2,parego_seed,12,2,0.8706992112209647,0.06363850262068527
i02o_m2,parego_seed,12,3,0.8706992112209647,0.06363850262068527
i02o_m2,parego_seed,12,4,0.8706992112209647,0.06363850262068527
i02o_m2,parego_seed,12,5,0.8713953222231093,0.06363850262068527
i02o_m2,parego_seed,12,6,0.8713962571040915,0.06363850262068527
i02o_m2,parego_seed,12,7,0.8713962571040915,0.06363850262068527
i02o_m2,parego_seed,12,8,0.8714000934853121,0.06363850262068527
i02o_m2,parego_seed,12,9,0.8714007567797306,0.06363850262068527
i02o_m2,parego_seed,12,10,0.9228582228305023,0.012967734701838986
i02o_m2,parego_seed,12,11,0.9228582228305023,0.012967734701838986
i02o_m2,parego_seed,12,12,0.9228582228305023,0.012967734701838986
i02o_m2,parego_seed,12,13,0.9228582228305023,0.012967734701838986
i02o_m2,parego_seed,12,14,0.9228582228305023,0.012967734701838986
i02o_m2,parego_seed,12,15,0.9228582228305023,0.012967734701838986
i02o_m2,parego_seed,12,16,0.9228582228305023,0.012967734701838986
i02o_m2,parego_seed,12,17,0.9228582228305023,0.012967734701838986
i02o_m2,parego_seed,12,18,0.9229168385827851,0.012967734701838986
i02o_m2,parego_seed,12,19,0.9229168385827851,0.012967734701838986
i02o_m2,parego_seed,12,20,0.9243746546249476,0.011509308717290744
i02o_m2,parego_seed,13,1,0.8706992112209647,0.06363850262068527
i02o_m2,parego_seed,13,2,0.8706992112209647,0.06363850262068527
i02o_m2,parego_seed,13,3,0.8706992112209647,0.06363850262068527
i02o_m2,parego_seed,13,4,0.8708028278687319,0.06363850262068527
i02o_m2,parego_seed,13,5,0.8714647430505565,0.06363850262068527
i02o_m2,parego_seed,13,6,0.8717539676733843,0.06363850262068527
i02o_m2,parego_seed,13,7,0.8717539676733843,0.06363850262068527
i02o_m2,parego_seed,13,8,0.8717539676733843,0.06363850262068527
i02o_m2,parego_seed,13,9,0.8717539676733843,0.06363850262068527
i02o_m2,parego_seed,13,10,0.883192590464403,0.05218692766039875
i02o_m2,parego_seed,13,11,0.8831972503290029,0.05218692766039875
i02o_m2,parego_seed,13,12,0.8831972503290029,0.05218692766039875
i02o_m2,parego_seed,13,13,0.8831972503290029,0.05218692766039875
i02o_m2,parego_seed,13,14,0.8831989331289051,0.05218692766039875
i02o_m2,parego_seed,13,15,0.8831989331289051,0.05218692766039875
i02o_m2,parego_seed,13,16,0.8831989331289051,0.05218692766039875
i02o_m2,parego_seed,13,17,0.8831989331289051,0.05218692766039875
i02o_m2,parego_seed,13,18,0.8831989331289051,0.05218692766039875
i02o_m2,parego_seed,13,19,0.8833762165531776,0.05218692766039875
i02o_m2,parego_seed,13,20,0.8833762165531776,0.05218692766039875
i02o_m2,qlogehvi_mixed,11,1,0.7806477610494478,0.1345595858870493
i02o_m2,qlogehvi_mixed,11,2,0.8027668985053654,0.12986367160340814
i02o_m2,qlogehvi_mixed,11,3,0.8027668985053654,0.12986367160340814
i02o_m2,qlogehvi_mixed,11,4,0.8571631486410679,0.07774672811315853
i02o_m2,qlogehvi_mixed,11,5,0.8571694214862179,0.07774672811315853
i02o_m2,qlogehvi_mixed,11,6,0.9266484901159872,0.009293826404050081
i02o_m2,qlogehvi_mixed,11,7,0.9266484901159872,0.009293826404050081
i02o_m2,qlogehvi_mixed,11,8,0.9266484901159872,0.009293826404050081
i02o_m2,qlogehvi_mixed,11,9,0.9266484901159872,0.009293826404050081
i02o_m2,qlogehvi_mixed,11,10,0.9266484901159872,0.009293826404050081
i02o_m2,qlogehvi_mixed,11,11,0.9266484901159872,0.009293826404050081
i02o_m2,qlogehvi_mixed,11,12,0.9266484901159872,0.009293826404050081
i02o_m2,qlogehvi_mixed,11,13,0.929273387920822,0.006678410010859237
i02o_m2,qlogehvi_mixed,11,14,0.929273387920822,0.006678410010859237
i02o_m2,qlogehvi_mixed,11,15,0.929273387920822,0.006678410010859237
i02o_m2,qlogehvi_mixed,11,16,0.929273387920822,0.006678410010859237
i02o_m2,qlogehvi_mixed,11,17,0.9292734653766398,0.006678410010859237
i02o_m2,qlogehvi_mixed,11,18,0.9292734653766398,0.006678410010859237
i02o_m2,qlogehvi_mixed,11,19,0.9292734653766398,0.006678410010859237
i02o_m2,qlogehvi_mixed,11,20,0.929273496786677,0.006678410010859237
i02o_m2,qlogehvi_mixed,12,1,0.8348522821534029,0.0962785183482693
i02o_m2,qlogehvi_mixed,12,2,0.8348522821534029,0.0962785183482693
i02o_m2,qlogehvi_mixed,12,3,0.8370713128855024,0.0962785183482693
i02o_m2,qlogehvi_mixed,12,4,0.8370713128855024,0.0962785183482693
i02o_m2,qlogehvi_mixed,12,5,0.8370713128855024,0.0962785183482693
i02o_m2,qlogehvi_mixed,12,6,0.8370713128855024,0.0962785183482693
i02o_m2,qlogehvi_mixed,12,7,0.8370713128855024,0.0962785183482693
i02o_m2,qlogehvi_mixed,12,8,0.8519768471584825,0.08262685716811737
i02o_m2,qlogehvi_mixed,12,9,0.8851611554671096,0.04937094490534594
i02o_m2,qlogehvi_mixed,12,10,0.9018863421550094,0.03299354713307654
i02o_m2,qlogehvi_mixed,12,11,0.9147993951983783,0.020726368589478225
i02o_m2,qlogehvi_mixed,12,12,0.9147993951983783,0.020726368589478225
i02o_m2,qlogehvi_mixed,12,13,0.9216784432337823,0.01410491275404809
i02o_m2,qlogehvi_mixed,12,14,0.9216784432337823,0.01410491275404809
i02o_m2,qlogehvi_mixed,12,15,0.930831429773763,0.004958715844381122
i02o_m2,qlogehvi_mixed,12,16,0.9330112820302411,0.00291513838731141
i02o_m2,qlogehvi_mixed,12,17,0.9330112820302411,0.00291513838731141
i02o_m2,qlogehvi_mixed,12,18,0.9330112820302411,0.00291513838731141
i02o_m2,qlogehvi_mixed,12,19,0.9330112820302411,0.00291513838731141
i02o_m2,qlogehvi_mixed,12,20,0.9330112859683094,0.00291513838731141
i02o_m2,qlogehvi_mixed,13,1,0.884701976590034,0.05018092289254126
i02o_m2,qlogehvi_mixed,13,2,0.884701976590034,0.05018092289254126
i02o_m2,qlogehvi_mixed,13,3,0.884701976590034,0.05018092289254126
i02o_m2,qlogehvi_mixed,13,4,0.884701976590034,0.05018092289254126
i02o_m2,qlogehvi_mixed,13,5,0.884701976590034,0.05018092289254126
i02o_m2,qlogehvi_mixed,13,6,0.884701976590034,0.05018092289254126
i02o_m2,qlogehvi_mixed,13,7,0.884701976590034,0.05018092289254126
i02o_m2,qlogehvi_mixed,13,8,0.884701976590034,0.05018092289254126
i02o_m2,qlogehvi_mixed,13,9,0.884701976590034,0.05018092289254126
i02o_m2,qlogehvi_mixed,13,10,0.8849424915186817,0.05018092289254126
i02o_m2,qlogehvi_mixed,13,11,0.8849424915186817,0.05018092289254126
i02o_m2,qlogehvi_mixed,13,12,0.8849424915186817,0.05018092289254126
i02o_m2,qlogehvi_mixed,13,13,0.8849424915186817,0.05018092289254126
i02o_m2,qlogehvi_mixed,13,14,0.8849424915186817,0.05018092289254126
i02o_m2,qlogehvi_mixed,13,15,0.8849424915186817,0.05018092289254126
i02o_m2,qlogehvi_mixed,13,16,0.8849424915186817,0.05018092289254126
i02o_m2,qlogehvi_mixed,13,17,0.8849424915186817,0.05018092289254126
i02o_m2,qlogehvi_mixed,13,18,0.8849424915186817,0.05018092289254126
i02o_m2,qlogehvi_mixed,13,19,0.8849424915186817,0.05018092289254126
i02o_m2,qlogehvi_mixed,13,20,0.8849424915186817,0.05018092289254126
i02o_m2,qlogehvi_mixed_seed,11,1,0.8706992112209647,0.06363850262068527
i02o_m2,qlogehvi_mixed_seed,11,2,0.8706992112209647,0.06363850262068527
i02o_m2,qlogehvi_mixed_seed,11,3,0.8706992112209647,0.06363850262068527
i02o_m2,qlogehvi_mixed_seed,11,4,0.8712660952439344,0.06363850262068527
i02o_m2,qlogehvi_mixed_seed,11,5,0.8712661279969902,0.06363850262068527
i02o_m2,qlogehvi_mixed_seed,11,6,0.8712661639572549,0.06363850262068527
i02o_m2,qlogehvi_mixed_seed,11,7,0.8712661639572549,0.06363850262068527
i02o_m2,qlogehvi_mixed_seed,11,8,0.8712661639572549,0.06363850262068527
i02o_m2,qlogehvi_mixed_seed,11,9,0.8712661639572549,0.06363850262068527
i02o_m2,qlogehvi_mixed_seed,11,10,0.9320785318499264,0.0036984911336073317
i02o_m2,qlogehvi_mixed_seed,11,11,0.9322636785635305,0.0036984911336073317
i02o_m2,qlogehvi_mixed_seed,11,12,0.9322636785635305,0.0036984911336073317
i02o_m2,qlogehvi_mixed_seed,11,13,0.9322636785635305,0.0036984911336073317
i02o_m2,qlogehvi_mixed_seed,11,14,0.9322636785635305,0.0036984911336073317
i02o_m2,qlogehvi_mixed_seed,11,15,0.9322636785635305,0.0036984911336073317
i02o_m2,qlogehvi_mixed_seed,11,16,0.9322647350991757,0.0036984911336073317
i02o_m2,qlogehvi_mixed_seed,11,17,0.9365362186845445,0.001141460564987538
i02o_m2,qlogehvi_mixed_seed,11,18,0.9365362186845445,0.001141460564987538
i02o_m2,qlogehvi_mixed_seed,11,19,0.9365362186845445,0.001141460564987538
i02o_m2,qlogehvi_mixed_seed,11,20,0.9365362186845445,0.001141460564987538
i02o_m2,qlogehvi_mixed_seed,12,1,0.8706992112209647,0.06363850262068527
i02o_m2,qlogehvi_mixed_seed,12,2,0.8706992112209647,0.06363850262068527
i02o_m2,qlogehvi_mixed_seed,12,3,0.8706992112209647,0.06363850262068527
i02o_m2,qlogehvi_mixed_seed,12,4,0.8706992112209647,0.06363850262068527
i02o_m2,qlogehvi_mixed_seed,12,5,0.8708759290335027,0.06363850262068527
i02o_m2,qlogehvi_mixed_seed,12,6,0.8708759290335027,0.06363850262068527
i02o_m2,qlogehvi_mixed_seed,12,7,0.8807161752851915,0.05501250803045924
i02o_m2,qlogehvi_mixed_seed,12,8,0.8807161752851915,0.05501250803045924
i02o_m2,qlogehvi_mixed_seed,12,9,0.9122142895975918,0.023540615790721003
i02o_m2,qlogehvi_mixed_seed,12,10,0.9193581068728433,0.016407856061177565
i02o_m2,qlogehvi_mixed_seed,12,11,0.934044478059868,0.0019991830573369996
i02o_m2,qlogehvi_mixed_seed,12,12,0.934044478059868,0.0019991830573369996
i02o_m2,qlogehvi_mixed_seed,12,13,0.934044478059868,0.0019991830573369996
i02o_m2,qlogehvi_mixed_seed,12,14,0.934044478059868,0.0019991830573369996
i02o_m2,qlogehvi_mixed_seed,12,15,0.934044478059868,0.0019991830573369996
i02o_m2,qlogehvi_mixed_seed,12,16,0.934044478059868,0.0019991830573369996
i02o_m2,qlogehvi_mixed_seed,12,17,0.934044478059868,0.0019991830573369996
i02o_m2,qlogehvi_mixed_seed,12,18,0.934044478059868,0.0019991830573369996
i02o_m2,qlogehvi_mixed_seed,12,19,0.934044478059868,0.0019991830573369996
i02o_m2,qlogehvi_mixed_seed,12,20,0.934044478059868,0.0019991830573369996
i02o_m2,qlogehvi_mixed_seed,13,1,0.8706992112209647,0.06363850262068527
i02o_m2,qlogehvi_mixed_seed,13,2,0.8706992112209647,0.06363850262068527
i02o_m2,qlogehvi_mixed_seed,13,3,0.8706992112209647,0.06363850262068527
i02o_m2,qlogehvi_mixed_seed,13,4,0.8708028278687319,0.06363850262068527
i02o_m2,qlogehvi_mixed_seed,13,5,0.8709243203422217,0.06363850262068527
i02o_m2,qlogehvi_mixed_seed,13,6,0.890491066144524,0.04455023297986859
i02o_m2,qlogehvi_mixed_seed,13,7,0.8950084101595798,0.040065600053854525
i02o_m2,qlogehvi_mixed_seed,13,8,0.8950084101595798,0.040065600053854525
i02o_m2,qlogehvi_mixed_seed,13,9,0.8950084101595798,0.040065600053854525
i02o_m2,qlogehvi_mixed_seed,13,10,0.8950084101595798,0.040065600053854525
i02o_m2,qlogehvi_mixed_seed,13,11,0.8950084101595798,0.040065600053854525
i02o_m2,qlogehvi_mixed_seed,13,12,0.8951157908283689,0.040065600053854525
i02o_m2,qlogehvi_mixed_seed,13,13,0.8951157908283689,0.040065600053854525
i02o_m2,qlogehvi_mixed_seed,13,14,0.9325277462356893,0.0032150412086156717
i02o_m2,qlogehvi_mixed_seed,13,15,0.9326324042898746,0.0032150412086156717
i02o_m2,qlogehvi_mixed_seed,13,16,0.9372416761719039,0.0014210113616234758
i02o_m2,qlogehvi_mixed_seed,13,17,0.9372416761719039,0.0014210113616234758
i02o_m2,qlogehvi_mixed_seed,13,18,0.9372548304072593,0.0014210113616234758
i02o_m2,qlogehvi_mixed_seed,13,19,0.9373666397874416,0.0014210113616234758
i02o_m2,qlogehvi_mixed_seed,13,20,0.9373666397874416,0.0014210113616234758
i02o_m2,random,11,1,0.7806477610494478,0.1345595858870493
i02o_m2,random,11,2,0.8027668985053654,0.12986367160340814
i02o_m2,random,11,3,0.8027668985053654,0.12986367160340814
i02o_m2,random,11,4,0.8571631486410679,0.07774672811315853
i02o_m2,random,11,5,0.8571631486410679,0.07774672811315853
i02o_m2,random,11,6,0.900905059487755,0.033966016812349474
i02o_m2,random,11,7,0.9016995190632817,0.033966016812349474
i02o_m2,random,11,8,0.9016995190632817,0.033966016812349474
i02o_m2,random,11,9,0.9016995190632817,0.033966016812349474
i02o_m2,random,11,10,0.9016995190632817,0.033966016812349474
i02o_m2,random,11,11,0.9016995190632817,0.033966016812349474
i02o_m2,random,11,12,0.9016995190632817,0.033966016812349474
i02o_m2,random,11,13,0.9016995190632817,0.033966016812349474
i02o_m2,random,11,14,0.9016995190632817,0.033966016812349474
i02o_m2,random,11,15,0.9017103242447042,0.033966016812349474
i02o_m2,random,11,16,0.9017103242447042,0.033966016812349474
i02o_m2,random,11,17,0.9017103242447042,0.033966016812349474
i02o_m2,random,11,18,0.9017103242447042,0.033966016812349474
i02o_m2,random,11,19,0.9017103242447042,0.033966016812349474
i02o_m2,random,11,20,0.9017103242447042,0.033966016812349474
i02o_m2,random,12,1,0.8348522821534029,0.0962785183482693
i02o_m2,random,12,2,0.8348522821534029,0.0962785183482693
i02o_m2,random,12,3,0.8370713128855024,0.0962785183482693
i02o_m2,random,12,4,0.8370713128855024,0.0962785183482693
i02o_m2,random,12,5,0.8370713128855024,0.0962785183482693
i02o_m2,random,12,6,0.8449115519964402,0.08894297533766587
i02o_m2,random,12,7,0.8449115519964402,0.08894297533766587
i02o_m2,random,12,8,0.8449115519964402,0.08894297533766587
i02o_m2,random,12,9,0.8449125338569251,0.08894297533766587
i02o_m2,random,12,10,0.8449125338569251,0.08894297533766587
i02o_m2,random,12,11,0.8449125338569251,0.08894297533766587
i02o_m2,random,12,12,0.8449125338569251,0.08894297533766587
i02o_m2,random,12,13,0.9022204513566193,0.032093141263168624
i02o_m2,random,12,14,0.9022204513566193,0.032093141263168624
i02o_m2,random,12,15,0.9022204513566193,0.032093141263168624
i02o_m2,random,12,16,0.9022204513566193,0.032093141263168624
i02o_m2,random,12,17,0.9022205314749254,0.032093141263168624
i02o_m2,random,12,18,0.9022205314749254,0.032093141263168624
i02o_m2,random,12,19,0.9025523016868973,0.032093141263168624
i02o_m2,random,12,20,0.9025523016868973,0.032093141263168624
i02o_m2,random,13,1,0.884701976590034,0.05018092289254126
i02o_m2,random,13,2,0.884701976590034,0.05018092289254126
i02o_m2,random,13,3,0.884701976590034,0.05018092289254126
i02o_m2,random,13,4,0.884701976590034,0.05018092289254126
i02o_m2,random,13,5,0.884701976590034,0.05018092289254126
i02o_m2,random,13,6,0.8851064638962931,0.05018092289254126
i02o_m2,random,13,7,0.8859624876424655,0.04932095159700625
i02o_m2,random,13,8,0.8859624876424655,0.04932095159700625
i02o_m2,random,13,9,0.8859624876424655,0.04932095159700625
i02o_m2,random,13,10,0.8859624876424655,0.04932095159700625
i02o_m2,random,13,11,0.8859624876424655,0.04932095159700625
i02o_m2,random,13,12,0.8859624876424655,0.04932095159700625
i02o_m2,random,13,13,0.8859624876424655,0.04932095159700625
i02o_m2,random,13,14,0.8859624876424655,0.04932095159700625
i02o_m2,random,13,15,0.913672342179258,0.022116556594844943
i02o_m2,random,13,16,0.913672342179258,0.022116556594844943
i02o_m2,random,13,17,0.913672342179258,0.022116556594844943
i02o_m2,random,13,18,0.913672342179258,0.022116556594844943
i02o_m2,random,13,19,0.913672342179258,0.022116556594844943
i02o_m2,random,13,20,0.913672342179258,0.022116556594844943
i02o_m2,random_seed,11,1,0.8706992112209647,0.06363850262068527
i02o_m2,random_seed,11,2,0.8706992112209647,0.06363850262068527
i02o_m2,random_seed,11,3,0.8706992112209647,0.06363850262068527
i02o_m2,random_seed,11,4,0.8712660952439344,0.06363850262068527
i02o_m2,random_seed,11,5,0.8712660952439344,0.06363850262068527
i02o_m2,random_seed,11,6,0.900910773656342,0.033966016812349474
i02o_m2,random_seed,11,7,0.9016995190632817,0.033966016812349474
i02o_m2,random_seed,11,8,0.9016995190632817,0.033966016812349474
i02o_m2,random_seed,11,9,0.9016995190632817,0.033966016812349474
i02o_m2,random_seed,11,10,0.9016995190632817,0.033966016812349474
i02o_m2,random_seed,11,11,0.9016995190632817,0.033966016812349474
i02o_m2,random_seed,11,12,0.9016995190632817,0.033966016812349474
i02o_m2,random_seed,11,13,0.9016995190632817,0.033966016812349474
i02o_m2,random_seed,11,14,0.9016995190632817,0.033966016812349474
i02o_m2,random_seed,11,15,0.9017103242447042,0.033966016812349474
i02o_m2,random_seed,11,16,0.9017103242447042,0.033966016812349474
i02o_m2,random_seed,11,17,0.9017103242447042,0.033966016812349474
i02o_m2,random_seed,11,18,0.9017103242447042,0.033966016812349474
i02o_m2,random_seed,11,19,0.9017103242447042,0.033966016812349474
i02o_m2,random_seed,11,20,0.9017103242447042,0.033966016812349474
i02o_m2,random_seed,12,1,0.8706992112209647,0.06363850262068527
i02o_m2,random_seed,12,2,0.8706992112209647,0.06363850262068527
i02o_m2,random_seed,12,3,0.8706992112209647,0.06363850262068527
i02o_m2,random_seed,12,4,0.8706992112209647,0.06363850262068527
i02o_m2,random_seed,12,5,0.8706992112209647,0.06363850262068527
i02o_m2,random_seed,12,6,0.8707162530489664,0.06363850262068527
i02o_m2,random_seed,12,7,0.8707162530489664,0.06363850262068527
i02o_m2,random_seed,12,8,0.8707162530489664,0.06363850262068527
i02o_m2,random_seed,12,9,0.8707162530489664,0.06363850262068527
i02o_m2,random_seed,12,10,0.8707162530489664,0.06363850262068527
i02o_m2,random_seed,12,11,0.8707162530489664,0.06363850262068527
i02o_m2,random_seed,12,12,0.8707162530489664,0.06363850262068527
i02o_m2,random_seed,12,13,0.9022273753554293,0.032093141263168624
i02o_m2,random_seed,12,14,0.9022273753554293,0.032093141263168624
i02o_m2,random_seed,12,15,0.9022273753554293,0.032093141263168624
i02o_m2,random_seed,12,16,0.9022273753554293,0.032093141263168624
i02o_m2,random_seed,12,17,0.9022273753554293,0.032093141263168624
i02o_m2,random_seed,12,18,0.9022273753554293,0.032093141263168624
i02o_m2,random_seed,12,19,0.9025525310586365,0.032093141263168624
i02o_m2,random_seed,12,20,0.9025525310586365,0.032093141263168624
i02o_m2,random_seed,13,1,0.8706992112209647,0.06363850262068527
i02o_m2,random_seed,13,2,0.8706992112209647,0.06363850262068527
i02o_m2,random_seed,13,3,0.8706992112209647,0.06363850262068527
i02o_m2,random_seed,13,4,0.8708028278687319,0.06363850262068527
i02o_m2,random_seed,13,5,0.8708028278687319,0.06363850262068527
i02o_m2,random_seed,13,6,0.8728142610529137,0.062481716098365725
i02o_m2,random_seed,13,7,0.8859624876424655,0.04932095159700625
i02o_m2,random_seed,13,8,0.8859624876424655,0.04932095159700625
i02o_m2,random_seed,13,9,0.8859624876424655,0.04932095159700625
i02o_m2,random_seed,13,10,0.8859624876424655,0.04932095159700625
i02o_m2,random_seed,13,11,0.8859624876424655,0.04932095159700625
i02o_m2,random_seed,13,12,0.8859624876424655,0.04932095159700625
i02o_m2,random_seed,13,13,0.8859624876424655,0.04932095159700625
i02o_m2,random_seed,13,14,0.8859624876424655,0.04932095159700625
i02o_m2,random_seed,13,15,0.913672342179258,0.022116556594844943
i02o_m2,random_seed,13,16,0.913672342179258,0.022116556594844943
i02o_m2,random_seed,13,17,0.913672342179258,0.022116556594844943
i02o_m2,random_seed,13,18,0.913672342179258,0.022116556594844943
i02o_m2,random_seed,13,19,0.913672342179258,0.022116556594844943
i02o_m2,random_seed,13,20,0.913672342179258,0.022116556594844943
i03o_m3,parego,11,1,0.520630581308718,0.3480126071755169
i03o_m3,parego,11,2,0.8021523640689145,0.1084491119027708
i03o_m3,parego,11,3,0.8021523640689145,0.1084491119027708
i03o_m3,parego,11,4,0.8455174274209105,0.06825531825010561
i03o_m3,parego,11,5,0.8455174274209105,0.06825531825010561
i03o_m3,parego,11,6,0.8455174274209105,0.06825531825010561
i03o_m3,parego,11,7,0.845641912010253,0.06825531825010561
i03o_m3,parego,11,8,0.845641912010253,0.06825531825010561
i03o_m3,parego,11,9,0.845641912010253,0.06825531825010561
i03o_m3,parego,11,10,0.845641912010253,0.06825531825010561
i03o_m3,parego,11,11,0.845641912010253,0.06825531825010561
i03o_m3,parego,11,12,0.845641912010253,0.06825531825010561
i03o_m3,parego,11,13,0.845641912010253,0.06825531825010561
i03o_m3,parego,11,14,0.8588874811508573,0.056108373555741886
i03o_m3,parego,11,15,0.8588874811508573,0.056108373555741886
i03o_m3,parego,11,16,0.8588874811508573,0.056108373555741886
i03o_m3,parego,11,17,0.8588874811508573,0.056108373555741886
i03o_m3,parego,11,18,0.858888775407926,0.056108373555741886
i03o_m3,parego,11,19,0.858888775407926,0.056108373555741886
i03o_m3,parego,11,20,0.858888775407926,0.056108373555741886
i03o_m3,parego,12,1,0.7843344038880916,0.11804408891778306
i03o_m3,parego,12,2,0.7843344038880916,0.11804408891778306
i03o_m3,parego,12,3,0.8150713072259141,0.09651551879993427
i03o_m3,parego,12,4,0.8150713072259141,0.09651551879993427
i03o_m3,parego,12,5,0.8150713072259141,0.09651551879993427
i03o_m3,parego,12,6,0.8162882855538813,0.09540946034872082
i03o_m3,parego,12,7,0.8306651116536983,0.08166560960118827
i03o_m3,parego,12,8,0.8495333691287035,0.06367295817660322
i03o_m3,parego,12,9,0.8495375208086461,0.06367295817660322
i03o_m3,parego,12,10,0.8589209117060423,0.05475626426440898
i03o_m3,parego,12,11,0.8589209117060423,0.05475626426440898
i03o_m3,parego,12,12,0.8602152441522483,0.056435049705010475
i03o_m3,parego,12,13,0.8602213619516133,0.056435049705010475
i03o_m3,parego,12,14,0.8602266584657959,0.056435049705010475
i03o_m3,parego,12,15,0.9104397945528931,0.009567744646453014
i03o_m3,parego,12,16,0.9254448626057439,0.008557688651999159
i03o_m3,parego,12,17,0.9254465331620748,0.00794464672398677
i03o_m3,parego,12,18,0.9254465332251534,0.00794464672398677
i03o_m3,parego,12,19,0.9257813845054413,0.00794464672398677
i03o_m3,parego,12,20,0.9257813845054413,0.00794464672398677
i03o_m3,parego,13,1,0.8244164749200795,0.08697824376204914
i03o_m3,parego,13,2,0.8246285920818598,0.08553921185363358
i03o_m3,parego,13,3,0.8246285920818598,0.08553921185363358
i03o_m3,parego,13,4,0.8246285920818598,0.08553921185363358
i03o_m3,parego,13,5,0.8249125519814606,0.08550700969951285
i03o_m3,parego,13,6,0.8477302725943845,0.06735041216601546
i03o_m3,parego,13,7,0.8484355480464767,0.06659482369402002
i03o_m3,parego,13,8,0.8531647151085052,0.06208964171220098
i03o_m3,parego,13,9,0.8592192155565176,0.05637909953964093
i03o_m3,parego,13,10,0.8863011350405078,0.033919491676763634
i03o_m3,parego,13,11,0.8863011350405078,0.033919491676763634
i03o_m3,parego,13,12,0.8917025015583897,0.02907905013041594
i03o_m3,parego,13,13,0.8917025015583897,0.02907905013041594
i03o_m3,parego,13,14,0.8917025015583897,0.02907905013041594
i03o_m3,parego,13,15,0.8917025015583897,0.02907905013041594
i03o_m3,parego,13,16,0.8917025015583897,0.02907905013041594
i03o_m3,parego,13,17,0.8917025015583897,0.02907905013041594
i03o_m3,parego,13,18,0.8917025015583897,0.02907905013041594
i03o_m3,parego,13,19,0.8922644361628014,0.022252393268866456
i03o_m3,parego,13,20,0.8922644361628014,0.022252393268866456
i03o_m3,parego_seed,11,1,0.8303577215112095,0.08210942826845598
i03o_m3,parego_seed,11,2,0.8319882161586465,0.08055726642006474
i03o_m3,parego_seed,11,3,0.8319882161586465,0.08055726642006474
i03o_m3,parego_seed,11,4,0.8455174274209105,0.06825531825010561
i03o_m3,parego_seed,11,5,0.8522358434839885,0.062010268765306555
i03o_m3,parego_seed,11,6,0.8523226448964156,0.0639146158459986
i03o_m3,parego_seed,11,7,0.8523226448964156,0.0639146158459986
i03o_m3,parego_seed,11,8,0.8523226448964156,0.0639146158459986
i03o_m3,parego_seed,11,9,0.8970044491232297,0.022195456848641805
i03o_m3,parego_seed,11,10,0.8970044491232297,0.022195456848641805
i03o_m3,parego_seed,11,11,0.9000356982685941,0.019323415757383215
i03o_m3,parego_seed,11,12,0.900407224190099,0.01898280062944818
i03o_m3,parego_seed,11,13,0.9093889989557801,0.01073947408336069
i03o_m3,parego_seed,11,14,0.9135223799704595,0.00748190415221749
i03o_m3,parego_seed,11,15,0.9135223799704595,0.00748190415221749
i03o_m3,parego_seed,11,16,0.9135223799704595,0.00748190415221749
i03o_m3,parego_seed,11,17,0.9157904488284289,0.00670552379858441
i03o_m3,parego_seed,11,18,0.9157904488284289,0.00670552379858441
i03o_m3,parego_seed,11,19,0.9157904488284289,0.00670552379858441
i03o_m3,parego_seed,11,20,0.9157904488284289,0.00670552379858441
i03o_m3,parego_seed,12,1,0.8303577215112095,0.08210942826845598
i03o_m3,parego_seed,12,2,0.8303577215112095,0.08210942826845598
i03o_m3,parego_seed,12,3,0.8310826641708655,0.08126023573661478
i03o_m3,parego_seed,12,4,0.8310826641708655,0.08126023573661478
i03o_m3,parego_seed,12,5,0.8367221390994617,0.07788327179215028
i03o_m3,parego_seed,12,6,0.8720112185156995,0.04706518589361642
i03o_m3,parego_seed,12,7,0.8720112185156995,0.04706518589361642
i03o_m3,parego_seed,12,8,0.8720112185156995,0.04706518589361642
i03o_m3,parego_seed,12,9,0.8720112185156995,0.04706518589361642
i03o_m3,parego_seed,12,10,0.8720112185156995,0.04706518589361642
i03o_m3,parego_seed,12,11,0.8720112185156995,0.04706518589361642
i03o_m3,parego_seed,12,12,0.8720112185156995,0.04706518589361642
i03o_m3,parego_seed,12,13,0.9104382268355519,0.010870285860091713
i03o_m3,parego_seed,12,14,0.9104382268355519,0.010870285860091713
i03o_m3,parego_seed,12,15,0.9104382268355519,0.010870285860091713
i03o_m3,parego_seed,12,16,0.9104382268355519,0.010870285860091713
i03o_m3,parego_seed,12,17,0.9104382268355519,0.010870285860091713
i03o_m3,parego_seed,12,18,0.9104382268355519,0.010870285860091713
i03o_m3,parego_seed,12,19,0.9104382268355519,0.010870285860091713
i03o_m3,parego_seed,12,20,0.9104382268355519,0.010870285860091713
i03o_m3,parego_seed,13,1,0.8303577215112095,0.08210942826845598
i03o_m3,parego_seed,13,2,0.8305520168183061,0.08038622148390986
i03o_m3,parego_seed,13,3,0.8305520168183061,0.08038622148390986
i03o_m3,parego_seed,13,4,0.8305520168183061,0.08038622148390986
i03o_m3,parego_seed,13,5,0.8305520168183061,0.08038622148390986
i03o_m3,parego_seed,13,6,0.8434327254618534,0.07233437353927315
i03o_m3,parego_seed,13,7,0.8518647527841839,0.06431442074613025
i03o_m3,parego_seed,13,8,0.8518647527841839,0.06431442074613025
i03o_m3,parego_seed,13,9,0.8518647527841839,0.06431442074613025
i03o_m3,parego_seed,13,10,0.8518647527841839,0.06431442074613025
i03o_m3,parego_seed,13,11,0.8532386009999221,0.06303949051038539
i03o_m3,parego_seed,13,12,0.8573294243055539,0.059125192242985604
i03o_m3,parego_seed,13,13,0.8586362647197706,0.05790257995167976
i03o_m3,parego_seed,13,14,0.8710398714159665,0.046094697659314385
i03o_m3,parego_seed,13,15,0.8710399398367841,0.046094697659314385
i03o_m3,parego_seed,13,16,0.8711213176950513,0.046094697659314385
i03o_m3,parego_seed,13,17,0.8711213176950513,0.046094697659314385
i03o_m3,parego_seed,13,18,0.9023098457646798,0.016618165920476075
i03o_m3,parego_seed,13,19,0.9023098457646798,0.016618165920476075
i03o_m3,parego_seed,13,20,0.9023098457646798,0.016618165920476075
i03o_m3,qlogehvi_mixed,11,1,0.520630581308718,0.3480126071755169
i03o_m3,qlogehvi_mixed,11,2,0.8021523640689145,0.1084491119027708
i03o_m3,qlogehvi_mixed,11,3,0.8021523640689145,0.1084491119027708
i03o_m3,qlogehvi_mixed,11,4,0.8455174274209105,0.06825531825010561
i03o_m3,qlogehvi_mixed,11,5,0.9134195755937154,0.0053804990890779295
i03o_m3,qlogehvi_mixed,11,6,0.9134195755937154,0.0053804990890779295
i03o_m3,qlogehvi_mixed,11,7,0.9152450896434778,0.011190832076645698
i03o_m3,qlogehvi_mixed,11,8,0.9152450896434778,0.011190832076645698
i03o_m3,qlogehvi_mixed,11,9,0.9152450896434778,0.011190832076645698
i03o_m3,qlogehvi_mixed,11,10,0.9152450896434778,0.011190832076645698
i03o_m3,qlogehvi_mixed,11,11,0.9152450896434778,0.011190832076645698
i03o_m3,qlogehvi_mixed,11,12,0.9152450896434778,0.011190832076645698
i03o_m3,qlogehvi_mixed,11,13,0.9152450896434778,0.011190832076645698
i03o_m3,qlogehvi_mixed,11,14,0.9152450896434778,0.011190832076645698
i03o_m3,qlogehvi_mixed,11,15,0.9214243092874171,0.010201458772566696
i03o_m3,qlogehvi_mixed,11,16,0.9214243092874171,0.010201458772566696
i03o_m3,qlogehvi_mixed,11,17,0.9214243092874171,0.010201458772566696
i03o_m3,qlogehvi_mixed,11,18,0.921436755963843,0.009730455584211616
i03o_m3,qlogehvi_mixed,11,19,0.921436755963843,0.009730455584211616
i03o_m3,qlogehvi_mixed,11,20,0.921436755963843,0.009730455584211616
i03o_m3,qlogehvi_mixed,12,1,0.7843344038880916,0.11804408891778306
i03o_m3,qlogehvi_mixed,12,2,0.7843344038880916,0.11804408891778306
i03o_m3,qlogehvi_mixed,12,3,0.8150713072259141,0.09651551879993427
i03o_m3,qlogehvi_mixed,12,4,0.8150713072259141,0.09651551879993427
i03o_m3,qlogehvi_mixed,12,5,0.8150713072259141,0.09651551879993427
i03o_m3,qlogehvi_mixed,12,6,0.8150713072259141,0.09651551879993427
i03o_m3,qlogehvi_mixed,12,7,0.8404441040891965,0.07280632756227919
i03o_m3,qlogehvi_mixed,12,8,0.8681230500705407,0.04821762656521211
i03o_m3,qlogehvi_mixed,12,9,0.913685715100638,0.0112546193641237
i03o_m3,qlogehvi_mixed,12,10,0.913685715100638,0.0112546193641237
i03o_m3,qlogehvi_mixed,12,11,0.9142541853198685,0.010202350810359242
i03o_m3,qlogehvi_mixed,12,12,0.9142541853198685,0.010202350810359242
i03o_m3,qlogehvi_mixed,12,13,0.9169758593145774,0.010352573015524216
i03o_m3,qlogehvi_mixed,12,14,0.9169760449870824,0.008916573435043543
i03o_m3,qlogehvi_mixed,12,15,0.9170837239616771,0.010901638479997342
i03o_m3,qlogehvi_mixed,12,16,0.9184107247067586,0.010488802073944021
i03o_m3,qlogehvi_mixed,12,17,0.9184615797668991,0.010096391555325358
i03o_m3,qlogehvi_mixed,12,18,0.9185540211264832,0.01096910863109166
i03o_m3,qlogehvi_mixed,12,19,0.9185771688065972,0.00910148449227377
i03o_m3,qlogehvi_mixed,12,20,0.9185771688065972,0.00910148449227377
i03o_m3,qlogehvi_mixed,13,1,0.8244164749200795,0.08697824376204914
i03o_m3,qlogehvi_mixed,13,2,0.8246285920818598,0.08553921185363358
i03o_m3,qlogehvi_mixed,13,3,0.8246285920818598,0.08553921185363358
i03o_m3,qlogehvi_mixed,13,4,0.8246285920818598,0.08553921185363358
i03o_m3,qlogehvi_mixed,13,5,0.8257778314209315,0.08496508537472773
i03o_m3,qlogehvi_mixed,13,6,0.9116804795672536,0.012279582635042812
i03o_m3,qlogehvi_mixed,13,7,0.9116804795672536,0.012279582635042812
i03o_m3,qlogehvi_mixed,13,8,0.9116804795672536,0.012279582635042812
i03o_m3,qlogehvi_mixed,13,9,0.9116804795672536,0.012279582635042812
i03o_m3,qlogehvi_mixed,13,10,0.9116804795672536,0.012279582635042812
i03o_m3,qlogehvi_mixed,13,11,0.9117453459145354,0.011777358172193789
i03o_m3,qlogehvi_mixed,13,12,0.9127216080048276,0.010972384125683611
i03o_m3,qlogehvi_mixed,13,13,0.9136599672668736,0.010923871050768485
i03o_m3,qlogehvi_mixed,13,14,0.9136599672668736,0.010923871050768485
i03o_m3,qlogehvi_mixed,13,15,0.9136599672668736,0.010923871050768485
i03o_m3,qlogehvi_mixed,13,16,0.9136599672668736,0.010923871050768485
i03o_m3,qlogehvi_mixed,13,17,0.9137634857430261,0.009760825425094644
i03o_m3,qlogehvi_mixed,13,18,0.9137634857430261,0.009760825425094644
i03o_m3,qlogehvi_mixed,13,19,0.9137634857430261,0.009760825425094644
i03o_m3,qlogehvi_mixed,13,20,0.9137634857430261,0.009760825425094644
i03o_m3,qlogehvi_mixed_seed,11,1,0.8303577215112095,0.08210942826845598
i03o_m3,qlogehvi_mixed_seed,11,2,0.8319882161586465,0.08055726642006474
i03o_m3,qlogehvi_mixed_seed,11,3,0.8319882161586465,0.08055726642006474
i03o_m3,qlogehvi_mixed_seed,11,4,0.8455174274209105,0.06825531825010561
i03o_m3,qlogehvi_mixed_seed,11,5,0.8455174274209105,0.06825531825010561
i03o_m3,qlogehvi_mixed_seed,11,6,0.8455174274209105,0.06825531825010561
i03o_m3,qlogehvi_mixed_seed,11,7,0.8455250095193362,0.06825531825010561
i03o_m3,qlogehvi_mixed_seed,11,8,0.8502603605480077,0.06377203415671542
i03o_m3,qlogehvi_mixed_seed,11,9,0.8502603605480077,0.06377203415671542
i03o_m3,qlogehvi_mixed_seed,11,10,0.8502603605480077,0.06377203415671542
i03o_m3,qlogehvi_mixed_seed,11,11,0.8739465262740539,0.04135619217537451
i03o_m3,qlogehvi_mixed_seed,11,12,0.9136599672668736,0.010923871050768485
i03o_m3,qlogehvi_mixed_seed,11,13,0.9136599672668736,0.010923871050768485
i03o_m3,qlogehvi_mixed_seed,11,14,0.9136599672668736,0.010923871050768485
i03o_m3,qlogehvi_mixed_seed,11,15,0.9136599672668736,0.010923871050768485
i03o_m3,qlogehvi_mixed_seed,11,16,0.9136599672668736,0.010923871050768485
i03o_m3,qlogehvi_mixed_seed,11,17,0.9136599672668736,0.010923871050768485
i03o_m3,qlogehvi_mixed_seed,11,18,0.9136599672668736,0.010923871050768485
i03o_m3,qlogehvi_mixed_seed,11,19,0.9136599672668736,0.010923871050768485
i03o_m3,qlogehvi_mixed_seed,11,20,0.9194492478197185,0.00925005751759615
i03o_m3,qlogehvi_mixed_seed,12,1,0.8303577215112095,0.08210942826845598
i03o_m3,qlogehvi_mixed_seed,12,2,0.8303577215112095,0.08210942826845598
i03o_m3,qlogehvi_mixed_seed,12,3,0.8310826641708655,0.08126023573661478
i03o_m3,qlogehvi_mixed_seed,12,4,0.8310826641708655,0.08126023573661478
i03o_m3,qlogehvi_mixed_seed,12,5,0.8339115762124385,0.08007716055206786
i03o_m3,qlogehvi_mixed_seed,12,6,0.8339391272052937,0.07978784111446109
i03o_m3,qlogehvi_mixed_seed,12,7,0.8632844489630608,0.051852147791724916
i03o_m3,qlogehvi_mixed_seed,12,8,0.8632849842852618,0.051852147791724916
i03o_m3,qlogehvi_mixed_seed,12,9,0.9118172347265514,0.00757614207963634
i03o_m3,qlogehvi_mixed_seed,12,10,0.9119659079876712,0.00757614207963634
i03o_m3,qlogehvi_mixed_seed,12,11,0.9119659079876712,0.00757614207963634
i03o_m3,qlogehvi_mixed_seed,12,12,0.9123128864320723,0.011480354566052758
i03o_m3,qlogehvi_mixed_seed,12,13,0.9137290993138935,0.011139123450491529
i03o_m3,qlogehvi_mixed_seed,12,14,0.9137290993138935,0.011139123450491529
i03o_m3,qlogehvi_mixed_seed,12,15,0.9137290993138935,0.011139123450491529
i03o_m3,qlogehvi_mixed_seed,12,16,0.9201512396741425,0.009694821269805209
i03o_m3,qlogehvi_mixed_seed,12,17,0.9201512396741425,0.009694821269805209
i03o_m3,qlogehvi_mixed_seed,12,18,0.9201512396741425,0.009694821269805209
i03o_m3,qlogehvi_mixed_seed,12,19,0.9201512396741425,0.009694821269805209
i03o_m3,qlogehvi_mixed_seed,12,20,0.9203636753413463,0.008135675314520243
i03o_m3,qlogehvi_mixed_seed,13,1,0.8303577215112095,0.08210942826845598
i03o_m3,qlogehvi_mixed_seed,13,2,0.8305520168183061,0.08038622148390986
i03o_m3,qlogehvi_mixed_seed,13,3,0.8305520168183061,0.08038622148390986
i03o_m3,qlogehvi_mixed_seed,13,4,0.8305520168183061,0.08038622148390986
i03o_m3,qlogehvi_mixed_seed,13,5,0.8305520168183061,0.08038622148390986
i03o_m3,qlogehvi_mixed_seed,13,6,0.8308786026293441,0.08038622148390986
i03o_m3,qlogehvi_mixed_seed,13,7,0.8316940421012678,0.07831432718411402
i03o_m3,qlogehvi_mixed_seed,13,8,0.9126393011019609,0.011520165429345489
i03o_m3,qlogehvi_mixed_seed,13,9,0.9149967726700304,0.01053523117543357
i03o_m3,qlogehvi_mixed_seed,13,10,0.9149967726700304,0.01053523117543357
i03o_m3,qlogehvi_mixed_seed,13,11,0.9149967726700304,0.01053523117543357
i03o_m3,qlogehvi_mixed_seed,13,12,0.9150142132256154,0.010489674334620716
i03o_m3,qlogehvi_mixed_seed,13,13,0.915370441166975,0.010195053508888144
i03o_m3,qlogehvi_mixed_seed,13,14,0.915370441166975,0.010195053508888144
i03o_m3,qlogehvi_mixed_seed,13,15,0.915370441166975,0.010195053508888144
i03o_m3,qlogehvi_mixed_seed,13,16,0.915370441166975,0.010195053508888144
i03o_m3,qlogehvi_mixed_seed,13,17,0.915370441166975,0.010195053508888144
i03o_m3,qlogehvi_mixed_seed,13,18,0.915370441166975,0.010195053508888144
i03o_m3,qlogehvi_mixed_seed,13,19,0.915370441166975,0.010195053508888144
i03o_m3,qlogehvi_mixed_seed,13,20,0.916252286747886,0.009920452179119802
i03o_m3,random,11,1,0.520630581308718,0.3480126071755169
i03o_m3,random,11,2,0.8021523640689145,0.1084491119027708
i03o_m3,random,11,3,0.8021523640689145,0.1084491119027708
i03o_m3,random,11,4,0.8455174274209105,0.06825531825010561
i03o_m3,random,11,5,0.8455174274209105,0.06825531825010561
i03o_m3,random,11,6,0.8455174274209105,0.06825531825010561
i03o_m3,random,11,7,0.8455174274209105,0.06825531825010561
i03o_m3,random,11,8,0.8455174274209105,0.06825531825010561
i03o_m3,random,11,9,0.8595260966694651,0.05495850415854121
i03o_m3,random,11,10,0.8595260966694651,0.05495850415854121
i03o_m3,random,11,11,0.8595260966694651,0.05495850415854121
i03o_m3,random,11,12,0.8595260966694651,0.05495850415854121
i03o_m3,random,11,13,0.8597515545005704,0.05495850415854121
i03o_m3,random,11,14,0.8597515545005704,0.05495850415854121
i03o_m3,random,11,15,0.8597515545005704,0.05495850415854121
i03o_m3,random,11,16,0.8597515545005704,0.05495850415854121
i03o_m3,random,11,17,0.8597515545005704,0.05495850415854121
i03o_m3,random,11,18,0.8597515545005704,0.05495850415854121
i03o_m3,random,11,19,0.8597515545005704,0.05495850415854121
i03o_m3,random,11,20,0.8597515545005704,0.05495850415854121
i03o_m3,random,12,1,0.7843344038880916,0.11804408891778306
i03o_m3,random,12,2,0.7843344038880916,0.11804408891778306
i03o_m3,random,12,3,0.8150713072259141,0.09651551879993427
i03o_m3,random,12,4,0.8150713072259141,0.09651551879993427
i03o_m3,random,12,5,0.8150713072259141,0.09651551879993427
i03o_m3,random,12,6,0.8150713072259141,0.09651551879993427
i03o_m3,random,12,7,0.8150713072259141,0.09651551879993427
i03o_m3,random,12,8,0.8150713072259141,0.09651551879993427
i03o_m3,random,12,9,0.8191131504855568,0.09276012684928224
i03o_m3,random,12,10,0.8191131504855568,0.09276012684928224
i03o_m3,random,12,11,0.8191802381052491,0.09274832107963807
i03o_m3,random,12,12,0.8191802381052491,0.09274832107963807
i03o_m3,random,12,13,0.8191802381052491,0.09274832107963807
i03o_m3,random,12,14,0.8193658694422479,0.0926826587799574
i03o_m3,random,12,15,0.8193658694422479,0.0926826587799574
i03o_m3,random,12,16,0.8193658694422479,0.0926826587799574
i03o_m3,random,12,17,0.820331056244363,0.09171585870251239
i03o_m3,random,12,18,0.820331056244363,0.09171585870251239
i03o_m3,random,12,19,0.8429034257678881,0.07071851233833402
i03o_m3,random,12,20,0.8429034257678881,0.07071851233833402
i03o_m3,random,13,1,0.8244164749200795,0.08697824376204914
i03o_m3,random,13,2,0.8246285920818598,0.08553921185363358
i03o_m3,random,13,3,0.8246285920818598,0.08553921185363358
i03o_m3,random,13,4,0.8246285920818598,0.08553921185363358
i03o_m3,random,13,5,0.8246285920818598,0.08553921185363358
i03o_m3,random,13,6,0.8522582096357415,0.059440359951676576
i03o_m3,random,13,7,0.8531840346369214,0.059440359951676576
i03o_m3,random,13,8,0.8531840346369214,0.059440359951676576
i03o_m3,random,13,9,0.8531840346369214,0.059440359951676576
i03o_m3,random,13,10,0.8531840346369214,0.059440359951676576
i03o_m3,random,13,11,0.8531840346369214,0.059440359951676576
i03o_m3,random,13,12,0.8531840346369214,0.059440359951676576
i03o_m3,random,13,13,0.8531840346369214,0.059440359951676576
i03o_m3,random,13,14,0.8531840346369214,0.059440359951676576
i03o_m3,random,13,15,0.8791353146440356,0.03995834143198004
i03o_m3,random,13,16,0.8791612148067853,0.037896423504755625
i03o_m3,random,13,17,0.8791612148067853,0.037896423504755625
i03o_m3,random,13,18,0.8791612148067853,0.037896423504755625
i03o_m3,random,13,19,0.8791612148067853,0.037896423504755625
i03o_m3,random,13,20,0.8791612148067853,0.037896423504755625
i03o_m3,random_seed,11,1,0.8303577215112095,0.08210942826845598
i03o_m3,random_seed,11,2,0.8319882161586465,0.08055726642006474
i03o_m3,random_seed,11,3,0.8319882161586465,0.08055726642006474
i03o_m3,random_seed,11,4,0.8455174274209105,0.06825531825010561
i03o_m3,random_seed,11,5,0.8455174274209105,0.06825531825010561
i03o_m3,random_seed,11,6,0.8455174274209105,0.06825531825010561
i03o_m3,random_seed,11,7,0.8455174274209105,0.06825531825010561
i03o_m3,random_seed,11,8,0.8455174274209105,0.06825531825010561
i03o_m3,random_seed,11,9,0.8595260966694651,0.05495850415854121
i03o_m3,random_seed,11,10,0.8595260966694651,0.05495850415854121
i03o_m3,random_seed,11,11,0.8595260966694651,0.05495850415854121
i03o_m3,random_seed,11,12,0.8595260966694651,0.05495850415854121
i03o_m3,random_seed,11,13,0.8597515545005704,0.05495850415854121
i03o_m3,random_seed,11,14,0.8597515545005704,0.05495850415854121
i03o_m3,random_seed,11,15,0.8597515545005704,0.05495850415854121
i03o_m3,random_seed,11,16,0.8597515545005704,0.05495850415854121
i03o_m3,random_seed,11,17,0.8597515545005704,0.05495850415854121
i03o_m3,random_seed,11,18,0.8597515545005704,0.05495850415854121
i03o_m3,random_seed,11,19,0.8597515545005704,0.05495850415854121
i03o_m3,random_seed,11,20,0.8597515545005704,0.05495850415854121
i03o_m3,random_seed,12,1,0.8303577215112095,0.08210942826845598
i03o_m3,random_seed,12,2,0.8303577215112095,0.08210942826845598
i03o_m3,random_seed,12,3,0.8310826641708655,0.08126023573661478
i03o_m3,random_seed,12,4,0.8310826641708655,0.08126023573661478
i03o_m3,random_seed,12,5,0.8310826641708655,0.08126023573661478
i03o_m3,random_seed,12,6,0.8310826641708655,0.08126023573661478
i03o_m3,random_seed,12,7,0.8310826641708655,0.08126023573661478
i03o_m3,random_seed,12,8,0.8310826641708655,0.08126023573661478
i03o_m3,random_seed,12,9,0.8310826641708655,0.08126023573661478
i03o_m3,random_seed,12,10,0.8310826641708655,0.08126023573661478
i03o_m3,random_seed,12,11,0.8311497517905578,0.08124842996697063
i03o_m3,random_seed,12,12,0.8311497517905578,0.08124842996697063
i03o_m3,random_seed,12,13,0.8311497517905578,0.08124842996697063
i03o_m3,random_seed,12,14,0.8313353831275565,0.08118276766728995
i03o_m3,random_seed,12,15,0.8313353831275565,0.08118276766728995
i03o_m3,random_seed,12,16,0.8313353831275565,0.08118276766728995
i03o_m3,random_seed,12,17,0.8313353831275565,0.08118276766728995
i03o_m3,random_seed,12,18,0.8313353831275565,0.08118276766728995
i03o_m3,random_seed,12,19,0.842904825187959,0.07071851233833402
i03o_m3,random_seed,12,20,0.842904825187959,0.07071851233833402
i03o_m3,random_seed,13,1,0.8303577215112095,0.08210942826845598
i03o_m3,random_seed,13,2,0.8305520168183061,0.08038622148390986
i03o_m3,random_seed,13,3,0.8305520168183061,0.08038622148390986
i03o_m3,random_seed,13,4,0.8305520168183061,0.08038622148390986
i03o_m3,random_seed,13,5,0.8305520168183061,0.08038622148390986
i03o_m3,random_seed,13,6,0.8528318850934676,0.059440359951676576
i03o_m3,random_seed,13,7,0.8531840346369214,0.059440359951676576
i03o_m3,random_seed,13,8,0.8531840346369214,0.059440359951676576
i03o_m3,random_seed,13,9,0.8531840346369214,0.059440359951676576
i03o_m3,random_seed,13,10,0.8531840346369214,0.059440359951676576
i03o_m3,random_seed,13,11,0.8531840346369214,0.059440359951676576
i03o_m3,random_seed,13,12,0.8531840346369214,0.059440359951676576
i03o_m3,random_seed,13,13,0.8531840346369214,0.059440359951676576
i03o_m3,random_seed,13,14,0.8531840346369214,0.059440359951676576
i03o_m3,random_seed,13,15,0.8791353146440356,0.03995834143198004
i03o_m3,random_seed,13,16,0.8791612148067853,0.037896423504755625
i03o_m3,random_seed,13,17,0.8791612148067853,0.037896423504755625
i03o_m3,random_seed,13,18,0.8791612148067853,0.037896423504755625
i03o_m3,random_seed,13,19,0.8791612148067853,0.037896423504755625
i03o_m3,random_seed,13,20,0.8791612148067853,0.037896423504755625
i04o_m4,parego,11,1,0.7442584356972605,0.1536121352018162
i04o_m4,parego,11,2,0.8012236847589368,0.12377048798989351
i04o_m4,parego,11,3,0.8012236847589368,0.12377048798989351
i04o_m4,parego,11,4,0.8331133733018045,0.09552770922905005
i04o_m4,parego,11,5,0.8486541573957347,0.0801049199607369
i04o_m4,parego,11,6,0.8900294262023567,0.039580289251837764
i04o_m4,parego,11,7,0.9128428148475315,0.017433784710813006
i04o_m4,parego,11,8,0.9128428148475315,0.017433784710813006
i04o_m4,parego,11,9,0.9128428148475315,0.017433784710813006
i04o_m4,parego,11,10,0.9128428148475315,0.017433784710813006
i04o_m4,parego,11,11,0.9128478935398893,0.017433784710813006
i04o_m4,parego,11,12,0.9128478935398893,0.017433784710813006
i04o_m4,parego,11,13,0.9199406532287085,0.010339151558571992
i04o_m4,parego,11,14,0.9199406532287085,0.010339151558571992
i04o_m4,parego,11,15,0.9229210930888866,0.007361540091619113
i04o_m4,parego,11,16,0.9229212631957916,0.007361540091619113
i04o_m4,parego,11,17,0.9229236837615777,0.007361540091619113
i04o_m4,parego,11,18,0.9229236837615777,0.007361540091619113
i04o_m4,parego,11,19,0.9229236837615777,0.007361540091619113
i04o_m4,parego,11,20,0.9229236837615777,0.007361540091619113
i04o_m4,parego,12,1,0.7918766130306936,0.133643605586238
i04o_m4,parego,12,2,0.7918766130306936,0.133643605586238
i04o_m4,parego,12,3,0.793954384929909,0.133643605586238
i04o_m4,parego,12,4,0.793954384929909,0.133643605586238
i04o_m4,parego,12,5,0.793954384929909,0.133643605586238
i04o_m4,parego,12,6,0.8504180863058097,0.07760899458930197
i04o_m4,parego,12,7,0.8555325307201542,0.07293603749727884
i04o_m4,parego,12,8,0.8644563364871344,0.06428971275166424
i04o_m4,parego,12,9,0.8644563364871344,0.06428971275166424
i04o_m4,parego,12,10,0.8647153586684703,0.06428971275166424
i04o_m4,parego,12,11,0.8647153586684703,0.06428971275166424
i04o_m4,parego,12,12,0.8647153586684703,0.06428971275166424
i04o_m4,parego,12,13,0.8647169038944176,0.06428971275166424
i04o_m4,parego,12,14,0.8647169038944176,0.06428971275166424
i04o_m4,parego,12,15,0.8647169038944176,0.06428971275166424
i04o_m4,parego,12,16,0.8647169038944176,0.06428971275166424
i04o_m4,parego,12,17,0.8647169038944176,0.06428971275166424
i04o_m4,parego,12,18,0.8647169038944176,0.06428971275166424
i04o_m4,parego,12,19,0.8647169038944176,0.06428971275166424
i04o_m4,parego,12,20,0.8647169038944176,0.06428971275166424
i04o_m4,parego,13,1,0.8548463972268641,0.07241352160127942
i04o_m4,parego,13,2,0.8549133638068438,0.07241352160127942
i04o_m4,parego,13,3,0.8549133638068438,0.07241352160127942
i04o_m4,parego,13,4,0.8549133638068438,0.07241352160127942
i04o_m4,parego,13,5,0.8565752169215877,0.07241352160127942
i04o_m4,parego,13,6,0.8565843629107796,0.07241352160127942
i04o_m4,parego,13,7,0.8565848641915043,0.07241352160127942
i04o_m4,parego,13,8,0.8568884891738908,0.07241352160127942
i04o_m4,parego,13,9,0.8833716055398806,0.045867949085568585
i04o_m4,parego,13,10,0.8833716055398806,0.045867949085568585
i04o_m4,parego,13,11,0.8833716055398806,0.045867949085568585
i04o_m4,parego,13,12,0.9333310493801836,0.003235210622966897
i04o_m4,parego,13,13,0.9333310493801836,0.003235210622966897
i04o_m4,parego,13,14,0.9333310493801836,0.003235210622966897
i04o_m4,parego,13,15,0.933421324202569,0.002038956292164653
i04o_m4,parego,13,16,0.933421324202569,0.002038956292164653
i04o_m4,parego,13,17,0.933421324202569,0.002038956292164653
i04o_m4,parego,13,18,0.933421324202569,0.002038956292164653
i04o_m4,parego,13,19,0.933421324202569,0.002038956292164653
i04o_m4,parego,13,20,0.9334314252674495,0.0016230019832932925
i04o_m4,parego_seed,11,1,0.8273217054338899,0.10074889899235293
i04o_m4,parego_seed,11,2,0.8273217054338899,0.10074889899235293
i04o_m4,parego_seed,11,3,0.8273217054338899,0.10074889899235293
i04o_m4,parego_seed,11,4,0.8331133733018045,0.09552770922905005
i04o_m4,parego_seed,11,5,0.8331754378714069,0.09552770922905005
i04o_m4,parego_seed,11,6,0.8332183510002598,0.09552770922905005
i04o_m4,parego_seed,11,7,0.8332183510002598,0.09552770922905005
i04o_m4,parego_seed,11,8,0.8332183510002598,0.09552770922905005
i04o_m4,parego_seed,11,9,0.8332183510002598,0.09552770922905005
i04o_m4,parego_seed,11,10,0.8724284509694152,0.05701836794232629
i04o_m4,parego_seed,11,11,0.8724284509694152,0.05701836794232629
i04o_m4,parego_seed,11,12,0.8724731551293853,0.05701836794232629
i04o_m4,parego_seed,11,13,0.9271906592726281,0.0038805704943965236
i04o_m4,parego_seed,11,14,0.9271906592726281,0.0038805704943965236
i04o_m4,parego_seed,11,15,0.9271906592726281,0.0038805704943965236
i04o_m4,parego_seed,11,16,0.9271906592726281,0.0038805704943965236
i04o_m4,parego_seed,11,17,0.9271910390721393,0.0038805704943965236
i04o_m4,parego_seed,11,18,0.927196937356025,0.0038805704943965236
i04o_m4,parego_seed,11,19,0.927196937356025,0.0038805704943965236
i04o_m4,parego_seed,11,20,0.927196937356025,0.0038805704943965236
i04o_m4,parego_seed,12,1,0.8273217054338899,0.10074889899235293
i04o_m4,parego_seed,12,2,0.8273217054338899,0.10074889899235293
i04o_m4,parego_seed,12,3,0.8273217054338899,0.10074889899235293
i04o_m4,parego_seed,12,4,0.8273217054338899,0.10074889899235293
i04o_m4,parego_seed,12,5,0.8276071401690465,0.10074889899235293
i04o_m4,parego_seed,12,6,0.8355608297035109,0.09327249795766757
i04o_m4,parego_seed,12,7,0.8356140595068245,0.09327249795766757
i04o_m4,parego_seed,12,8,0.8824650761885384,0.04631222096562297
i04o_m4,parego_seed,12,9,0.88289927319073,0.04631222096562297
i04o_m4,parego_seed,12,10,0.9091618066238861,0.020348969835661708
i04o_m4,parego_seed,12,11,0.9091618073616603,0.020348969835661708
i04o_m4,parego_seed,12,12,0.9091743954299227,0.020348969835661708
i04o_m4,parego_seed,12,13,0.9092934304835698,0.020348969835661708
i04o_m4,parego_seed,12,14,0.9095085317355955,0.020348969835661708
i04o_m4,parego_seed,12,15,0.9095085317355955,0.020348969835661708
i04o_m4,parego_seed,12,16,0.9112328583537078,0.018784249329656146
i04o_m4,parego_seed,12,17,0.9112328583537078,0.018784249329656146
i04o_m4,parego_seed,12,18,0.9112328583537078,0.018784249329656146
i04o_m4,parego_seed,12,19,0.9112328583537078,0.018784249329656146
i04o_m4,parego_seed,12,20,0.9112328583537078,0.018784249329656146
i04o_m4,parego_seed,13,1,0.8273217054338899,0.10074889899235293
i04o_m4,parego_seed,13,2,0.8273217054338899,0.10074889899235293
i04o_m4,parego_seed,13,3,0.8273217054338899,0.10074889899235293
i04o_m4,parego_seed,13,4,0.8273217054338899,0.10074889899235293
i04o_m4,parego_seed,13,5,0.8745694858830931,0.05494719532038343
i04o_m4,parego_seed,13,6,0.8747192739720598,0.05494719532038343
i04o_m4,parego_seed,13,7,0.8747192739720598,0.05494719532038343
i04o_m4,parego_seed,13,8,0.8747192739720598,0.05494719532038343
i04o_m4,parego_seed,13,9,0.909429527071746,0.020348969835661708
i04o_m4,parego_seed,13,10,0.909429527071746,0.020348969835661708
i04o_m4,parego_seed,13,11,0.909429527071746,0.020348969835661708
i04o_m4,parego_seed,13,12,0.909429527071746,0.020348969835661708
i04o_m4,parego_seed,13,13,0.909429527071746,0.020348969835661708
i04o_m4,parego_seed,13,14,0.9191717535325983,0.010950044339916502
i04o_m4,parego_seed,13,15,0.9191717535325983,0.010950044339916502
i04o_m4,parego_seed,13,16,0.9191717535325983,0.010950044339916502
i04o_m4,parego_seed,13,17,0.9243949693517078,0.005949607737391266
i04o_m4,parego_seed,13,18,0.9243949693517078,0.005949607737391266
i04o_m4,parego_seed,13,19,0.9243949693517078,0.005949607737391266
i04o_m4,parego_seed,13,20,0.9340432905620798,0.0016456301628938208
i04o_m4,qlogehvi_mixed,11,1,0.7442584356972605,0.1536121352018162
i04o_m4,qlogehvi_mixed,11,2,0.8012236847589368,0.12377048798989351
i04o_m4,qlogehvi_mixed,11,3,0.8012236847589368,0.12377048798989351
i04o_m4,qlogehvi_mixed,11,4,0.8331133733018045,0.09552770922905005
i04o_m4,qlogehvi_mixed,11,5,0.9264306684540872,0.004199585434067474
i04o_m4,qlogehvi_mixed,11,6,0.9264306684540872,0.004199585434067474
i04o_m4,qlogehvi_mixed,11,7,0.9283844558551281,0.002896843469213638
i04o_m4,qlogehvi_mixed,11,8,0.9283844558551281,0.002896843469213638
i04o_m4,qlogehvi_mixed,11,9,0.9283844558551281,0.002896843469213638
i04o_m4,qlogehvi_mixed,11,10,0.9283844558551281,0.002896843469213638
i04o_m4,qlogehvi_mixed,11,11,0.9283844558551281,0.002896843469213638
i04o_m4,qlogehvi_mixed,11,12,0.931291876108767,0.0011507097306707832
i04o_m4,qlogehvi_mixed,11,13,0.9312919312754196,0.0011507097306707832
i04o_m4,qlogehvi_mixed,11,14,0.9332343960419794,0.0006810237151156065
i04o_m4,qlogehvi_mixed,11,15,0.9332634226550062,0.0006288971162873785
i04o_m4,qlogehvi_mixed,11,16,0.9333141534243286,0.001138807948766247
i04o_m4,qlogehvi_mixed,11,17,0.9333141534243286,0.001138807948766247
i04o_m4,qlogehvi_mixed,11,18,0.9333141534243286,0.001138807948766247
i04o_m4,qlogehvi_mixed,11,19,0.9333141534243286,0.001138807948766247
i04o_m4,qlogehvi_mixed,11,20,0.9333141534243286,0.001138807948766247
i04o_m4,qlogehvi_mixed,12,1,0.7918766130306936,0.133643605586238
i04o_m4,qlogehvi_mixed,12,2,0.7918766130306936,0.133643605586238
i04o_m4,qlogehvi_mixed,12,3,0.793954384929909,0.133643605586238
i04o_m4,qlogehvi_mixed,12,4,0.793954384929909,0.133643605586238
i04o_m4,qlogehvi_mixed,12,5,0.7939581853823316,0.133643605586238
i04o_m4,qlogehvi_mixed,12,6,0.7939581853823316,0.133643605586238
i04o_m4,qlogehvi_mixed,12,7,0.7939581853823316,0.133643605586238
i04o_m4,qlogehvi_mixed,12,8,0.8593299419469472,0.06974578710977324
i04o_m4,qlogehvi_mixed,12,9,0.8595449699763319,0.06974578710977324
i04o_m4,qlogehvi_mixed,12,10,0.85964764387089,0.06974578710977324
i04o_m4,qlogehvi_mixed,12,11,0.9297704124301015,0.002873879275270914
i04o_m4,qlogehvi_mixed,12,12,0.9299371475384645,0.0018480298597353985
i04o_m4,qlogehvi_mixed,12,13,0.9299371475384645,0.0018480298597353985
i04o_m4,qlogehvi_mixed,12,14,0.9299371475384645,0.0018480298597353985
i04o_m4,qlogehvi_mixed,12,15,0.9305401603899748,0.0014302799436515805
i04o_m4,qlogehvi_mixed,12,16,0.9305402450418967,0.0014302799436515805
i04o_m4,qlogehvi_mixed,12,17,0.9313977335858104,0.0010863559646121386
i04o_m4,qlogehvi_mixed,12,18,0.9313983045581417,0.0009611415026331853
i04o_m4,qlogehvi_mixed,12,19,0.9314037018557664,0.0009611415026331853
i04o_m4,qlogehvi_mixed,12,20,0.9314037018557664,0.0009611415026331853
i04o_m4,qlogehvi_mixed,13,1,0.8548463972268641,0.07241352160127942
i04o_m4,qlogehvi_mixed,13,2,0.8549133638068438,0.07241352160127942
i04o_m4,qlogehvi_mixed,13,3,0.8549133638068438,0.07241352160127942
i04o_m4,qlogehvi_mixed,13,4,0.8549133638068438,0.07241352160127942
i04o_m4,qlogehvi_mixed,13,5,0.8553573343180146,0.07241352160127942
i04o_m4,qlogehvi_mixed,13,6,0.8562230789050564,0.07241352160127942
i04o_m4,qlogehvi_mixed,13,7,0.8562230789050564,0.07241352160127942
i04o_m4,qlogehvi_mixed,13,8,0.8563161113636906,0.07241352160127942
i04o_m4,qlogehvi_mixed,13,9,0.8563161113636906,0.07241352160127942
i04o_m4,qlogehvi_mixed,13,10,0.8563161113636906,0.07241352160127942
i04o_m4,qlogehvi_mixed,13,11,0.8564942177981157,0.07223022277125556
i04o_m4,qlogehvi_mixed,13,12,0.8602334076327253,0.06849288696333738
i04o_m4,qlogehvi_mixed,13,13,0.8621344138550611,0.06694637512757746
i04o_m4,qlogehvi_mixed,13,14,0.9192215675090663,0.01000317179353007
i04o_m4,qlogehvi_mixed,13,15,0.9305745319118311,0.002565696522276619
i04o_m4,qlogehvi_mixed,13,16,0.9305745319118311,0.002565696522276619
i04o_m4,qlogehvi_mixed,13,17,0.9332857589924929,0.001741140297876378
i04o_m4,qlogehvi_mixed,13,18,0.9332857589924929,0.001741140297876378
i04o_m4,qlogehvi_mixed,13,19,0.9333957697019628,0.0021575389697675203
i04o_m4,qlogehvi_mixed,13,20,0.9334317594860116,0.0007203552208976894
i04o_m4,qlogehvi_mixed_seed,11,1,0.8273217054338899,0.10074889899235293
i04o_m4,qlogehvi_mixed_seed,11,2,0.8273217054338899,0.10074889899235293
i04o_m4,qlogehvi_mixed_seed,11,3,0.8273217054338899,0.10074889899235293
i04o_m4,qlogehvi_mixed_seed,11,4,0.8331133733018045,0.09552770922905005
i04o_m4,qlogehvi_mixed_seed,11,5,0.8331133733018045,0.09552770922905005
i04o_m4,qlogehvi_mixed_seed,11,6,0.8496176850096764,0.07929837200419043
i04o_m4,qlogehvi_mixed_seed,11,7,0.8499213585721547,0.07929837200419043
i04o_m4,qlogehvi_mixed_seed,11,8,0.8499213585721547,0.07929837200419043
i04o_m4,qlogehvi_mixed_seed,11,9,0.8499312244596943,0.07929837200419043
i04o_m4,qlogehvi_mixed_seed,11,10,0.8499312244596943,0.07929837200419043
i04o_m4,qlogehvi_mixed_seed,11,11,0.849967339774637,0.07929837200419043
i04o_m4,qlogehvi_mixed_seed,11,12,0.9252841989178938,0.005068750469479659
i04o_m4,qlogehvi_mixed_seed,11,13,0.9306340015577543,0.001366026247837448
i04o_m4,qlogehvi_mixed_seed,11,14,0.9306340015577543,0.001366026247837448
i04o_m4,qlogehvi_mixed_seed,11,15,0.930706642472264,0.0012737805265911075
i04o_m4,qlogehvi_mixed_seed,11,16,0.9307892522868334,0.0011821842157026736
i04o_m4,qlogehvi_mixed_seed,11,17,0.9307892522868334,0.0011821842157026736
i04o_m4,qlogehvi_mixed_seed,11,18,0.9307893449872173,0.0011821842157026736
i04o_m4,qlogehvi_mixed_seed,11,19,0.9307893449872173,0.0011821842157026736
i04o_m4,qlogehvi_mixed_seed,11,20,0.9307893449872173,0.0011821842157026736
i04o_m4,qlogehvi_mixed_seed,12,1,0.8273217054338899,0.10074889899235293
i04o_m4,qlogehvi_mixed_seed,12,2,0.8273217054338899,0.10074889899235293
i04o_m4,qlogehvi_mixed_seed,12,3,0.8273217054338899,0.10074889899235293
i04o_m4,qlogehvi_mixed_seed,12,4,0.8273217054338899,0.10074889899235293
i04o_m4,qlogehvi_mixed_seed,12,5,0.8275036782875168,0.10074889899235293
i04o_m4,qlogehvi_mixed_seed,12,6,0.8275036782875168,0.10074889899235293
i04o_m4,qlogehvi_mixed_seed,12,7,0.8443765715170094,0.08427993011443351
i04o_m4,qlogehvi_mixed_seed,12,8,0.8443765715170094,0.08427993011443351
i04o_m4,qlogehvi_mixed_seed,12,9,0.8627341786750022,0.06643894587507529
i04o_m4,qlogehvi_mixed_seed,12,10,0.8778424780826972,0.051348209810098036
i04o_m4,qlogehvi_mixed_seed,12,11,0.9155440804251552,0.014151797606931993
i04o_m4,qlogehvi_mixed_seed,12,12,0.9155440804251552,0.014151797606931993
i04o_m4,qlogehvi_mixed_seed,12,13,0.9248474755940813,0.005576089815235262
i04o_m4,qlogehvi_mixed_seed,12,14,0.9248474755940813,0.005576089815235262
i04o_m4,qlogehvi_mixed_seed,12,15,0.9248474755940813,0.005576089815235262
i04o_m4,qlogehvi_mixed_seed,12,16,0.9248474755940813,0.005576089815235262
i04o_m4,qlogehvi_mixed_seed,12,17,0.9298317174998519,0.002087704860524761
i04o_m4,qlogehvi_mixed_seed,12,18,0.9321875993030446,0.0010957368840007198
i04o_m4,qlogehvi_mixed_seed,12,19,0.9321875993030446,0.0010957368840007198
i04o_m4,qlogehvi_mixed_seed,12,20,0.9322224039374262,0.0008717566272424211
i04o_m4,qlogehvi_mixed_seed,13,1,0.8273217054338899,0.10074889899235293
i04o_m4,qlogehvi_mixed_seed,13,2,0.8273217054338899,0.10074889899235293
i04o_m4,qlogehvi_mixed_seed,13,3,0.8273217054338899,0.10074889899235293
i04o_m4,qlogehvi_mixed_seed,13,4,0.8273217054338899,0.10074889899235293
i04o_m4,qlogehvi_mixed_seed,13,5,0.8279303490945689,0.10074889899235293
i04o_m4,qlogehvi_mixed_seed,13,6,0.8542455800166802,0.07448087928309186
i04o_m4,qlogehvi_mixed_seed,13,7,0.8543375058601981,0.07448087928309186
i04o_m4,qlogehvi_mixed_seed,13,8,0.8896565996243331,0.03994971079450521
i04o_m4,qlogehvi_mixed_seed,13,9,0.8896565996243331,0.03994971079450521
i04o_m4,qlogehvi_mixed_seed,13,10,0.9296888837011559,0.002873879275270914
i04o_m4,qlogehvi_mixed_seed,13,11,0.9296888837011559,0.002873879275270914
i04o_m4,qlogehvi_mixed_seed,13,12,0.9296888837011559,0.002873879275270914
i04o_m4,qlogehvi_mixed_seed,13,13,0.9296888837011559,0.002873879275270914
i04o_m4,qlogehvi_mixed_seed,13,14,0.9296888837011559,0.002873879275270914
i04o_m4,qlogehvi_mixed_seed,13,15,0.9296888837011559,0.002873879275270914
i04o_m4,qlogehvi_mixed_seed,13,16,0.9298317174998519,0.002087704860524761
i04o_m4,qlogehvi_mixed_seed,13,17,0.9298317174998519,0.002087704860524761
i04o_m4,qlogehvi_mixed_seed,13,18,0.9298317174998519,0.002087704860524761
i04o_m4,qlogehvi_mixed_seed,13,19,0.9298317174998519,0.002087704860524761
i04o_m4,qlogehvi_mixed_seed,13,20,0.9298317174998519,0.002087704860524761
i04o_m4,random,11,1,0.7442584356972605,0.1536121352018162
i04o_m4,random,11,2,0.8012236847589368,0.12377048798989351
i04o_m4,random,11,3,0.8012236847589368,0.12377048798989351
i04o_m4,random,11,4,0.8331133733018045,0.09552770922905005
i04o_m4,random,11,5,0.8331133733018045,0.09552770922905005
i04o_m4,random,11,6,0.8892658648195587,0.040055676713029495
i04o_m4,random,11,7,0.8892658648195587,0.040055676713029495
i04o_m4,random,11,8,0.8892658648195587,0.040055676713029495
i04o_m4,random,11,9,0.8892658648195587,0.040055676713029495
i04o_m4,random,11,10,0.8892658648195587,0.040055676713029495
i04o_m4,random,11,11,0.8892658648195587,0.040055676713029495
i04o_m4,random,11,12,0.8892658648195587,0.040055676713029495
i04o_m4,random,11,13,0.8892658648195587,0.040055676713029495
i04o_m4,random,11,14,0.8892658648195587,0.040055676713029495
i04o_m4,random,11,15,0.8892658648195587,0.040055676713029495
i04o_m4,random,11,16,0.8892658648195587,0.040055676713029495
i04o_m4,random,11,17,0.8892658648195587,0.040055676713029495
i04o_m4,random,11,18,0.8892658648195587,0.040055676713029495
i04o_m4,random,11,19,0.8892658648195587,0.040055676713029495
i04o_m4,random,11,20,0.8892658648195587,0.040055676713029495
i04o_m4,random,12,1,0.7918766130306936,0.133643605586238
i04o_m4,random,12,2,0.7918766130306936,0.133643605586238
i04o_m4,random,12,3,0.793954384929909,0.133643605586238
i04o_m4,random,12,4,0.793954384929909,0.133643605586238
i04o_m4,random,12,5,0.793954384929909,0.133643605586238
i04o_m4,random,12,6,0.8005160022564759,0.1306873404020048
i04o_m4,random,12,7,0.8005160022564759,0.1306873404020048
i04o_m4,random,12,8,0.8005160022564759,0.1306873404020048
i04o_m4,random,12,9,0.8010225756309126,0.12651790800905177
i04o_m4,random,12,10,0.8010225756309126,0.12651790800905177
i04o_m4,random,12,11,0.8013562097033331,0.12651790800905177
i04o_m4,random,12,12,0.8013562097033331,0.12651790800905177
i04o_m4,random,12,13,0.8636005049514233,0.06397537784072115
i04o_m4,random,12,14,0.8636149581740308,0.06397537784072115
i04o_m4,random,12,15,0.8636149581740308,0.06397537784072115
i04o_m4,random,12,16,0.8636149581740308,0.06397537784072115
i04o_m4,random,12,17,0.8636149581740308,0.06397537784072115
i04o_m4,random,12,18,0.8636149581740308,0.06397537784072115
i04o_m4,random,12,19,0.8640047838632238,0.06397537784072115
i04o_m4,random,12,20,0.8640047838632238,0.06397537784072115
i04o_m4,random,13,1,0.8548463972268641,0.07241352160127942
i04o_m4,random,13,2,0.8549133638068438,0.07241352160127942
i04o_m4,random,13,3,0.8549133638068438,0.07241352160127942
i04o_m4,random,13,4,0.8549133638068438,0.07241352160127942
i04o_m4,random,13,5,0.8549133638068438,0.07241352160127942
i04o_m4,random,13,6,0.8676138036824942,0.06220523966794568
i04o_m4,random,13,7,0.8676138036824942,0.06220523966794568
i04o_m4,random,13,8,0.8676138036824942,0.06220523966794568
i04o_m4,random,13,9,0.8676138036824942,0.06220523966794568
i04o_m4,random,13,10,0.8676138036824942,0.06220523966794568
i04o_m4,random,13,11,0.8676138036824942,0.06220523966794568
i04o_m4,random,13,12,0.8676138036824942,0.06220523966794568
i04o_m4,random,13,13,0.8676138036824942,0.06220523966794568
i04o_m4,random,13,14,0.8676138036824942,0.06220523966794568
i04o_m4,random,13,15,0.8876857719915177,0.04221156367023856
i04o_m4,random,13,16,0.8876857719915177,0.04221156367023856
i04o_m4,random,13,17,0.8876857719915177,0.04221156367023856
i04o_m4,random,13,18,0.8876857719915177,0.04221156367023856
i04o_m4,random,13,19,0.8876857719915177,0.04221156367023856
i04o_m4,random,13,20,0.8876857719915177,0.04221156367023856
i04o_m4,random_seed,11,1,0.8273217054338899,0.10074889899235293
i04o_m4,random_seed,11,2,0.8273217054338899,0.10074889899235293
i04o_m4,random_seed,11,3,0.8273217054338899,0.10074889899235293
i04o_m4,random_seed,11,4,0.8331133733018045,0.09552770922905005
i04o_m4,random_seed,11,5,0.8331133733018045,0.09552770922905005
i04o_m4,random_seed,11,6,0.8892658648195587,0.040055676713029495
i04o_m4,random_seed,11,7,0.8892658648195587,0.040055676713029495
i04o_m4,random_seed,11,8,0.8892658648195587,0.040055676713029495
i04o_m4,random_seed,11,9,0.8892658648195587,0.040055676713029495
i04o_m4,random_seed,11,10,0.8892658648195587,0.040055676713029495
i04o_m4,random_seed,11,11,0.8892658648195587,0.040055676713029495
i04o_m4,random_seed,11,12,0.8892658648195587,0.040055676713029495
i04o_m4,random_seed,11,13,0.8892658648195587,0.040055676713029495
i04o_m4,random_seed,11,14,0.8892658648195587,0.040055676713029495
i04o_m4,random_seed,11,15,0.8892658648195587,0.040055676713029495
i04o_m4,random_seed,11,16,0.8892658648195587,0.040055676713029495
i04o_m4,random_seed,11,17,0.8892658648195587,0.040055676713029495
i04o_m4,random_seed,11,18,0.8892658648195587,0.040055676713029495
i04o_m4,random_seed,11,19,0.8892658648195587,0.040055676713029495
i04o_m4,random_seed,11,20,0.8892658648195587,0.040055676713029495
i04o_m4,random_seed,12,1,0.8273217054338899,0.10074889899235293
i04o_m4,random_seed,12,2,0.8273217054338899,0.10074889899235293
i04o_m4,random_seed,12,3,0.8273217054338899,0.10074889899235293
i04o_m4,random_seed,12,4,0.8273217054338899,0.10074889899235293
i04o_m4,random_seed,12,5,0.8273217054338899,0.10074889899235293
i04o_m4,random_seed,12,6,0.8273217054338899,0.10074889899235293
i04o_m4,random_seed,12,7,0.8273217054338899,0.10074889899235293
i04o_m4,random_seed,12,8,0.8273217054338899,0.10074889899235293
i04o_m4,random_seed,12,9,0.8273217054338899,0.10074889899235293
i04o_m4,random_seed,12,10,0.8273217054338899,0.10074889899235293
i04o_m4,random_seed,12,11,0.8273217054338899,0.10074889899235293
i04o_m4,random_seed,12,12,0.8273217054338899,0.10074889899235293
i04o_m4,random_seed,12,13,0.8639771967035665,0.06397537784072115
i04o_m4,random_seed,12,14,0.8639771967035665,0.06397537784072115
i04o_m4,random_seed,12,15,0.8639771967035665,0.06397537784072115
i04o_m4,random_seed,12,16,0.8639771967035665,0.06397537784072115
i04o_m4,random_seed,12,17,0.8639771967035665,0.06397537784072115
i04o_m4,random_seed,12,18,0.8639771967035665,0.06397537784072115
i04o_m4,random_seed,12,19,0.8640300486358296,0.06397537784072115
i04o_m4,random_seed,12,20,0.8640300486358296,0.06397537784072115
i04o_m4,random_seed,13,1,0.8273217054338899,0.10074889899235293
i04o_m4,random_seed,13,2,0.8273217054338899,0.10074889899235293
i04o_m4,random_seed,13,3,0.8273217054338899,0.10074889899235293
i04o_m4,random_seed,13,4,0.8273217054338899,0.10074889899235293
i04o_m4,random_seed,13,5,0.8273217054338899,0.10074889899235293
i04o_m4,random_seed,13,6,0.8676138036824942,0.06220523966794568
i04o_m4,random_seed,13,7,0.8676138036824942,0.06220523966794568
i04o_m4,random_seed,13,8,0.8676138036824942,0.06220523966794568
i04o_m4,random_seed,13,9,0.8676138036824942,0.06220523966794568
i04o_m4,random_seed,13,10,0.8676138036824942,0.06220523966794568
i04o_m4,random_seed,13,11,0.8676138036824942,0.06220523966794568
i04o_m4,random_seed,13,12,0.8676138036824942,0.06220523966794568
i04o_m4,random_seed,13,13,0.8676138036824942,0.06220523966794568
i04o_m4,random_seed,13,14,0.8676138036824942,0.06220523966794568
i04o_m4,random_seed,13,15,0.8876857719915177,0.04221156367023856
i04o_m4,random_seed,13,16,0.8876857719915177,0.04221156367023856
i04o_m4,random_seed,13,17,0.8876857719915177,0.04221156367023856
i04o_m4,random_seed,13,18,0.8876857719915177,0.04221156367023856
i04o_m4,random_seed,13,19,0.8876857719915177,0.04221156367023856
i04o_m4,random_seed,13,20,0.8876857719915177,0.04221156367023856
i05o_m5,parego,11,1,0.6976533475028653,0.18375889333958528
i05o_m5,parego,11,2,0.8284378399974723,0.08535901531902086
i05o_m5,parego,11,3,0.8284378399974723,0.08535901531902086
i05o_m5,parego,11,4,0.8307804232601985,0.08535901531902086
i05o_m5,parego,11,5,0.8307804232601985,0.08535901531902086
i05o_m5,parego,11,6,0.8307804232601985,0.08535901531902086
i05o_m5,parego,11,7,0.9074306165466943,0.027040194986307598
i05o_m5,parego,11,8,0.9116369234139408,0.023540618755042462
i05o_m5,parego,11,9,0.9116369234139408,0.023540618755042462
i05o_m5,parego,11,10,0.9116369234139408,0.023540618755042462
i05o_m5,parego,11,11,0.9116369234139408,0.023540618755042462
i05o_m5,parego,11,12,0.9116990366362976,0.019104171808625118
i05o_m5,parego,11,13,0.9185065655228544,0.013738320358495669
i05o_m5,parego,11,14,0.931360516719857,0.006003352190076409
i05o_m5,parego,11,15,0.931360516719857,0.006003352190076409
i05o_m5,parego,11,16,0.931360516719857,0.006003352190076409
i05o_m5,parego,11,17,0.931360516719857,0.006003352190076409
i05o_m5,parego,11,18,0.931360516719857,0.006003352190076409
i05o_m5,parego,11,19,0.931360516719857,0.006003352190076409
i05o_m5,parego,11,20,0.931360516719857,0.006003352190076409
i05o_m5,parego,12,1,0.8209454426687205,0.09133690423141538
i05o_m5,parego,12,2,0.8209454426687205,0.09133690423141538
i05o_m5,parego,12,3,0.8211080764170776,0.09133690423141538
i05o_m5,parego,12,4,0.8211080764170776,0.09133690423141538
i05o_m5,parego,12,5,0.8211080764170776,0.09133690423141538
i05o_m5,parego,12,6,0.8220890435730203,0.09133690423141538
i05o_m5,parego,12,7,0.8390763898240704,0.07639351434389227
i05o_m5,parego,12,8,0.8390763898240704,0.07639351434389227
i05o_m5,parego,12,9,0.9153557803788395,0.021876794716731124
i05o_m5,parego,12,10,0.9153557803788395,0.021876794716731124
i05o_m5,parego,12,11,0.9153557803788395,0.021876794716731124
i05o_m5,parego,12,12,0.9155536255342654,0.02142606782064498
i05o_m5,parego,12,13,0.9155536255342654,0.02142606782064498
i05o_m5,parego,12,14,0.9155536255342654,0.02142606782064498
i05o_m5,parego,12,15,0.9155536255342654,0.02142606782064498
i05o_m5,parego,12,16,0.9155536255342654,0.02142606782064498
i05o_m5,parego,12,17,0.9155536255342654,0.02142606782064498
i05o_m5,parego,12,18,0.9155536255342654,0.02142606782064498
i05o_m5,parego,12,19,0.9155536255342654,0.02142606782064498
i05o_m5,parego,12,20,0.9155536255342654,0.02142606782064498
i05o_m5,parego,13,1,0.8220101244364983,0.09220167867964406
i05o_m5,parego,13,2,0.8220101244364983,0.09220167867964406
i05o_m5,parego,13,3,0.8220101244364983,0.09220167867964406
i05o_m5,parego,13,4,0.8220101244364983,0.09220167867964406
i05o_m5,parego,13,5,0.8480538139318349,0.06821253127751671
i05o_m5,parego,13,6,0.8531079106034608,0.063224979897308
i05o_m5,parego,13,7,0.8535657126561829,0.063224979897308
i05o_m5,parego,13,8,0.8535657126561829,0.063224979897308
i05o_m5,parego,13,9,0.8535657126561829,0.063224979897308
i05o_m5,parego,13,10,0.8535669542363831,0.063224979897308
i05o_m5,parego,13,11,0.8535669542363831,0.063224979897308
i05o_m5,parego,13,12,0.8535669542363831,0.063224979897308
i05o_m5,parego,13,13,0.8796492957275878,0.04143556560933595
i05o_m5,parego,13,14,0.8796493220023219,0.04143556560933595
i05o_m5,parego,13,15,0.8796493220023219,0.04143556560933595
i05o_m5,parego,13,16,0.8799554911469099,0.04143556560933595
i05o_m5,parego,13,17,0.8799555124725515,0.04143556560933595
i05o_m5,parego,13,18,0.8799635212585923,0.04143556560933595
i05o_m5,parego,13,19,0.9113994149700316,0.015617917519613828
i05o_m5,parego,13,20,0.9113994149700316,0.015617917519613828
i05o_m5,parego_seed,11,1,0.8310093419364228,0.08481657213821014
i05o_m5,parego_seed,11,2,0.8310093419364228,0.08481657213821014
i05o_m5,parego_seed,11,3,0.8310093419364228,0.08481657213821014
i05o_m5,parego_seed,11,4,0.8314485751834765,0.08481657213821014
i05o_m5,parego_seed,11,5,0.8314491259673831,0.08481657213821014
i05o_m5,parego_seed,11,6,0.8314491259673831,0.08481657213821014
i05o_m5,parego_seed,11,7,0.8314491259673831,0.08481657213821014
i05o_m5,parego_seed,11,8,0.8691317955117894,0.05264883119263506
i05o_m5,parego_seed,11,9,0.8691317955117894,0.05264883119263506
i05o_m5,parego_seed,11,10,0.8691317955117894,0.05264883119263506
i05o_m5,parego_seed,11,11,0.8983514222215906,0.02826599946614322
i05o_m5,parego_seed,11,12,0.8983514222215906,0.02826599946614322
i05o_m5,parego_seed,11,13,0.8983514222215906,0.02826599946614322
i05o_m5,parego_seed,11,14,0.8983514222215906,0.02826599946614322
i05o_m5,parego_seed,11,15,0.9088682486078636,0.019575417646136756
i05o_m5,parego_seed,11,16,0.9095937318049494,0.018994121336835954
i05o_m5,parego_seed,11,17,0.9143082475197102,0.015077191491807473
i05o_m5,parego_seed,11,18,0.9143082475197102,0.015077191491807473
i05o_m5,parego_seed,11,19,0.9218335180794468,0.008813548050811987
i05o_m5,parego_seed,11,20,0.9218335811221348,0.008813548050811987
i05o_m5,parego_seed,12,1,0.8310093419364228,0.08481657213821014
i05o_m5,parego_seed,12,2,0.8310093419364228,0.08481657213821014
i05o_m5,parego_seed,12,3,0.8310093419364228,0.08481657213821014
i05o_m5,parego_seed,12,4,0.8310093419364228,0.08481657213821014
i05o_m5,parego_seed,12,5,0.8310093419364228,0.08481657213821014
i05o_m5,parego_seed,12,6,0.8310093419364228,0.08481657213821014
i05o_m5,parego_seed,12,7,0.855762701572877,0.06125270720662592
i05o_m5,parego_seed,12,8,0.8652812094666402,0.0533178045224302
i05o_m5,parego_seed,12,9,0.8652812094666402,0.0533178045224302
i05o_m5,parego_seed,12,10,0.8657823562418676,0.053112209239106555
i05o_m5,parego_seed,12,11,0.8657823562418676,0.053112209239106555
i05o_m5,parego_seed,12,12,0.8688880497785134,0.050511566367050814
i05o_m5,parego_seed,12,13,0.9281095123824448,0.0020865076842668654
i05o_m5,parego_seed,12,14,0.9281095123824448,0.0020865076842668654
i05o_m5,parego_seed,12,15,0.9281095123824448,0.0020865076842668654
i05o_m5,parego_seed,12,16,0.9281095123824448,0.0020865076842668654
i05o_m5,parego_seed,12,17,0.9281095123824448,0.0020865076842668654
i05o_m5,parego_seed,12,18,0.9281095123824448,0.0020865076842668654
i05o_m5,parego_seed,12,19,0.9281095123824448,0.0020865076842668654
i05o_m5,parego_seed,12,20,0.9281095123824448,0.0020865076842668654
i05o_m5,parego_seed,13,1,0.8310093419364228,0.08481657213821014
i05o_m5,parego_seed,13,2,0.8310093419364228,0.08481657213821014
i05o_m5,parego_seed,13,3,0.8310093419364228,0.08481657213821014
i05o_m5,parego_seed,13,4,0.8310093419364228,0.08481657213821014
i05o_m5,parego_seed,13,5,0.8310780934618255,0.08481657213821014
i05o_m5,parego_seed,13,6,0.8557627174917702,0.06125270720662592
i05o_m5,parego_seed,13,7,0.8652812094666402,0.0533178045224302
i05o_m5,parego_seed,13,8,0.8652812094666402,0.0533178045224302
i05o_m5,parego_seed,13,9,0.8657823562418676,0.053112209239106555
i05o_m5,parego_seed,13,10,0.8884737771633443,0.0344737029885964
i05o_m5,parego_seed,13,11,0.922586982879141,0.0061639955821901175
i05o_m5,parego_seed,13,12,0.9315627210705805,0.0018273909640165165
i05o_m5,parego_seed,13,13,0.9315627210705805,0.0018273909640165165
i05o_m5,parego_seed,13,14,0.9315627210705805,0.0018273909640165165
i05o_m5,parego_seed,13,15,0.9315627210705805,0.0018273909640165165
i05o_m5,parego_seed,13,16,0.9316385172812142,0.001514180912265917
i05o_m5,parego_seed,13,17,0.9316385172812142,0.001514180912265917
i05o_m5,parego_seed,13,18,0.9316385172812142,0.001514180912265917
i05o_m5,parego_seed,13,19,0.9316385172812142,0.001514180912265917
i05o_m5,parego_seed,13,20,0.9316385172812142,0.001514180912265917
i05o_m5,qlogehvi_mixed,11,1,0.6976533475028653,0.18375889333958528
i05o_m5,qlogehvi_mixed,11,2,0.8284378399974723,0.08535901531902086
i05o_m5,qlogehvi_mixed,11,3,0.8284378399974723,0.08535901531902086
i05o_m5,qlogehvi_mixed,11,4,0.8284378399974723,0.08535901531902086
i05o_m5,qlogehvi_mixed,11,5,0.8284589349034739,0.08535901531902086
i05o_m5,qlogehvi_mixed,11,6,0.8287310138740607,0.08535901531902086
i05o_m5,qlogehvi_mixed,11,7,0.8287310138740607,0.08535901531902086
i05o_m5,qlogehvi_mixed,11,8,0.8325551179833625,0.08196168235798978
i05o_m5,qlogehvi_mixed,11,9,0.8474207413485023,0.0672396343764503
i05o_m5,qlogehvi_mixed,11,10,0.9214150983384664,0.017926691487132416
i05o_m5,qlogehvi_mixed,11,11,0.9214150983384664,0.017926691487132416
i05o_m5,qlogehvi_mixed,11,12,0.9214150983384664,0.017926691487132416
i05o_m5,qlogehvi_mixed,11,13,0.9311058927115239,0.014164619730596935
i05o_m5,qlogehvi_mixed,11,14,0.9311095473430476,0.012891966704756662
i05o_m5,qlogehvi_mixed,11,15,0.9311095473430476,0.012891966704756662
i05o_m5,qlogehvi_mixed,11,16,0.9311095473430476,0.012891966704756662
i05o_m5,qlogehvi_mixed,11,17,0.9311095473430476,0.012891966704756662
i05o_m5,qlogehvi_mixed,11,18,0.9311095473430476,0.012891966704756662
i05o_m5,qlogehvi_mixed,11,19,0.9311095473430476,0.012891966704756662
i05o_m5,qlogehvi_mixed,11,20,0.9311095473430476,0.012891966704756662
i05o_m5,qlogehvi_mixed,12,1,0.8209454426687205,0.09133690423141538
i05o_m5,qlogehvi_mixed,12,2,0.8209454426687205,0.09133690423141538
i05o_m5,qlogehvi_mixed,12,3,0.8211080764170776,0.09133690423141538
i05o_m5,qlogehvi_mixed,12,4,0.8211080764170776,0.09133690423141538
i05o_m5,qlogehvi_mixed,12,5,0.8211080764170776,0.09133690423141538
i05o_m5,qlogehvi_mixed,12,6,0.8347037254693838,0.0804488493952606
i05o_m5,qlogehvi_mixed,12,7,0.9278983824149628,0.014063474409164355
i05o_m5,qlogehvi_mixed,12,8,0.9310109932634708,0.012725540753557883
i05o_m5,qlogehvi_mixed,12,9,0.931015095534043,0.009306914150216956
i05o_m5,qlogehvi_mixed,12,10,0.931015095534043,0.009306914150216956
i05o_m5,qlogehvi_mixed,12,11,0.931015095534043,0.009306914150216956
i05o_m5,qlogehvi_mixed,12,12,0.9310559344085559,0.009298581833669597
i05o_m5,qlogehvi_mixed,12,13,0.9326209602659803,0.00913803782271568
i05o_m5,qlogehvi_mixed,12,14,0.9326209638756232,0.009104697238323507
i05o_m5,qlogehvi_mixed,12,15,0.9326209638756232,0.009104697238323507
i05o_m5,qlogehvi_mixed,12,16,0.9332624054911984,0.009165745848493766
i05o_m5,qlogehvi_mixed,12,17,0.9333304489691909,0.009153845984814
i05o_m5,qlogehvi_mixed,12,18,0.9333304489691909,0.009153845984814
i05o_m5,qlogehvi_mixed,12,19,0.9333304489691909,0.009153845984814
i05o_m5,qlogehvi_mixed,12,20,0.9333304489691909,0.009153845984814
i05o_m5,qlogehvi_mixed,13,1,0.8220101244364983,0.09220167867964406
i05o_m5,qlogehvi_mixed,13,2,0.8220101244364983,0.09220167867964406
i05o_m5,qlogehvi_mixed,13,3,0.8220101244364983,0.09220167867964406
i05o_m5,qlogehvi_mixed,13,4,0.8220101244364983,0.09220167867964406
i05o_m5,qlogehvi_mixed,13,5,0.8220101244364983,0.09220167867964406
i05o_m5,qlogehvi_mixed,13,6,0.8512446946731833,0.06354070941009808
i05o_m5,qlogehvi_mixed,13,7,0.8526882704769166,0.06349992326382493
i05o_m5,qlogehvi_mixed,13,8,0.8533688240787517,0.06349992326382493
i05o_m5,qlogehvi_mixed,13,9,0.8533688240787517,0.06349992326382493
i05o_m5,qlogehvi_mixed,13,10,0.8534841371938622,0.06349992326382493
i05o_m5,qlogehvi_mixed,13,11,0.8626074981818915,0.05657660479525497
i05o_m5,qlogehvi_mixed,13,12,0.8626074981818915,0.05657660479525497
i05o_m5,qlogehvi_mixed,13,13,0.8626074981818915,0.05657660479525497
i05o_m5,qlogehvi_mixed,13,14,0.8626074981818915,0.05657660479525497
i05o_m5,qlogehvi_mixed,13,15,0.8626108973000133,0.05568584188923761
i05o_m5,qlogehvi_mixed,13,16,0.9202729709481879,0.018758131146851365
i05o_m5,qlogehvi_mixed,13,17,0.9202729709481879,0.018758131146851365
i05o_m5,qlogehvi_mixed,13,18,0.9314994488445337,0.014349439572857841
i05o_m5,qlogehvi_mixed,13,19,0.9315274256527062,0.013394064347365982
i05o_m5,qlogehvi_mixed,13,20,0.9327429648655163,0.01311015957124779
i05o_m5,qlogehvi_mixed_seed,11,1,0.8310093419364228,0.08481657213821014
i05o_m5,qlogehvi_mixed_seed,11,2,0.8310093419364228,0.08481657213821014
i05o_m5,qlogehvi_mixed_seed,11,3,0.8310093419364228,0.08481657213821014
i05o_m5,qlogehvi_mixed_seed,11,4,0.8314485751834765,0.08481657213821014
i05o_m5,qlogehvi_mixed_seed,11,5,0.8314485751834765,0.08481657213821014
i05o_m5,qlogehvi_mixed_seed,11,6,0.8347253325018731,0.08184012082571963
i05o_m5,qlogehvi_mixed_seed,11,7,0.8499677383288429,0.06675083540419366
i05o_m5,qlogehvi_mixed_seed,11,8,0.9063908647829052,0.022963014518370396
i05o_m5,qlogehvi_mixed_seed,11,9,0.9297857363311476,0.013985163223032912
i05o_m5,qlogehvi_mixed_seed,11,10,0.9297857363311476,0.013985163223032912
i05o_m5,qlogehvi_mixed_seed,11,11,0.929933123296302,0.013923869129747015
i05o_m5,qlogehvi_mixed_seed,11,12,0.929933123296302,0.013923869129747015
i05o_m5,qlogehvi_mixed_seed,11,13,0.929933123296302,0.013923869129747015
i05o_m5,qlogehvi_mixed_seed,11,14,0.929933123296302,0.013923869129747015
i05o_m5,qlogehvi_mixed_seed,11,15,0.929933123296302,0.013923869129747015
i05o_m5,qlogehvi_mixed_seed,11,16,0.929933123296302,0.013923869129747015
i05o_m5,qlogehvi_mixed_seed,11,17,0.929933123296302,0.013923869129747015
i05o_m5,qlogehvi_mixed_seed,11,18,0.929933123296302,0.013923869129747015
i05o_m5,qlogehvi_mixed_seed,11,19,0.929933123296302,0.013923869129747015
i05o_m5,qlogehvi_mixed_seed,11,20,0.929933123296302,0.013923869129747015
i05o_m5,qlogehvi_mixed_seed,12,1,0.8310093419364228,0.08481657213821014
i05o_m5,qlogehvi_mixed_seed,12,2,0.8310093419364228,0.08481657213821014
i05o_m5,qlogehvi_mixed_seed,12,3,0.8310093419364228,0.08481657213821014
i05o_m5,qlogehvi_mixed_seed,12,4,0.8310093419364228,0.08481657213821014
i05o_m5,qlogehvi_mixed_seed,12,5,0.8342573968822306,0.08224299074109413
i05o_m5,qlogehvi_mixed_seed,12,6,0.8342573968822306,0.08224299074109413
i05o_m5,qlogehvi_mixed_seed,12,7,0.8384707853535079,0.078026167727185
i05o_m5,qlogehvi_mixed_seed,12,8,0.8481783874217629,0.06833652348973787
i05o_m5,qlogehvi_mixed_seed,12,9,0.8481783874217629,0.06833652348973787
i05o_m5,qlogehvi_mixed_seed,12,10,0.8513356574700924,0.065135181735686
i05o_m5,qlogehvi_mixed_seed,12,11,0.8595990814339544,0.0582550578331557
i05o_m5,qlogehvi_mixed_seed,12,12,0.8596083467636207,0.0582550578331557
i05o_m5,qlogehvi_mixed_seed,12,13,0.9177793254551787,0.020485298260401363
i05o_m5,qlogehvi_mixed_seed,12,14,0.9268693563485505,0.014512079639387741
i05o_m5,qlogehvi_mixed_seed,12,15,0.9268693563485505,0.014512079639387741
i05o_m5,qlogehvi_mixed_seed,12,16,0.926905744812474,0.01405534869202045
i05o_m5,qlogehvi_mixed_seed,12,17,0.926905744812474,0.01405534869202045
i05o_m5,qlogehvi_mixed_seed,12,18,0.9280034769688552,0.013373719304856896
i05o_m5,qlogehvi_mixed_seed,12,19,0.9280533476692818,0.01381136227367117
i05o_m5,qlogehvi_mixed_seed,12,20,0.9280533476692818,0.01381136227367117
i05o_m5,qlogehvi_mixed_seed,13,1,0.8310093419364228,0.08481657213821014
i05o_m5,qlogehvi_mixed_seed,13,2,0.8310093419364228,0.08481657213821014
i05o_m5,qlogehvi_mixed_seed,13,3,0.8310093419364228,0.08481657213821014
i05o_m5,qlogehvi_mixed_seed,13,4,0.8310093419364228,0.08481657213821014
i05o_m5,qlogehvi_mixed_seed,13,5,0.8310093419364228,0.08481657213821014
i05o_m5,qlogehvi_mixed_seed,13,6,0.8310093419364228,0.08481657213821014
i05o_m5,qlogehvi_mixed_seed,13,7,0.8485655445589059,0.06784308116654417
i05o_m5,qlogehvi_mixed_seed,13,8,0.8536585716717373,0.06308640759052804
i05o_m5,qlogehvi_mixed_seed,13,9,0.8536815246364516,0.06308640759052804
i05o_m5,qlogehvi_mixed_seed,13,10,0.8650753838244961,0.053575110300678935
i05o_m5,qlogehvi_mixed_seed,13,11,0.879655598946822,0.041402477602470567
i05o_m5,qlogehvi_mixed_seed,13,12,0.879655598946822,0.041402477602470567
i05o_m5,qlogehvi_mixed_seed,13,13,0.879655598946822,0.041402477602470567
i05o_m5,qlogehvi_mixed_seed,13,14,0.9066033544915814,0.019115639765439684
i05o_m5,qlogehvi_mixed_seed,13,15,0.9299635169796199,0.013962222892229335
i05o_m5,qlogehvi_mixed_seed,13,16,0.9299635169796199,0.013962222892229335
i05o_m5,qlogehvi_mixed_seed,13,17,0.9315548933960663,0.01336001422489312
i05o_m5,qlogehvi_mixed_seed,13,18,0.9315548933960663,0.01336001422489312
i05o_m5,qlogehvi_mixed_seed,13,19,0.9315548933960663,0.01336001422489312
i05o_m5,qlogehvi_mixed_seed,13,20,0.9315550277265342,0.01336001422489312
i05o_m5,random,11,1,0.6976533475028653,0.18375889333958528
i05o_m5,random,11,2,0.8284378399974723,0.08535901531902086
i05o_m5,random,11,3,0.8284378399974723,0.08535901531902086
i05o_m5,random,11,4,0.8307804232601985,0.08535901531902086
i05o_m5,random,11,5,0.8307804232601985,0.08535901531902086
i05o_m5,random,11,6,0.8819497573097222,0.0430314789288744
i05o_m5,random,11,7,0.8819497573097222,0.0430314789288744
i05o_m5,random,11,8,0.8819497573097222,0.0430314789288744
i05o_m5,random,11,9,0.8823786632640769,0.03878973866667173
i05o_m5,random,11,10,0.8823786632640769,0.03878973866667173
i05o_m5,random,11,11,0.8823786632640769,0.03878973866667173
i05o_m5,random,11,12,0.8823786632640769,0.03878973866667173
i05o_m5,random,11,13,0.8823999940997101,0.03878973866667173
i05o_m5,random,11,14,0.8823999940997101,0.03878973866667173
i05o_m5,random,11,15,0.8823999940997101,0.03878973866667173
i05o_m5,random,11,16,0.8823999940997101,0.03878973866667173
i05o_m5,random,11,17,0.8823999940997101,0.03878973866667173
i05o_m5,random,11,18,0.8823999940997101,0.03878973866667173
i05o_m5,random,11,19,0.8823999940997101,0.03878973866667173
i05o_m5,random,11,20,0.8823999940997101,0.03878973866667173
i05o_m5,random,12,1,0.8209454426687205,0.09133690423141538
i05o_m5,random,12,2,0.8209454426687205,0.09133690423141538
i05o_m5,random,12,3,0.8211080764170776,0.09133690423141538
i05o_m5,random,12,4,0.8211080764170776,0.09133690423141538
i05o_m5,random,12,5,0.8211080764170776,0.09133690423141538
i05o_m5,random,12,6,0.8211080764170776,0.09133690423141538
i05o_m5,random,12,7,0.8211080764170776,0.09133690423141538
i05o_m5,random,12,8,0.8211080764170776,0.09133690423141538
i05o_m5,random,12,9,0.8413252458038762,0.07308347041199685
i05o_m5,random,12,10,0.8413252458038762,0.07308347041199685
i05o_m5,random,12,11,0.8413252458038762,0.07308347041199685
i05o_m5,random,12,12,0.8413252458038762,0.07308347041199685
i05o_m5,random,12,13,0.8610822656827057,0.05633410467780753
i05o_m5,random,12,14,0.8613272070962151,0.05633410467780753
i05o_m5,random,12,15,0.8613272070962151,0.05633410467780753
i05o_m5,random,12,16,0.8613272070962151,0.05633410467780753
i05o_m5,random,12,17,0.8623893819458278,0.05633410467780753
i05o_m5,random,12,18,0.8623893819458278,0.05633410467780753
i05o_m5,random,12,19,0.8624859768974454,0.05633410467780753
i05o_m5,random,12,20,0.8624859768974454,0.05633410467780753
i05o_m5,random,13,1,0.8220101244364983,0.09220167867964406
i05o_m5,random,13,2,0.8220101244364983,0.09220167867964406
i05o_m5,random,13,3,0.8220101244364983,0.09220167867964406
i05o_m5,random,13,4,0.8220101244364983,0.09220167867964406
i05o_m5,random,13,5,0.8220101244364983,0.09220167867964406
i05o_m5,random,13,6,0.8846752357926028,0.04166640200074896
i05o_m5,random,13,7,0.8849338123063248,0.03783948113942632
i05o_m5,random,13,8,0.8849338123063248,0.03783948113942632
i05o_m5,random,13,9,0.8849338123063248,0.03783948113942632
i05o_m5,random,13,10,0.8849338123063248,0.03783948113942632
i05o_m5,random,13,11,0.8849338123063248,0.03783948113942632
i05o_m5,random,13,12,0.8849338123063248,0.03783948113942632
i05o_m5,random,13,13,0.8849338123063248,0.03783948113942632
i05o_m5,random,13,14,0.8849338123063248,0.03783948113942632
i05o_m5,random,13,15,0.8860321207059434,0.04108002987187096
i05o_m5,random,13,16,0.8860321207059434,0.04108002987187096
i05o_m5,random,13,17,0.8860321207059434,0.04108002987187096
i05o_m5,random,13,18,0.8860321207059434,0.04108002987187096
i05o_m5,random,13,19,0.8860321207059434,0.04108002987187096
i05o_m5,random,13,20,0.8860321207059434,0.04108002987187096
i05o_m5,random_seed,11,1,0.8310093419364228,0.08481657213821014
i05o_m5,random_seed,11,2,0.8310093419364228,0.08481657213821014
i05o_m5,random_seed,11,3,0.8310093419364228,0.08481657213821014
i05o_m5,random_seed,11,4,0.8314485751834765,0.08481657213821014
i05o_m5,random_seed,11,5,0.8314485751834765,0.08481657213821014
i05o_m5,random_seed,11,6,0.8820322143554393,0.04254836774288625
i05o_m5,random_seed,11,7,0.8820322143554393,0.04254836774288625
i05o_m5,random_seed,11,8,0.8820322143554393,0.04254836774288625
i05o_m5,random_seed,11,9,0.8824601440460867,0.03878973866667173
i05o_m5,random_seed,11,10,0.8824601440460867,0.03878973866667173
i05o_m5,random_seed,11,11,0.8824601440460867,0.03878973866667173
i05o_m5,random_seed,11,12,0.8824601440460867,0.03878973866667173
i05o_m5,random_seed,11,13,0.8824814748817201,0.03878973866667173
i05o_m5,random_seed,11,14,0.8824814748817201,0.03878973866667173
i05o_m5,random_seed,11,15,0.8824814748817201,0.03878973866667173
i05o_m5,random_seed,11,16,0.8824814748817201,0.03878973866667173
i05o_m5,random_seed,11,17,0.8824814748817201,0.03878973866667173
i05o_m5,random_seed,11,18,0.8824814748817201,0.03878973866667173
i05o_m5,random_seed,11,19,0.8824814748817201,0.03878973866667173
i05o_m5,random_seed,11,20,0.8824814748817201,0.03878973866667173
i05o_m5,random_seed,12,1,0.8310093419364228,0.08481657213821014
i05o_m5,random_seed,12,2,0.8310093419364228,0.08481657213821014
i05o_m5,random_seed,12,3,0.8310093419364228,0.08481657213821014
i05o_m5,random_seed,12,4,0.8310093419364228,0.08481657213821014
i05o_m5,random_seed,12,5,0.8310093419364228,0.08481657213821014
i05o_m5,random_seed,12,6,0.8310093419364228,0.08481657213821014
i05o_m5,random_seed,12,7,0.8310093419364228,0.08481657213821014
i05o_m5,random_seed,12,8,0.8310093419364228,0.08481657213821014
i05o_m5,random_seed,12,9,0.8427454667172586,0.07308347041199685
i05o_m5,random_seed,12,10,0.8427454667172586,0.07308347041199685
i05o_m5,random_seed,12,11,0.8427454667172586,0.07308347041199685
i05o_m5,random_seed,12,12,0.8427454667172586,0.07308347041199685
i05o_m5,random_seed,12,13,0.862280199680459,0.05633410467780753
i05o_m5,random_seed,12,14,0.862280199680459,0.05633410467780753
i05o_m5,random_seed,12,15,0.862280199680459,0.05633410467780753
i05o_m5,random_seed,12,16,0.862280199680459,0.05633410467780753
i05o_m5,random_seed,12,17,0.8625845780016749,0.05633410467780753
i05o_m5,random_seed,12,18,0.8625845780016749,0.05633410467780753
i05o_m5,random_seed,12,19,0.8626639734236904,0.05633410467780753
i05o_m5,random_seed,12,20,0.8626639734236904,0.05633410467780753
i05o_m5,random_seed,13,1,0.8310093419364228,0.08481657213821014
i05o_m5,random_seed,13,2,0.8310093419364228,0.08481657213821014
i05o_m5,random_seed,13,3,0.8310093419364228,0.08481657213821014
i05o_m5,random_seed,13,4,0.8310093419364228,0.08481657213821014
i05o_m5,random_seed,13,5,0.8310093419364228,0.08481657213821014
i05o_m5,random_seed,13,6,0.8846752357926028,0.04166640200074896
i05o_m5,random_seed,13,7,0.8849338123063248,0.03783948113942632
i05o_m5,random_seed,13,8,0.8849338123063248,0.03783948113942632
i05o_m5,random_seed,13,9,0.8849338123063248,0.03783948113942632
i05o_m5,random_seed,13,10,0.8849338123063248,0.03783948113942632
i05o_m5,random_seed,13,11,0.8849338123063248,0.03783948113942632
i05o_m5,random_seed,13,12,0.8849338123063248,0.03783948113942632
i05o_m5,random_seed,13,13,0.8849338123063248,0.03783948113942632
i05o_m5,random_seed,13,14,0.8849338123063248,0.03783948113942632
i05o_m5,random_seed,13,15,0.8860321207059434,0.04108002987187096
i05o_m5,random_seed,13,16,0.8860321207059434,0.04108002987187096
i05o_m5,random_seed,13,17,0.8860321207059434,0.04108002987187096
i05o_m5,random_seed,13,18,0.8860321207059434,0.04108002987187096
i05o_m5,random_seed,13,19,0.8860321207059434,0.04108002987187096
i05o_m5,random_seed,13,20,0.8860321207059434,0.04108002987187096
i06o_m6,parego,11,1,0.7894275580246338,0.1317267538117854
i06o_m6,parego,11,2,0.8388615872531727,0.08678054449467414
i06o_m6,parego,11,3,0.8388615872531727,0.08678054449467414
i06o_m6,parego,11,4,0.8399575777374636,0.08678054449467414
i06o_m6,parego,11,5,0.8444145368551331,0.08227387856675504
i06o_m6,parego,11,6,0.912106843456848,0.02626751197502701
i06o_m6,parego,11,7,0.912106843456848,0.02626751197502701
i06o_m6,parego,11,8,0.912106843456848,0.02626751197502701
i06o_m6,parego,11,9,0.9385563521669511,0.013226632946689567
i06o_m6,parego,11,10,0.9390579847439395,0.013034564393301027
i06o_m6,parego,11,11,0.9390579847439395,0.013034564393301027
i06o_m6,parego,11,12,0.9390579847439395,0.013034564393301027
i06o_m6,parego,11,13,0.9390579847439395,0.013034564393301027
i06o_m6,parego,11,14,0.9390579847439395,0.013034564393301027
i06o_m6,parego,11,15,0.9390579847439395,0.013034564393301027
i06o_m6,parego,11,16,0.9390579847439395,0.013034564393301027
i06o_m6,parego,11,17,0.9390579847439395,0.013034564393301027
i06o_m6,parego,11,18,0.9390579847439395,0.013034564393301027
i06o_m6,parego,11,19,0.9390579847439395,0.013034564393301027
i06o_m6,parego,11,20,0.9390579847439395,0.013034564393301027
i06o_m6,parego,12,1,0.8600296538015785,0.06485162870761789
i06o_m6,parego,12,2,0.8600296538015785,0.06485162870761789
i06o_m6,parego,12,3,0.8612930600399069,0.06485162870761789
i06o_m6,parego,12,4,0.8612930600399069,0.06485162870761789
i06o_m6,parego,12,5,0.8621625445609586,0.06457764723847353
i06o_m6,parego,12,6,0.8621631617927766,0.06457764723847353
i06o_m6,parego,12,7,0.8621631706080674,0.06457764723847353
i06o_m6,parego,12,8,0.8621631706080674,0.06457764723847353
i06o_m6,parego,12,9,0.8621631706080674,0.06457764723847353
i06o_m6,parego,12,10,0.8621631706080674,0.06457764723847353
i06o_m6,parego,12,11,0.8719876496919007,0.0547216249728771
i06o_m6,parego,12,12,0.8719877904807504,0.0547216249728771
i06o_m6,parego,12,13,0.8719877904807504,0.0547216249728771
i06o_m6,parego,12,14,0.9364722675489737,0.009328771246289029
i06o_m6,parego,12,15,0.936474143387466,0.009328771246289029
i06o_m6,parego,12,16,0.936474143387466,0.009328771246289029
i06o_m6,parego,12,17,0.9364750345452746,0.008728869981851448
i06o_m6,parego,12,18,0.9364750345452746,0.008728869981851448
i06o_m6,parego,12,19,0.9364812860127406,0.004565371948516245
i06o_m6,parego,12,20,0.9364812860127406,0.004565371948516245
i06o_m6,parego,13,1,0.8510241715209498,0.07409339592964038
i06o_m6,parego,13,2,0.8516165971746457,0.07409339592964038
i06o_m6,parego,13,3,0.8519603175497251,0.07409339592964038
i06o_m6,parego,13,4,0.8519603175497251,0.07409339592964038
i06o_m6,parego,13,5,0.8524412997093929,0.07409339592964038
i06o_m6,parego,13,6,0.8528642691895028,0.07409339592964038
i06o_m6,parego,13,7,0.8753902812218225,0.051510325143916624
i06o_m6,parego,13,8,0.8753902812218225,0.051510325143916624
i06o_m6,parego,13,9,0.8753902812218225,0.051510325143916624
i06o_m6,parego,13,10,0.8753910812335961,0.051510325143916624
i06o_m6,parego,13,11,0.8753910812335961,0.051510325143916624
i06o_m6,parego,13,12,0.8753910812335961,0.051510325143916624
i06o_m6,parego,13,13,0.8753910812335961,0.051510325143916624
i06o_m6,parego,13,14,0.8753910812335961,0.051510325143916624
i06o_m6,parego,13,15,0.8753910812335961,0.051510325143916624
i06o_m6,parego,13,16,0.8753910812335961,0.051510325143916624
i06o_m6,parego,13,17,0.8753910812335961,0.051510325143916624
i06o_m6,parego,13,18,0.8753910812335961,0.051510325143916624
i06o_m6,parego,13,19,0.9178448763711406,0.020046429836505338
i06o_m6,parego,13,20,0.9178448763711406,0.020046429836505338
i06o_m6,parego_seed,11,1,0.8436038439977291,0.08172860966785458
i06o_m6,parego_seed,11,2,0.8437532563351702,0.08172860966785458
i06o_m6,parego_seed,11,3,0.8437532563351702,0.08172860966785458
i06o_m6,parego_seed,11,4,0.8449772495481844,0.08172860966785458
i06o_m6,parego_seed,11,5,0.8449773748247283,0.08172860966785458
i06o_m6,parego_seed,11,6,0.8449774876109108,0.08172860966785458
i06o_m6,parego_seed,11,7,0.8449774876109108,0.08172860966785458
i06o_m6,parego_seed,11,8,0.8449774876109108,0.08172860966785458
i06o_m6,parego_seed,11,9,0.906382608969192,0.0291526037743437
i06o_m6,parego_seed,11,10,0.9358000188481712,0.007227680021179461
i06o_m6,parego_seed,11,11,0.9358000188481712,0.007227680021179461
i06o_m6,parego_seed,11,12,0.9358000188481712,0.007227680021179461
i06o_m6,parego_seed,11,13,0.9391686746267821,0.004928697337979169
i06o_m6,parego_seed,11,14,0.9391695072088647,0.004928697337979169
i06o_m6,parego_seed,11,15,0.9391695072088647,0.004928697337979169
i06o_m6,parego_seed,11,16,0.9391695099407513,0.006238498531776138
i06o_m6,parego_seed,11,17,0.9391695099407513,0.006238498531776138
i06o_m6,parego_seed,11,18,0.9391695099407513,0.006238498531776138
i06o_m6,parego_seed,11,19,0.9391695099407513,0.006238498531776138
i06o_m6,parego_seed,11,20,0.9391695260714575,0.006238498531776138
i06o_m6,parego_seed,12,1,0.8436038439977291,0.08172860966785458
i06o_m6,parego_seed,12,2,0.8436038439977291,0.08172860966785458
i06o_m6,parego_seed,12,3,0.8442723761087239,0.08172860966785458
i06o_m6,parego_seed,12,4,0.8442723761087239,0.08172860966785458
i06o_m6,parego_seed,12,5,0.8568350751013634,0.07005948572228433
i06o_m6,parego_seed,12,6,0.8568352081626304,0.07005948572228433
i06o_m6,parego_seed,12,7,0.8568352081626304,0.07005948572228433
i06o_m6,parego_seed,12,8,0.8673573661612709,0.05953403224815921
i06o_m6,parego_seed,12,9,0.8822301404526871,0.044831724771725305
i06o_m6,parego_seed,12,10,0.8822301404526871,0.044831724771725305
i06o_m6,parego_seed,12,11,0.8822301404526871,0.044831724771725305
i06o_m6,parego_seed,12,12,0.8822301404526871,0.044831724771725305
i06o_m6,parego_seed,12,13,0.8822301404526871,0.044831724771725305
i06o_m6,parego_seed,12,14,0.8822301404526871,0.044831724771725305
i06o_m6,parego_seed,12,15,0.8822301404526871,0.044831724771725305
i06o_m6,parego_seed,12,16,0.8822301404526871,0.044831724771725305
i06o_m6,parego_seed,12,17,0.8822301404526871,0.044831724771725305
i06o_m6,parego_seed,12,18,0.8822301404526871,0.044831724771725305
i06o_m6,parego_seed,12,19,0.8822301404526871,0.044831724771725305
i06o_m6,parego_seed,12,20,0.8822301404526871,0.044831724771725305
i06o_m6,parego_seed,13,1,0.8436038439977291,0.08172860966785458
i06o_m6,parego_seed,13,2,0.8438311321176767,0.08172860966785458
i06o_m6,parego_seed,13,3,0.8441748524927561,0.08172860966785458
i06o_m6,parego_seed,13,4,0.8443049706335181,0.08172860966785458
i06o_m6,parego_seed,13,5,0.8499605305271983,0.07605464752279151
i06o_m6,parego_seed,13,6,0.8499682682968367,0.07605464752279151
i06o_m6,parego_seed,13,7,0.865811318101681,0.060525238494741535
i06o_m6,parego_seed,13,8,0.865811318101681,0.060525238494741535
i06o_m6,parego_seed,13,9,0.8661377013493694,0.060525238494741535
i06o_m6,parego_seed,13,10,0.8661377013493694,0.060525238494741535
i06o_m6,parego_seed,13,11,0.8661514388286999,0.060525238494741535
i06o_m6,parego_seed,13,12,0.8661576540054235,0.060525238494741535
i06o_m6,parego_seed,13,13,0.8661576540054235,0.060525238494741535
i06o_m6,parego_seed,13,14,0.8661576540054235,0.060525238494741535
i06o_m6,parego_seed,13,15,0.8661576540054235,0.060525238494741535
i06o_m6,parego_seed,13,16,0.8661576540054235,0.060525238494741535
i06o_m6,parego_seed,13,17,0.8661576540054235,0.060525238494741535
i06o_m6,parego_seed,13,18,0.8661576540054235,0.060525238494741535
i06o_m6,parego_seed,13,19,0.8661576540054235,0.060525238494741535
i06o_m6,parego_seed,13,20,0.8661576540054235,0.060525238494741535
i06o_m6,qlogehvi_mixed,11,1,0.7894275580246338,0.1317267538117854
i06o_m6,qlogehvi_mixed,11,2,0.8388615872531727,0.08678054449467414
i06o_m6,qlogehvi_mixed,11,3,0.8388615872531727,0.08678054449467414
i06o_m6,qlogehvi_mixed,11,4,0.8399575777374636,0.08678054449467414
i06o_m6,qlogehvi_mixed,11,5,0.874449675599074,0.05250760221953044
i06o_m6,qlogehvi_mixed,11,6,0.8744540149880031,0.05250760221953044
i06o_m6,qlogehvi_mixed,11,7,0.8744973290537619,0.05249234002456907
i06o_m6,qlogehvi_mixed,11,8,0.8744973290537619,0.05249234002456907
i06o_m6,qlogehvi_mixed,11,9,0.8904382470119522,0.03741119951464085
i06o_m6,qlogehvi_mixed,11,10,0.8904382470119522,0.03741119951464085
i06o_m6,qlogehvi_mixed,11,11,0.8904382470119522,0.03741119951464085
i06o_m6,qlogehvi_mixed,11,12,0.8904382470119522,0.03741119951464085
i06o_m6,qlogehvi_mixed,11,13,0.8904382470119522,0.03741119951464085
i06o_m6,qlogehvi_mixed,11,14,0.8904382470119522,0.03741119951464085
i06o_m6,qlogehvi_mixed,11,15,0.8904382470119522,0.03741119951464085
i06o_m6,qlogehvi_mixed,11,16,0.8904382470119522,0.03741119951464085
i06o_m6,qlogehvi_mixed,11,17,0.8904382470119522,0.03741119951464085
i06o_m6,qlogehvi_mixed,11,18,0.8904382470119522,0.03741119951464085
i06o_m6,qlogehvi_mixed,11,19,0.8904382470119522,0.03741119951464085
i06o_m6,qlogehvi_mixed,11,20,0.8904382470119522,0.03741119951464085
i06o_m6,qlogehvi_mixed,12,1,0.8600296538015785,0.06485162870761789
i06o_m6,qlogehvi_mixed,12,2,0.8600296538015785,0.06485162870761789
i06o_m6,qlogehvi_mixed,12,3,0.8612930600399069,0.06485162870761789
i06o_m6,qlogehvi_mixed,12,4,0.8612930600399069,0.06485162870761789
i06o_m6,qlogehvi_mixed,12,5,0.8612930600399069,0.06485162870761789
i06o_m6,qlogehvi_mixed,12,6,0.8612930900513612,0.06485162870761789
i06o_m6,qlogehvi_mixed,12,7,0.8757156187622609,0.05082299529155523
i06o_m6,qlogehvi_mixed,12,8,0.929071626442854,0.017789267098951293
i06o_m6,qlogehvi_mixed,12,9,0.929071626442854,0.017789267098951293
i06o_m6,qlogehvi_mixed,12,10,0.930355937899851,0.017225082073636273
i06o_m6,qlogehvi_mixed,12,11,0.930412858048924,0.015795727253027792
i06o_m6,qlogehvi_mixed,12,12,0.9304128955870623,0.015795727253027792
i06o_m6,qlogehvi_mixed,12,13,0.9304128955870623,0.015795727253027792
i06o_m6,qlogehvi_mixed,12,14,0.9304128955870623,0.015795727253027792
i06o_m6,qlogehvi_mixed,12,15,0.9304128955870623,0.015795727253027792
i06o_m6,qlogehvi_mixed,12,16,0.9304128955870623,0.015795727253027792
i06o_m6,qlogehvi_mixed,12,17,0.9304128955870623,0.015795727253027792
i06o_m6,qlogehvi_mixed,12,18,0.9304128955870623,0.015795727253027792
i06o_m6,qlogehvi_mixed,12,19,0.9304128955870623,0.015795727253027792
i06o_m6,qlogehvi_mixed,12,20,0.9304129364204918,0.015795727253027792
i06o_m6,qlogehvi_mixed,13,1,0.8510241715209498,0.07409339592964038
i06o_m6,qlogehvi_mixed,13,2,0.8516165971746457,0.07409339592964038
i06o_m6,qlogehvi_mixed,13,3,0.8519603175497251,0.07409339592964038
i06o_m6,qlogehvi_mixed,13,4,0.8519603175497251,0.07409339592964038
i06o_m6,qlogehvi_mixed,13,5,0.8519654375075408,0.07409339592964038
i06o_m6,qlogehvi_mixed,13,6,0.8519808923139768,0.07409339592964038
i06o_m6,qlogehvi_mixed,13,7,0.8717840068097903,0.054957134442690174
i06o_m6,qlogehvi_mixed,13,8,0.8829590442077482,0.044360318658152015
i06o_m6,qlogehvi_mixed,13,9,0.8830813513387717,0.044360318658152015
i06o_m6,qlogehvi_mixed,13,10,0.88348234679937,0.044360318658152015
i06o_m6,qlogehvi_mixed,13,11,0.9422908119549365,0.003280860570190805
i06o_m6,qlogehvi_mixed,13,12,0.9422908119549365,0.003280860570190805
i06o_m6,qlogehvi_mixed,13,13,0.9422908119549365,0.003280860570190805
i06o_m6,qlogehvi_mixed,13,14,0.9422908119549365,0.003280860570190805
i06o_m6,qlogehvi_mixed,13,15,0.9422923111816996,0.003280860570190805
i06o_m6,qlogehvi_mixed,13,16,0.9423074877412915,0.008764482729538118
i06o_m6,qlogehvi_mixed,13,17,0.9423074877412915,0.008764482729538118
i06o_m6,qlogehvi_mixed,13,18,0.9423074877412915,0.008764482729538118
i06o_m6,qlogehvi_mixed,13,19,0.9423074877412915,0.008764482729538118
i06o_m6,qlogehvi_mixed,13,20,0.9423074877412915,0.008764482729538118
i06o_m6,qlogehvi_mixed_seed,11,1,0.8436038439977291,0.08172860966785458
i06o_m6,qlogehvi_mixed_seed,11,2,0.8437532563351702,0.08172860966785458
i06o_m6,qlogehvi_mixed_seed,11,3,0.8437532563351702,0.08172860966785458
i06o_m6,qlogehvi_mixed_seed,11,4,0.8449772495481844,0.08172860966785458
i06o_m6,qlogehvi_mixed_seed,11,5,0.8449775030920343,0.08172860966785458
i06o_m6,qlogehvi_mixed_seed,11,6,0.8737500065241429,0.05311787198619661
i06o_m6,qlogehvi_mixed_seed,11,7,0.8737500065241429,0.05311787198619661
i06o_m6,qlogehvi_mixed_seed,11,8,0.8737500065241429,0.05311787198619661
i06o_m6,qlogehvi_mixed_seed,11,9,0.901552089262078,0.03138712009472596
i06o_m6,qlogehvi_mixed_seed,11,10,0.9092191701776069,0.02649009893058854
i06o_m6,qlogehvi_mixed_seed,11,11,0.925384271490588,0.014999087315404457
i06o_m6,qlogehvi_mixed_seed,11,12,0.925384271490588,0.014999087315404457
i06o_m6,qlogehvi_mixed_seed,11,13,0.925384271490588,0.014999087315404457
i06o_m6,qlogehvi_mixed_seed,11,14,0.925384271490588,0.014999087315404457
i06o_m6,qlogehvi_mixed_seed,11,15,0.925384271490588,0.014999087315404457
i06o_m6,qlogehvi_mixed_seed,11,16,0.9266469377950153,0.014051189041446309
i06o_m6,qlogehvi_mixed_seed,11,17,0.9266495757608102,0.017775682477954795
i06o_m6,qlogehvi_mixed_seed,11,18,0.9266496464553601,0.017294828325944853
i06o_m6,qlogehvi_mixed_seed,11,19,0.9266496464553601,0.017294828325944853
i06o_m6,qlogehvi_mixed_seed,11,20,0.9266496464553601,0.017294828325944853
i06o_m6,qlogehvi_mixed_seed,12,1,0.8436038439977291,0.08172860966785458
i06o_m6,qlogehvi_mixed_seed,12,2,0.8436038439977291,0.08172860966785458
i06o_m6,qlogehvi_mixed_seed,12,3,0.8442723761087239,0.08172860966785458
i06o_m6,qlogehvi_mixed_seed,12,4,0.8442723761087239,0.08172860966785458
i06o_m6,qlogehvi_mixed_seed,12,5,0.8442723761087239,0.08172860966785458
i06o_m6,qlogehvi_mixed_seed,12,6,0.8880619892743928,0.038500214995015665
i06o_m6,qlogehvi_mixed_seed,12,7,0.9251694275416062,0.01968158740992316
i06o_m6,qlogehvi_mixed_seed,12,8,0.930355937899851,0.017225082073636273
i06o_m6,qlogehvi_mixed_seed,12,9,0.930355937899851,0.017225082073636273
i06o_m6,qlogehvi_mixed_seed,12,10,0.930355937899851,0.017225082073636273
i06o_m6,qlogehvi_mixed_seed,12,11,0.930355937899851,0.017225082073636273
i06o_m6,qlogehvi_mixed_seed,12,12,0.930355937899851,0.017225082073636273
i06o_m6,qlogehvi_mixed_seed,12,13,0.930355937899851,0.017225082073636273
i06o_m6,qlogehvi_mixed_seed,12,14,0.930355937899851,0.017225082073636273
i06o_m6,qlogehvi_mixed_seed,12,15,0.930355937899851,0.017225082073636273
i06o_m6,qlogehvi_mixed_seed,12,16,0.930355937899851,0.017225082073636273
i06o_m6,qlogehvi_mixed_seed,12,17,0.930355937899851,0.017225082073636273
i06o_m6,qlogehvi_mixed_seed,12,18,0.930355937899851,0.017225082073636273
i06o_m6,qlogehvi_mixed_seed,12,19,0.930355937899851,0.017225082073636273
i06o_m6,qlogehvi_mixed_seed,12,20,0.930355937899851,0.017225082073636273
i06o_m6,qlogehvi_mixed_seed,13,1,0.8436038439977291,0.08172860966785458
i06o_m6,qlogehvi_mixed_seed,13,2,0.8438311321176767,0.08172860966785458
i06o_m6,qlogehvi_mixed_seed,13,3,0.8441748524927561,0.08172860966785458
i06o_m6,qlogehvi_mixed_seed,13,4,0.8443049706335181,0.08172860966785458
i06o_m6,qlogehvi_mixed_seed,13,5,0.8450156752451659,0.08172860966785458
i06o_m6,qlogehvi_mixed_seed,13,6,0.8450286144780372,0.08172860966785458
i06o_m6,qlogehvi_mixed_seed,13,7,0.8450286144780372,0.08172860966785458
i06o_m6,qlogehvi_mixed_seed,13,8,0.8450490320999064,0.08172860966785458
i06o_m6,qlogehvi_mixed_seed,13,9,0.8794179150379534,0.047314896382835925
i06o_m6,qlogehvi_mixed_seed,13,10,0.8794379680820098,0.047314896382835925
i06o_m6,qlogehvi_mixed_seed,13,11,0.8796073687381869,0.047314896382835925
i06o_m6,qlogehvi_mixed_seed,13,12,0.8796073687381869,0.047314896382835925
i06o_m6,qlogehvi_mixed_seed,13,13,0.9223482079241122,0.018304566223147266
i06o_m6,qlogehvi_mixed_seed,13,14,0.9223482079241122,0.018304566223147266
i06o_m6,qlogehvi_mixed_seed,13,15,0.9223482079241122,0.018304566223147266
i06o_m6,qlogehvi_mixed_seed,13,16,0.9223482079241122,0.018304566223147266
i06o_m6,qlogehvi_mixed_seed,13,17,0.9223482079241122,0.018304566223147266
i06o_m6,qlogehvi_mixed_seed,13,18,0.937639823196313,0.0135978673970432
i06o_m6,qlogehvi_mixed_seed,13,19,0.937639823196313,0.0135978673970432
i06o_m6,qlogehvi_mixed_seed,13,20,0.937639823196313,0.0135978673970432
i06o_m6,random,11,1,0.7894275580246338,0.1317267538117854
i06o_m6,random,11,2,0.8388615872531727,0.08678054449467414
i06o_m6,random,11,3,0.8388615872531727,0.08678054449467414
i06o_m6,random,11,4,0.8399575777374636,0.08678054449467414
i06o_m6,random,11,5,0.8586721457129437,0.06800864266703704
i06o_m6,random,11,6,0.8853013417644481,0.04138553133413055
i06o_m6,random,11,7,0.8853013417644481,0.04138553133413055
i06o_m6,random,11,8,0.8853013417644481,0.04138553133413055
i06o_m6,random,11,9,0.8853013417644481,0.04138553133413055
i06o_m6,random,11,10,0.8853013417644481,0.04138553133413055
i06o_m6,random,11,11,0.8853013417644481,0.04138553133413055
i06o_m6,random,11,12,0.8853013417644481,0.04138553133413055
i06o_m6,random,11,13,0.8853124324662144,0.04138553133413055
i06o_m6,random,11,14,0.8853124324662144,0.04138553133413055
i06o_m6,random,11,15,0.8853124324662144,0.04138553133413055
i06o_m6,random,11,16,0.8853124324662144,0.04138553133413055
i06o_m6,random,11,17,0.8853124324662144,0.04138553133413055
i06o_m6,random,11,18,0.8853124324662144,0.04138553133413055
i06o_m6,random,11,19,0.8853124324662144,0.04138553133413055
i06o_m6,random,11,20,0.8853124324662144,0.04138553133413055
i06o_m6,random,12,1,0.8600296538015785,0.06485162870761789
i06o_m6,random,12,2,0.8600296538015785,0.06485162870761789
i06o_m6,random,12,3,0.8612930600399069,0.06485162870761789
i06o_m6,random,12,4,0.8612930600399069,0.06485162870761789
i06o_m6,random,12,5,0.8612930600399069,0.06485162870761789
i06o_m6,random,12,6,0.8621419084245212,0.06485162870761789
i06o_m6,random,12,7,0.8621419084245212,0.06485162870761789
i06o_m6,random,12,8,0.8621422009166114,0.06485162870761789
i06o_m6,random,12,9,0.8758326465809496,0.05137196416378352
i06o_m6,random,12,10,0.8758326465809496,0.05137196416378352
i06o_m6,random,12,11,0.8758326465809496,0.05137196416378352
i06o_m6,random,12,12,0.8758326465809496,0.05137196416378352
i06o_m6,random,12,13,0.8758326465809496,0.05137196416378352
i06o_m6,random,12,14,0.8758326465809496,0.05137196416378352
i06o_m6,random,12,15,0.8758326465809496,0.05137196416378352
i06o_m6,random,12,16,0.8758326465809496,0.05137196416378352
i06o_m6,random,12,17,0.8758326465809496,0.05137196416378352
i06o_m6,random,12,18,0.8758326465809496,0.05137196416378352
i06o_m6,random,12,19,0.8758326465809496,0.05137196416378352
i06o_m6,random,12,20,0.8758326465809496,0.05137196416378352
i06o_m6,random,13,1,0.8510241715209498,0.07409339592964038
i06o_m6,random,13,2,0.8516165971746457,0.07409339592964038
i06o_m6,random,13,3,0.8519603175497251,0.07409339592964038
i06o_m6,random,13,4,0.8519603175497251,0.07409339592964038
i06o_m6,random,13,5,0.8519626097456229,0.07409339592964038
i06o_m6,random,13,6,0.8723528799982391,0.0542563597895585
i06o_m6,random,13,7,0.8728010550718798,0.0542563597895585
i06o_m6,random,13,8,0.8728010550718798,0.0542563597895585
i06o_m6,random,13,9,0.8728010550718798,0.0542563597895585
i06o_m6,random,13,10,0.8728010550718798,0.0542563597895585
i06o_m6,random,13,11,0.8728022322212706,0.0542563597895585
i06o_m6,random,13,12,0.8728022322212706,0.0542563597895585
i06o_m6,random,13,13,0.8728022322212706,0.0542563597895585
i06o_m6,random,13,14,0.8728022322212706,0.0542563597895585
i06o_m6,random,13,15,0.894850988369193,0.03482538961593136
i06o_m6,random,13,16,0.894850988369193,0.03482538961593136
i06o_m6,random,13,17,0.894850988369193,0.03482538961593136
i06o_m6,random,13,18,0.894850988369193,0.03482538961593136
i06o_m6,random,13,19,0.894850988369193,0.03482538961593136
i06o_m6,random,13,20,0.894850988369193,0.03482538961593136
i06o_m6,random_seed,11,1,0.8436038439977291,0.08172860966785458
i06o_m6,random_seed,11,2,0.8437532563351702,0.08172860966785458
i06o_m6,random_seed,11,3,0.8437532563351702,0.08172860966785458
i06o_m6,random_seed,11,4,0.8449772495481844,0.08172860966785458
i06o_m6,random_seed,11,5,0.8586721457129437,0.06800864266703704
i06o_m6,random_seed,11,6,0.8853013417644481,0.04138553133413055
i06o_m6,random_seed,11,7,0.8853013417644481,0.04138553133413055
i06o_m6,random_seed,11,8,0.8853013417644481,0.04138553133413055
i06o_m6,random_seed,11,9,0.8853013417644481,0.04138553133413055
i06o_m6,random_seed,11,10,0.8853013417644481,0.04138553133413055
i06o_m6,random_seed,11,11,0.8853013417644481,0.04138553133413055
i06o_m6,random_seed,11,12,0.8853013417644481,0.04138553133413055
i06o_m6,random_seed,11,13,0.8853124324662144,0.04138553133413055
i06o_m6,random_seed,11,14,0.8853124324662144,0.04138553133413055
i06o_m6,random_seed,11,15,0.8853124324662144,0.04138553133413055
i06o_m6,random_seed,11,16,0.8853124324662144,0.04138553133413055
i06o_m6,random_seed,11,17,0.8853124324662144,0.04138553133413055
i06o_m6,random_seed,11,18,0.8853124324662144,0.04138553133413055
i06o_m6,random_seed,11,19,0.8853124324662144,0.04138553133413055
i06o_m6,random_seed,11,20,0.8853124324662144,0.04138553133413055
i06o_m6,random_seed,12,1,0.8436038439977291,0.08172860966785458
i06o_m6,random_seed,12,2,0.8436038439977291,0.08172860966785458
i06o_m6,random_seed,12,3,0.8442723761087239,0.08172860966785458
i06o_m6,random_seed,12,4,0.8442723761087239,0.08172860966785458
i06o_m6,random_seed,12,5,0.8442723761087239,0.08172860966785458
i06o_m6,random_seed,12,6,0.8589489439708126,0.06780495433548331
i06o_m6,random_seed,12,7,0.8589489439708126,0.06780495433548331
i06o_m6,random_seed,12,8,0.8590783904348356,0.06780495433548331
i06o_m6,random_seed,12,9,0.8758326465809496,0.05137196416378352
i06o_m6,random_seed,12,10,0.8758326465809496,0.05137196416378352
i06o_m6,random_seed,12,11,0.8758326465809496,0.05137196416378352
i06o_m6,random_seed,12,12,0.8758326465809496,0.05137196416378352
i06o_m6,random_seed,12,13,0.8758326465809496,0.05137196416378352
i06o_m6,random_seed,12,14,0.8758326465809496,0.05137196416378352
i06o_m6,random_seed,12,15,0.8758326465809496,0.05137196416378352
i06o_m6,random_seed,12,16,0.8758326465809496,0.05137196416378352
i06o_m6,random_seed,12,17,0.8758326465809496,0.05137196416378352
i06o_m6,random_seed,12,18,0.8758326465809496,0.05137196416378352
i06o_m6,random_seed,12,19,0.8758326465809496,0.05137196416378352
i06o_m6,random_seed,12,20,0.8758326465809496,0.05137196416378352
i06o_m6,random_seed,13,1,0.8436038439977291,0.08172860966785458
i06o_m6,random_seed,13,2,0.8438311321176767,0.08172860966785458
i06o_m6,random_seed,13,3,0.8441748524927561,0.08172860966785458
i06o_m6,random_seed,13,4,0.8443049706335181,0.08172860966785458
i06o_m6,random_seed,13,5,0.8443227335890342,0.08172860966785458
i06o_m6,random_seed,13,6,0.8723409012547906,0.0542563597895585
i06o_m6,random_seed,13,7,0.8727923477879285,0.0542563597895585
i06o_m6,random_seed,13,8,0.8727923477879285,0.0542563597895585
i06o_m6,random_seed,13,9,0.8727923477879285,0.0542563597895585
i06o_m6,random_seed,13,10,0.8727923477879285,0.0542563597895585
i06o_m6,random_seed,13,11,0.8728022322212706,0.0542563597895585
i06o_m6,random_seed,13,12,0.8728022322212706,0.0542563597895585
i06o_m6,random_seed,13,13,0.8728022322212706,0.0542563597895585
i06o_m6,random_seed,13,14,0.8728022322212706,0.0542563597895585
i06o_m6,random_seed,13,15,0.894850988369193,0.03482538961593136
i06o_m6,random_seed,13,16,0.894850988369193,0.03482538961593136
i06o_m6,random_seed,13,17,0.894850988369193,0.03482538961593136
i06o_m6,random_seed,13,18,0.894850988369193,0.03482538961593136
i06o_m6,random_seed,13,19,0.894850988369193,0.03482538961593136
i06o_m6,random_seed,13,20,0.894850988369193,0.03482538961593136
i07o_m7,parego,11,1,0.0,nan
i07o_m7,parego,11,2,0.7788474041467179,0.1337155610207858
i07o_m7,parego,11,3,0.7788474041467179,0.1337155610207858
i07o_m7,parego,11,4,0.8205748918513207,0.10062313664938483
i07o_m7,parego,11,5,0.8205748918513207,0.10062313664938483
i07o_m7,parego,11,6,0.8205748918513207,0.10062313664938483
i07o_m7,parego,11,7,0.8205748918513207,0.10062313664938483
i07o_m7,parego,11,8,0.8342438340669736,0.08707024296967728
i07o_m7,parego,11,9,0.8342438340669736,0.08707024296967728
i07o_m7,parego,11,10,0.9005389422276704,0.02151326306513395
i07o_m7,parego,11,11,0.9005389422276704,0.02151326306513395
i07o_m7,parego,11,12,0.9005389422276704,0.02151326306513395
i07o_m7,parego,11,13,0.9109845883294344,0.012846871523703247
i07o_m7,parego,11,14,0.9109845883294344,0.012846871523703247
i07o_m7,parego,11,15,0.9109845883294344,0.012846871523703247
i07o_m7,parego,11,16,0.9109845883294344,0.012846871523703247
i07o_m7,parego,11,17,0.9109845883294344,0.012846871523703247
i07o_m7,parego,11,18,0.9109845883294344,0.012846871523703247
i07o_m7,parego,11,19,0.9109845883294344,0.012846871523703247
i07o_m7,parego,11,20,0.9109845883294344,0.012846871523703247
i07o_m7,parego,12,1,0.784386869854647,0.12978100946731203
i07o_m7,parego,12,2,0.784386869854647,0.12978100946731203
i07o_m7,parego,12,3,0.791555839057491,0.12737970308989272
i07o_m7,parego,12,4,0.791555839057491,0.12737970308989272
i07o_m7,parego,12,5,0.791555839057491,0.12737970308989272
i07o_m7,parego,12,6,0.8383396196219831,0.08038456881253396
i07o_m7,parego,12,7,0.8418680706663885,0.08038456881253396
i07o_m7,parego,12,8,0.8419831632834763,0.08038456881253396
i07o_m7,parego,12,9,0.8427262929795927,0.07970250608913405
i07o_m7,parego,12,10,0.8427262929795927,0.07970250608913405
i07o_m7,parego,12,11,0.8427262929795927,0.07970250608913405
i07o_m7,parego,12,12,0.9109845883294344,0.012846871523703247
i07o_m7,parego,12,13,0.9109845883294344,0.012846871523703247
i07o_m7,parego,12,14,0.9109845883294344,0.012846871523703247
i07o_m7,parego,12,15,0.9109845883294344,0.012846871523703247
i07o_m7,parego,12,16,0.9109845883294344,0.012846871523703247
i07o_m7,parego,12,17,0.9109845883294344,0.012846871523703247
i07o_m7,parego,12,18,0.9109845883294344,0.012846871523703247
i07o_m7,parego,12,19,0.9109845883294344,0.012846871523703247
i07o_m7,parego,12,20,0.9109845883294344,0.012846871523703247
i07o_m7,parego,13,1,0.8095833898861535,0.10784631907375301
i07o_m7,parego,13,2,0.8112581609424739,0.10784631907375301
i07o_m7,parego,13,3,0.8112581609424739,0.10784631907375301
i07o_m7,parego,13,4,0.8112581609424739,0.10784631907375301
i07o_m7,parego,13,5,0.8219452397088026,0.09737992735211833
i07o_m7,parego,13,6,0.8476477308762839,0.0725005336617696
i07o_m7,parego,13,7,0.8476477308762839,0.0725005336617696
i07o_m7,parego,13,8,0.8486557399418496,0.0725005336617696
i07o_m7,parego,13,9,0.8486820292502195,0.0725005336617696
i07o_m7,parego,13,10,0.8903859107074028,0.03267306813185542
i07o_m7,parego,13,11,0.8903859107074028,0.03267306813185542
i07o_m7,parego,13,12,0.9194040522745912,0.004387519460608425
i07o_m7,parego,13,13,0.9194040522745912,0.004387519460608425
i07o_m7,parego,13,14,0.9194040522745912,0.004387519460608425
i07o_m7,parego,13,15,0.9194040522745912,0.004387519460608425
i07o_m7,parego,13,16,0.9194040522745912,0.004387519460608425
i07o_m7,parego,13,17,0.9194040522745912,0.004387519460608425
i07o_m7,parego,13,18,0.9194040522745912,0.004387519460608425
i07o_m7,parego,13,19,0.9194040522745912,0.004387519460608425
i07o_m7,parego,13,20,0.9194040522745912,0.004387519460608425
i07o_m7,parego_seed,11,1,0.814854380731446,0.10568372809959399
i07o_m7,parego_seed,11,2,0.814854380731446,0.10568372809959399
i07o_m7,parego_seed,11,3,0.814854380731446,0.10568372809959399
i07o_m7,parego_seed,11,4,0.8205748918513207,0.10062313664938483
i07o_m7,parego_seed,11,5,0.829837568663596,0.09143065630210825
i07o_m7,parego_seed,11,6,0.8299911071327546,0.09143065630210825
i07o_m7,parego_seed,11,7,0.8299911071327546,0.09143065630210825
i07o_m7,parego_seed,11,8,0.8303369398371965,0.09108943147766704
i07o_m7,parego_seed,11,9,0.8344262836165386,0.08734080387140591
i07o_m7,parego_seed,11,10,0.9008424749651349,0.02151326306513395
i07o_m7,parego_seed,11,11,0.9020612711911902,0.02151326306513395
i07o_m7,parego_seed,11,12,0.9020612711911902,0.02151326306513395
i07o_m7,parego_seed,11,13,0.9020612711911902,0.02151326306513395
i07o_m7,parego_seed,11,14,0.9159787920089978,0.008293396830699695
i07o_m7,parego_seed,11,15,0.9159787920089978,0.008293396830699695
i07o_m7,parego_seed,11,16,0.9159787920089978,0.008293396830699695
i07o_m7,parego_seed,11,17,0.9159787920089978,0.008293396830699695
i07o_m7,parego_seed,11,18,0.9159787920089978,0.008293396830699695
i07o_m7,parego_seed,11,19,0.9159787920089978,0.008293396830699695
i07o_m7,parego_seed,11,20,0.9159787920089978,0.008293396830699695
i07o_m7,parego_seed,12,1,0.814854380731446,0.10568372809959399
i07o_m7,parego_seed,12,2,0.814854380731446,0.10568372809959399
i07o_m7,parego_seed,12,3,0.814854380731446,0.10568372809959399
i07o_m7,parego_seed,12,4,0.814854380731446,0.10568372809959399
i07o_m7,parego_seed,12,5,0.814854380731446,0.10568372809959399
i07o_m7,parego_seed,12,6,0.814854380731446,0.10568372809959399
i07o_m7,parego_seed,12,7,0.8186769647094047,0.10184563338781763
i07o_m7,parego_seed,12,8,0.84190634110626,0.08056827918464447
i07o_m7,parego_seed,12,9,0.847693342647948,0.07476793939505937
i07o_m7,parego_seed,12,10,0.8477719334806875,0.07476793939505937
i07o_m7,parego_seed,12,11,0.8477719334806875,0.07476793939505937
i07o_m7,parego_seed,12,12,0.8477719334806875,0.07476793939505937
i07o_m7,parego_seed,12,13,0.8477719689842906,0.07476793939505937
i07o_m7,parego_seed,12,14,0.8924539863356654,0.03097828897816666
i07o_m7,parego_seed,12,15,0.8924539863356654,0.03097828897816666
i07o_m7,parego_seed,12,16,0.8924539863356654,0.03097828897816666
i07o_m7,parego_seed,12,17,0.8924539863356654,0.03097828897816666
i07o_m7,parego_seed,12,18,0.8924539863356654,0.03097828897816666
i07o_m7,parego_seed,12,19,0.8924539863356654,0.03097828897816666
i07o_m7,parego_seed,12,20,0.8924539863356654,0.03097828897816666
i07o_m7,parego_seed,13,1,0.814854380731446,0.10568372809959399
i07o_m7,parego_seed,13,2,0.814854380731446,0.10568372809959399
i07o_m7,parego_seed,13,3,0.814854380731446,0.10568372809959399
i07o_m7,parego_seed,13,4,0.814854380731446,0.10568372809959399
i07o_m7,parego_seed,13,5,0.814854380731446,0.10568372809959399
i07o_m7,parego_seed,13,6,0.8299449633007419,0.09102250800719364
i07o_m7,parego_seed,13,7,0.8304756085066122,0.09102250800719364
i07o_m7,parego_seed,13,8,0.8473625590167423,0.07476793939505937
i07o_m7,parego_seed,13,9,0.8473625590167423,0.07476793939505937
i07o_m7,parego_seed,13,10,0.8473625590167423,0.07476793939505937
i07o_m7,parego_seed,13,11,0.8474884102760348,0.07476793939505937
i07o_m7,parego_seed,13,12,0.8474884102760348,0.07476793939505937
i07o_m7,parego_seed,13,13,0.8474884102760348,0.07476793939505937
i07o_m7,parego_seed,13,14,0.8474884102760348,0.07476793939505937
i07o_m7,parego_seed,13,15,0.8765897065992128,0.045574390020263617
i07o_m7,parego_seed,13,16,0.8768767185896451,0.045574390020263617
i07o_m7,parego_seed,13,17,0.8768981981909224,0.045574390020263617
i07o_m7,parego_seed,13,18,0.8769944521488799,0.045574390020263617
i07o_m7,parego_seed,13,19,0.8769944521488799,0.045574390020263617
i07o_m7,parego_seed,13,20,0.8769944521488799,0.045574390020263617
i07o_m7,qlogehvi_mixed,11,1,0.0,nan
i07o_m7,qlogehvi_mixed,11,2,0.7788474041467179,0.1337155610207858
i07o_m7,qlogehvi_mixed,11,3,0.7788474041467179,0.1337155610207858
i07o_m7,qlogehvi_mixed,11,4,0.8205748918513207,0.10062313664938483
i07o_m7,qlogehvi_mixed,11,5,0.8205748918513207,0.10062313664938483
i07o_m7,qlogehvi_mixed,11,6,0.8378620303053756,0.08393561038822658
i07o_m7,qlogehvi_mixed,11,7,0.8378620303053756,0.08393561038822658
i07o_m7,qlogehvi_mixed,11,8,0.9222531043607958,0.0021879903146948603
i07o_m7,qlogehvi_mixed,11,9,0.9223686674579061,0.0021879903146948603
i07o_m7,qlogehvi_mixed,11,10,0.9223686674579061,0.0021879903146948603
i07o_m7,qlogehvi_mixed,11,11,0.9223686674579061,0.0021879903146948603
i07o_m7,qlogehvi_mixed,11,12,0.9223686674579061,0.0021879903146948603
i07o_m7,qlogehvi_mixed,11,13,0.9223686674579061,0.0021879903146948603
i07o_m7,qlogehvi_mixed,11,14,0.9223691453536262,0.0021879903146948603
i07o_m7,qlogehvi_mixed,11,15,0.9223691453536262,0.0021879903146948603
i07o_m7,qlogehvi_mixed,11,16,0.9223691453536262,0.0021879903146948603
i07o_m7,qlogehvi_mixed,11,17,0.9223691453536262,0.0021879903146948603
i07o_m7,qlogehvi_mixed,11,18,0.9223691453536262,0.0021879903146948603
i07o_m7,qlogehvi_mixed,11,19,0.9223691453536262,0.0021879903146948603
i07o_m7,qlogehvi_mixed,11,20,0.9246658838417062,9.027041541659278e-05
i07o_m7,qlogehvi_mixed,12,1,0.784386869854647,0.12978100946731203
i07o_m7,qlogehvi_mixed,12,2,0.784386869854647,0.12978100946731203
i07o_m7,qlogehvi_mixed,12,3,0.791555839057491,0.12737970308989272
i07o_m7,qlogehvi_mixed,12,4,0.791555839057491,0.12737970308989272
i07o_m7,qlogehvi_mixed,12,5,0.791555839057491,0.12737970308989272
i07o_m7,qlogehvi_mixed,12,6,0.8410797291326276,0.08155091109293569
i07o_m7,qlogehvi_mixed,12,7,0.8410797291326276,0.08155091109293569
i07o_m7,qlogehvi_mixed,12,8,0.8410797291326276,0.08155091109293569
i07o_m7,qlogehvi_mixed,12,9,0.9222531043607958,0.0021879903146948603
i07o_m7,qlogehvi_mixed,12,10,0.9222531043607958,0.0021879903146948603
i07o_m7,qlogehvi_mixed,12,11,0.9222531043607958,0.0021879903146948603
i07o_m7,qlogehvi_mixed,12,12,0.9222531043607958,0.0021879903146948603
i07o_m7,qlogehvi_mixed,12,13,0.9222531043607958,0.0021879903146948603
i07o_m7,qlogehvi_mixed,12,14,0.9222531043607958,0.0021879903146948603
i07o_m7,qlogehvi_mixed,12,15,0.9230994663951702,0.0014446463921206853
i07o_m7,qlogehvi_mixed,12,16,0.9230994663951702,0.0014446463921206853
i07o_m7,qlogehvi_mixed,12,17,0.9246658838417062,9.027041541659278e-05
i07o_m7,qlogehvi_mixed,12,18,0.9246658838417062,9.027041541659278e-05
i07o_m7,qlogehvi_mixed,12,19,0.9246658838417062,9.027041541659278e-05
i07o_m7,qlogehvi_mixed,12,20,0.9246658838417062,9.027041541659278e-05
i07o_m7,qlogehvi_mixed,13,1,0.8095833898861535,0.10784631907375301
i07o_m7,qlogehvi_mixed,13,2,0.8112581609424739,0.10784631907375301
i07o_m7,qlogehvi_mixed,13,3,0.8112581609424739,0.10784631907375301
i07o_m7,qlogehvi_mixed,13,4,0.8112581609424739,0.10784631907375301
i07o_m7,qlogehvi_mixed,13,5,0.8112581609424739,0.10784631907375301
i07o_m7,qlogehvi_mixed,13,6,0.8401185540627595,0.08258566260743731
i07o_m7,qlogehvi_mixed,13,7,0.8406782144633124,0.08228254838953317
i07o_m7,qlogehvi_mixed,13,8,0.9226182018453917,0.001803996634588428
i07o_m7,qlogehvi_mixed,13,9,0.9246110481792136,9.499439427150887e-05
i07o_m7,qlogehvi_mixed,13,10,0.9246110481792136,9.499439427150887e-05
i07o_m7,qlogehvi_mixed,13,11,0.9246110481792136,9.499439427150887e-05
i07o_m7,qlogehvi_mixed,13,12,0.9246110481792136,9.499439427150887e-05
i07o_m7,qlogehvi_mixed,13,13,0.9246110481792136,9.499439427150887e-05
i07o_m7,qlogehvi_mixed,13,14,0.9246110481792136,9.499439427150887e-05
i07o_m7,qlogehvi_mixed,13,15,0.9246110481792136,9.499439427150887e-05
i07o_m7,qlogehvi_mixed,13,16,0.9246110481792136,9.499439427150887e-05
i07o_m7,qlogehvi_mixed,13,17,0.9246110481792136,9.499439427150887e-05
i07o_m7,qlogehvi_mixed,13,18,0.9246110481792136,9.499439427150887e-05
i07o_m7,qlogehvi_mixed,13,19,0.9246664743505844,3.632470120053549e-05
i07o_m7,qlogehvi_mixed,13,20,0.9246679574105462,3.632470120053549e-05
i07o_m7,qlogehvi_mixed_seed,11,1,0.814854380731446,0.10568372809959399
i07o_m7,qlogehvi_mixed_seed,11,2,0.814854380731446,0.10568372809959399
i07o_m7,qlogehvi_mixed_seed,11,3,0.814854380731446,0.10568372809959399
i07o_m7,qlogehvi_mixed_seed,11,4,0.8205748918513207,0.10062313664938483
i07o_m7,qlogehvi_mixed_seed,11,5,0.8205748918513207,0.10062313664938483
i07o_m7,qlogehvi_mixed_seed,11,6,0.8205748918513207,0.10062313664938483
i07o_m7,qlogehvi_mixed_seed,11,7,0.8216547180186637,0.0996436655809215
i07o_m7,qlogehvi_mixed_seed,11,8,0.8216547180186637,0.0996436655809215
i07o_m7,qlogehvi_mixed_seed,11,9,0.821873070714388,0.0996436655809215
i07o_m7,qlogehvi_mixed_seed,11,10,0.836147358648177,0.08545467497034438
i07o_m7,qlogehvi_mixed_seed,11,11,0.8410797291326276,0.08155091109293569
i07o_m7,qlogehvi_mixed_seed,11,12,0.8410797291326276,0.08155091109293569
i07o_m7,qlogehvi_mixed_seed,11,13,0.8456137292130916,0.0772877462039812
i07o_m7,qlogehvi_mixed_seed,11,14,0.8456137292130916,0.0772877462039812
i07o_m7,qlogehvi_mixed_seed,11,15,0.8456137292130916,0.0772877462039812
i07o_m7,qlogehvi_mixed_seed,11,16,0.8456137292130916,0.0772877462039812
i07o_m7,qlogehvi_mixed_seed,11,17,0.8461563976509979,0.0772877462039812
i07o_m7,qlogehvi_mixed_seed,11,18,0.8461563976509979,0.0772877462039812
i07o_m7,qlogehvi_mixed_seed,11,19,0.8461563976509979,0.0772877462039812
i07o_m7,qlogehvi_mixed_seed,11,20,0.8461563976509979,0.0772877462039812
i07o_m7,qlogehvi_mixed_seed,12,1,0.814854380731446,0.10568372809959399
i07o_m7,qlogehvi_mixed_seed,12,2,0.814854380731446,0.10568372809959399
i07o_m7,qlogehvi_mixed_seed,12,3,0.814854380731446,0.10568372809959399
i07o_m7,qlogehvi_mixed_seed,12,4,0.814854380731446,0.10568372809959399
i07o_m7,qlogehvi_mixed_seed,12,5,0.8150382377498341,0.10568372809959399
i07o_m7,qlogehvi_mixed_seed,12,6,0.9246110481792136,9.499439427150887e-05
i07o_m7,qlogehvi_mixed_seed,12,7,0.9246110481792136,9.499439427150887e-05
i07o_m7,qlogehvi_mixed_seed,12,8,0.9246110481792136,9.499439427150887e-05
i07o_m7,qlogehvi_mixed_seed,12,9,0.9246110481792136,9.499439427150887e-05
i07o_m7,qlogehvi_mixed_seed,12,10,0.9246110481792136,9.499439427150887e-05
i07o_m7,qlogehvi_mixed_seed,12,11,0.9246110481792136,9.499439427150887e-05
i07o_m7,qlogehvi_mixed_seed,12,12,0.9246110481792136,9.499439427150887e-05
i07o_m7,qlogehvi_mixed_seed,12,13,0.9246110481792136,9.499439427150887e-05
i07o_m7,qlogehvi_mixed_seed,12,14,0.9246110481792136,9.499439427150887e-05
i07o_m7,qlogehvi_mixed_seed,12,15,0.9246110481792136,9.499439427150887e-05
i07o_m7,qlogehvi_mixed_seed,12,16,0.9246110481792136,9.499439427150887e-05
i07o_m7,qlogehvi_mixed_seed,12,17,0.9246669877450188,4.8486097645346835e-05
i07o_m7,qlogehvi_mixed_seed,12,18,0.9246669877450188,4.8486097645346835e-05
i07o_m7,qlogehvi_mixed_seed,12,19,0.9246669877450188,4.8486097645346835e-05
i07o_m7,qlogehvi_mixed_seed,12,20,0.9246669877564619,3.9630356748306594e-05
i07o_m7,qlogehvi_mixed_seed,13,1,0.814854380731446,0.10568372809959399
i07o_m7,qlogehvi_mixed_seed,13,2,0.814854380731446,0.10568372809959399
i07o_m7,qlogehvi_mixed_seed,13,3,0.814854380731446,0.10568372809959399
i07o_m7,qlogehvi_mixed_seed,13,4,0.814854380731446,0.10568372809959399
i07o_m7,qlogehvi_mixed_seed,13,5,0.814854380731446,0.10568372809959399
i07o_m7,qlogehvi_mixed_seed,13,6,0.9163368227207965,0.007305901550847744
i07o_m7,qlogehvi_mixed_seed,13,7,0.9212360997003736,0.0029740265838408293
i07o_m7,qlogehvi_mixed_seed,13,8,0.9244043380665136,0.0003615781285528236
i07o_m7,qlogehvi_mixed_seed,13,9,0.9247248455255986,6.300610195551106e-05
i07o_m7,qlogehvi_mixed_seed,13,10,0.9247248455255986,6.300610195551106e-05
i07o_m7,qlogehvi_mixed_seed,13,11,0.9247248455255986,6.300610195551106e-05
i07o_m7,qlogehvi_mixed_seed,13,12,0.9247248455255986,6.300610195551106e-05
i07o_m7,qlogehvi_mixed_seed,13,13,0.9247248455255986,6.300610195551106e-05
i07o_m7,qlogehvi_mixed_seed,13,14,0.9247248455255986,6.300610195551106e-05
i07o_m7,qlogehvi_mixed_seed,13,15,0.9247248455255986,6.300610195551106e-05
i07o_m7,qlogehvi_mixed_seed,13,16,0.9247248455255986,6.300610195551106e-05
i07o_m7,qlogehvi_mixed_seed,13,17,0.9247248455255986,6.300610195551106e-05
i07o_m7,qlogehvi_mixed_seed,13,18,0.9251163720421223,4.3295075890371825e-05
i07o_m7,qlogehvi_mixed_seed,13,19,0.9251163720421223,4.3295075890371825e-05
i07o_m7,qlogehvi_mixed_seed,13,20,0.9251163720421223,4.3295075890371825e-05
i07o_m7,random,11,1,0.0,nan
i07o_m7,random,11,2,0.7788474041467179,0.1337155610207858
i07o_m7,random,11,3,0.7788474041467179,0.1337155610207858
i07o_m7,random,11,4,0.8205748918513207,0.10062313664938483
i07o_m7,random,11,5,0.8205748918513207,0.10062313664938483
i07o_m7,random,11,6,0.8205748918513207,0.10062313664938483
i07o_m7,random,11,7,0.8205748918513207,0.10062313664938483
i07o_m7,random,11,8,0.8205748918513207,0.10062313664938483
i07o_m7,random,11,9,0.8364414467042792,0.08508800827353627
i07o_m7,random,11,10,0.8364414467042792,0.08508800827353627
i07o_m7,random,11,11,0.8364414467042792,0.08508800827353627
i07o_m7,random,11,12,0.8364414467042792,0.08508800827353627
i07o_m7,random,11,13,0.8364414467042792,0.08508800827353627
i07o_m7,random,11,14,0.8364414467042792,0.08508800827353627
i07o_m7,random,11,15,0.8364414467042792,0.08508800827353627
i07o_m7,random,11,16,0.8364414467042792,0.08508800827353627
i07o_m7,random,11,17,0.8364414467042792,0.08508800827353627
i07o_m7,random,11,18,0.8364423937519143,0.08508800827353627
i07o_m7,random,11,19,0.8364423937519143,0.08508800827353627
i07o_m7,random,11,20,0.8364423937519143,0.08508800827353627
i07o_m7,random,12,1,0.784386869854647,0.12978100946731203
i07o_m7,random,12,2,0.784386869854647,0.12978100946731203
i07o_m7,random,12,3,0.791555839057491,0.12737970308989272
i07o_m7,random,12,4,0.791555839057491,0.12737970308989272
i07o_m7,random,12,5,0.791555839057491,0.12737970308989272
i07o_m7,random,12,6,0.791555839057491,0.12737970308989272
i07o_m7,random,12,7,0.791555839057491,0.12737970308989272
i07o_m7,random,12,8,0.791555839057491,0.12737970308989272
i07o_m7,random,12,9,0.791555839057491,0.12737970308989272
i07o_m7,random,12,10,0.791555839057491,0.12737970308989272
i07o_m7,random,12,11,0.792348662781505,0.12737970308989272
i07o_m7,random,12,12,0.792348662781505,0.12737970308989272
i07o_m7,random,12,13,0.80294727474524,0.11715137500946234
i07o_m7,random,12,14,0.80294727474524,0.11715137500946234
i07o_m7,random,12,15,0.80294727474524,0.11715137500946234
i07o_m7,random,12,16,0.80294727474524,0.11715137500946234
i07o_m7,random,12,17,0.80294727474524,0.11715137500946234
i07o_m7,random,12,18,0.80294727474524,0.11715137500946234
i07o_m7,random,12,19,0.8448731936508592,0.07485426618990296
i07o_m7,random,12,20,0.8448731936508592,0.07485426618990296
i07o_m7,random,13,1,0.8095833898861535,0.10784631907375301
i07o_m7,random,13,2,0.8112581609424739,0.10784631907375301
i07o_m7,random,13,3,0.8112581609424739,0.10784631907375301
i07o_m7,random,13,4,0.8112581609424739,0.10784631907375301
i07o_m7,random,13,5,0.8112774164144315,0.10784631907375301
i07o_m7,random,13,6,0.843548207879564,0.07663493222892785
i07o_m7,random,13,7,0.8436526108043647,0.07663493222892785
i07o_m7,random,13,8,0.8436526108043647,0.07663493222892785
i07o_m7,random,13,9,0.8436526108043647,0.07663493222892785
i07o_m7,random,13,10,0.8436526108043647,0.07663493222892785
i07o_m7,random,13,11,0.8436526108043647,0.07663493222892785
i07o_m7,random,13,12,0.8436526108043647,0.07663493222892785
i07o_m7,random,13,13,0.8436526108043647,0.07663493222892785
i07o_m7,random,13,14,0.8436526108043647,0.07663493222892785
i07o_m7,random,13,15,0.8646991312256388,0.0570114053430262
i07o_m7,random,13,16,0.8646991312256388,0.0570114053430262
i07o_m7,random,13,17,0.8651129225842403,0.0570114053430262
i07o_m7,random,13,18,0.8651129225842403,0.0570114053430262
i07o_m7,random,13,19,0.8651129225842403,0.0570114053430262
i07o_m7,random,13,20,0.8651129225842403,0.0570114053430262
i07o_m7,random_seed,11,1,0.814854380731446,0.10568372809959399
i07o_m7,random_seed,11,2,0.814854380731446,0.10568372809959399
i07o_m7,random_seed,11,3,0.814854380731446,0.10568372809959399
i07o_m7,random_seed,11,4,0.8205748918513207,0.10062313664938483
i07o_m7,random_seed,11,5,0.8205748918513207,0.10062313664938483
i07o_m7,random_seed,11,6,0.8205748918513207,0.10062313664938483
i07o_m7,random_seed,11,7,0.8205748918513207,0.10062313664938483
i07o_m7,random_seed,11,8,0.8205748918513207,0.10062313664938483
i07o_m7,random_seed,11,9,0.8364414467042792,0.08508800827353627
i07o_m7,random_seed,11,10,0.8364414467042792,0.08508800827353627
i07o_m7,random_seed,11,11,0.8364414467042792,0.08508800827353627
i07o_m7,random_seed,11,12,0.8364414467042792,0.08508800827353627
i07o_m7,random_seed,11,13,0.8364414467042792,0.08508800827353627
i07o_m7,random_seed,11,14,0.8364414467042792,0.08508800827353627
i07o_m7,random_seed,11,15,0.8364414467042792,0.08508800827353627
i07o_m7,random_seed,11,16,0.8364414467042792,0.08508800827353627
i07o_m7,random_seed,11,17,0.8364414467042792,0.08508800827353627
i07o_m7,random_seed,11,18,0.8364423937519143,0.08508800827353627
i07o_m7,random_seed,11,19,0.8364423937519143,0.08508800827353627
i07o_m7,random_seed,11,20,0.8364423937519143,0.08508800827353627
i07o_m7,random_seed,12,1,0.814854380731446,0.10568372809959399
i07o_m7,random_seed,12,2,0.814854380731446,0.10568372809959399
i07o_m7,random_seed,12,3,0.814854380731446,0.10568372809959399
i07o_m7,random_seed,12,4,0.814854380731446,0.10568372809959399
i07o_m7,random_seed,12,5,0.814854380731446,0.10568372809959399
i07o_m7,random_seed,12,6,0.814854380731446,0.10568372809959399
i07o_m7,random_seed,12,7,0.814854380731446,0.10568372809959399
i07o_m7,random_seed,12,8,0.814854380731446,0.10568372809959399
i07o_m7,random_seed,12,9,0.814854380731446,0.10568372809959399
i07o_m7,random_seed,12,10,0.814854380731446,0.10568372809959399
i07o_m7,random_seed,12,11,0.814854380731446,0.10568372809959399
i07o_m7,random_seed,12,12,0.814854380731446,0.10568372809959399
i07o_m7,random_seed,12,13,0.814854380731446,0.10568372809959399
i07o_m7,random_seed,12,14,0.814854380731446,0.10568372809959399
i07o_m7,random_seed,12,15,0.814854380731446,0.10568372809959399
i07o_m7,random_seed,12,16,0.814854380731446,0.10568372809959399
i07o_m7,random_seed,12,17,0.814854380731446,0.10568372809959399
i07o_m7,random_seed,12,18,0.814854380731446,0.10568372809959399
i07o_m7,random_seed,12,19,0.8455265039746241,0.07485426618990296
i07o_m7,random_seed,12,20,0.8455265039746241,0.07485426618990296
i07o_m7,random_seed,13,1,0.814854380731446,0.10568372809959399
i07o_m7,random_seed,13,2,0.814854380731446,0.10568372809959399
i07o_m7,random_seed,13,3,0.814854380731446,0.10568372809959399
i07o_m7,random_seed,13,4,0.814854380731446,0.10568372809959399
i07o_m7,random_seed,13,5,0.814854380731446,0.10568372809959399
i07o_m7,random_seed,13,6,0.8443138920022103,0.07663493222892785
i07o_m7,random_seed,13,7,0.8443676866659305,0.07663493222892785
i07o_m7,random_seed,13,8,0.8443676866659305,0.07663493222892785
i07o_m7,random_seed,13,9,0.8443676866659305,0.07663493222892785
i07o_m7,random_seed,13,10,0.8443676866659305,0.07663493222892785
i07o_m7,random_seed,13,11,0.8443676866659305,0.07663493222892785
i07o_m7,random_seed,13,12,0.8443676866659305,0.07663493222892785
i07o_m7,random_seed,13,13,0.8443676866659305,0.07663493222892785
i07o_m7,random_seed,13,14,0.8443676866659305,0.07663493222892785
i07o_m7,random_seed,13,15,0.8646991312256388,0.0570114053430262
i07o_m7,random_seed,13,16,0.8646991312256388,0.0570114053430262
i07o_m7,random_seed,13,17,0.8651129225842403,0.0570114053430262
i07o_m7,random_seed,13,18,0.8651129225842403,0.0570114053430262
i07o_m7,random_seed,13,19,0.8651129225842403,0.0570114053430262
i07o_m7,random_seed,13,20,0.8651129225842403,0.0570114053430262
i08o_m8,parego,11,1,0.04591223842799329,0.8960940766477878
i08o_m8,parego,11,2,0.5807970876980992,0.19579961605435242
i08o_m8,parego,11,3,0.5807970876980992,0.19579961605435242
i08o_m8,parego,11,4,0.7032841347905624,0.0815327196405688
i08o_m8,parego,11,5,0.7032841347905624,0.0815327196405688
i08o_m8,parego,11,6,0.7032841347905624,0.0815327196405688
i08o_m8,parego,11,7,0.706281772057217,0.0815327196405688
i08o_m8,parego,11,8,0.706281772057217,0.0815327196405688
i08o_m8,parego,11,9,0.7708181788036532,0.02375055663158856
i08o_m8,parego,11,10,0.7708181788036532,0.02375055663158856
i08o_m8,parego,11,11,0.7708181788036532,0.02375055663158856
i08o_m8,parego,11,12,0.7708181788036532,0.02375055663158856
i08o_m8,parego,11,13,0.780319914775557,0.016604658703887706
i08o_m8,parego,11,14,0.7851367448956775,0.013677266813189499
i08o_m8,parego,11,15,0.7851367448956775,0.013677266813189499
i08o_m8,parego,11,16,0.7851367448956775,0.013677266813189499
i08o_m8,parego,11,17,0.7851367448956775,0.013677266813189499
i08o_m8,parego,11,18,0.7851367448956775,0.013677266813189499
i08o_m8,parego,11,19,0.7851367448956775,0.013677266813189499
i08o_m8,parego,11,20,0.7851369623704223,0.013677266813189499
i08o_m8,parego,12,1,0.5698926895864908,0.20627670460411615
i08o_m8,parego,12,2,0.5698926895864908,0.20627670460411615
i08o_m8,parego,12,3,0.6139979198395413,0.16775256061345964
i08o_m8,parego,12,4,0.6139979198395413,0.16775256061345964
i08o_m8,parego,12,5,0.6139979198395413,0.16775256061345964
i08o_m8,parego,12,6,0.6139979198395413,0.16775256061345964
i08o_m8,parego,12,7,0.6356303273375247,0.14853607460165788
i08o_m8,parego,12,8,0.6700805483713472,0.11390871711862117
i08o_m8,parego,12,9,0.7056813346709456,0.07861226831062451
i08o_m8,parego,12,10,0.7099596936899037,0.07577377407940107
i08o_m8,parego,12,11,0.7791727635743699,0.01580175713024147
i08o_m8,parego,12,12,0.7852772910902662,0.012204468873008838
i08o_m8,parego,12,13,0.7852772910902662,0.012204468873008838
i08o_m8,parego,12,14,0.8007930595897566,0.00840744762148301
i08o_m8,parego,12,15,0.8016400652742967,0.007745607494054993
i08o_m8,parego,12,16,0.8016400652742967,0.007745607494054993
i08o_m8,parego,12,17,0.8016406028472939,0.00750949839424496
i08o_m8,parego,12,18,0.8016406028472939,0.00750949839424496
i08o_m8,parego,12,19,0.8016406028472939,0.00750949839424496
i08o_m8,parego,12,20,0.8016406028472939,0.00750949839424496
i08o_m8,parego,13,1,0.5947110977731033,0.18164759417125334
i08o_m8,parego,13,2,0.6036200679054511,0.17771274837415835
i08o_m8,parego,13,3,0.6036200679054511,0.17771274837415835
i08o_m8,parego,13,4,0.6036200679054511,0.17771274837415835
i08o_m8,parego,13,5,0.6132469910113172,0.16782814590714076
i08o_m8,parego,13,6,0.7340893588285178,0.05782962403769377
i08o_m8,parego,13,7,0.7340893588285178,0.05782962403769377
i08o_m8,parego,13,8,0.7504680170354502,0.04144740256954925
i08o_m8,parego,13,9,0.7591213382397,0.03341318994873796
i08o_m8,parego,13,10,0.7907596402106768,0.012482308340879275
i08o_m8,parego,13,11,0.7910181180475919,0.010271836832796644
i08o_m8,parego,13,12,0.7930329759525787,0.009311709969904752
i08o_m8,parego,13,13,0.7930329759525787,0.009311709969904752
i08o_m8,parego,13,14,0.7930329759525787,0.009311709969904752
i08o_m8,parego,13,15,0.7930329759525787,0.009311709969904752
i08o_m8,parego,13,16,0.7930329759525787,0.009311709969904752
i08o_m8,parego,13,17,0.7930329759525787,0.009311709969904752
i08o_m8,parego,13,18,0.7930329759525787,0.009311709969904752
i08o_m8,parego,13,19,0.7930329759525787,0.009311709969904752
i08o_m8,parego,13,20,0.7949102061454901,0.008258552940430893
i08o_m8,parego_seed,11,1,0.0,nan
i08o_m8,parego_seed,11,2,0.5807970876980992,0.19579961605435242
i08o_m8,parego_seed,11,3,0.5807970876980992,0.19579961605435242
i08o_m8,parego_seed,11,4,0.7032841347905624,0.0815327196405688
i08o_m8,parego_seed,11,5,0.7032841347905624,0.0815327196405688
i08o_m8,parego_seed,11,6,0.7032841347905624,0.0815327196405688
i08o_m8,parego_seed,11,7,0.7414720651568703,0.048500553034916655
i08o_m8,parego_seed,11,8,0.7414720651568703,0.048500553034916655
i08o_m8,parego_seed,11,9,0.7418386185547623,0.048500553034916655
i08o_m8,parego_seed,11,10,0.7418386185547623,0.048500553034916655
i08o_m8,parego_seed,11,11,0.7418386185547623,0.048500553034916655
i08o_m8,parego_seed,11,12,0.7418386185547623,0.048500553034916655
i08o_m8,parego_seed,11,13,0.7602610809287114,0.03230704760852678
i08o_m8,parego_seed,11,14,0.7602610809287114,0.03230704760852678
i08o_m8,parego_seed,11,15,0.762123541500232,0.03230704760852678
i08o_m8,parego_seed,11,16,0.7677951736399454,0.021994951717762
i08o_m8,parego_seed,11,17,0.7698079258773384,0.021952916271864076
i08o_m8,parego_seed,11,18,0.7698079258773384,0.021952916271864076
i08o_m8,parego_seed,11,19,0.7698079258773384,0.021952916271864076
i08o_m8,parego_seed,11,20,0.7747058071735506,0.017660384091916583
i08o_m8,parego_seed,12,1,0.0,nan
i08o_m8,parego_seed,12,2,0.048230640285761926,0.8416144868991197
i08o_m8,parego_seed,12,3,0.6139979198395413,0.16775256061345964
i08o_m8,parego_seed,12,4,0.6139979198395413,0.16775256061345964
i08o_m8,parego_seed,12,5,0.6139979198395413,0.16775256061345964
i08o_m8,parego_seed,12,6,0.7090915929918811,0.07771427468209582
i08o_m8,parego_seed,12,7,0.7090915929918811,0.07771427468209582
i08o_m8,parego_seed,12,8,0.7631837501850036,0.026848803152222975
i08o_m8,parego_seed,12,9,0.7631837501850036,0.026848803152222975
i08o_m8,parego_seed,12,10,0.7631837501850036,0.026848803152222975
i08o_m8,parego_seed,12,11,0.7631837501850036,0.026848803152222975
i08o_m8,parego_seed,12,12,0.7946479652346558,0.013358474431305818
i08o_m8,parego_seed,12,13,0.7946479652346558,0.013358474431305818
i08o_m8,parego_seed,12,14,0.7946479652346558,0.013358474431305818
i08o_m8,parego_seed,12,15,0.7946479652346558,0.013358474431305818
i08o_m8,parego_seed,12,16,0.7946479652346558,0.013358474431305818
i08o_m8,parego_seed,12,17,0.7957719015536713,0.008849771398140962
i08o_m8,parego_seed,12,18,0.7957719015536713,0.008849771398140962
i08o_m8,parego_seed,12,19,0.7957719015536713,0.008849771398140962
i08o_m8,parego_seed,12,20,0.8158318569677963,0.005138144382801512
i08o_m8,parego_seed,13,1,0.0,nan
i08o_m8,parego_seed,13,2,0.6036200679054511,0.17771274837415835
i08o_m8,parego_seed,13,3,0.6036200679054511,0.17771274837415835
i08o_m8,parego_seed,13,4,0.6036200679054511,0.17771274837415835
i08o_m8,parego_seed,13,5,0.6037213764913191,0.17771274837415835
i08o_m8,parego_seed,13,6,0.6128283586942149,0.16945543528517462
i08o_m8,parego_seed,13,7,0.6128283586942149,0.16945543528517462
i08o_m8,parego_seed,13,8,0.6128283586942149,0.16945543528517462
i08o_m8,parego_seed,13,9,0.6128283586942149,0.16945543528517462
i08o_m8,parego_seed,13,10,0.6128283586942149,0.16945543528517462
i08o_m8,parego_seed,13,11,0.6128283586942149,0.16945543528517462
i08o_m8,parego_seed,13,12,0.6668449242559762,0.1179729224771722
i08o_m8,parego_seed,13,13,0.7367869728855716,0.049637599109598265
i08o_m8,parego_seed,13,14,0.7367869728855716,0.049637599109598265
i08o_m8,parego_seed,13,15,0.7367869728855716,0.049637599109598265
i08o_m8,parego_seed,13,16,0.7367869728855716,0.049637599109598265
i08o_m8,parego_seed,13,17,0.7367869728855716,0.049637599109598265
i08o_m8,parego_seed,13,18,0.7367869728855716,0.049637599109598265
i08o_m8,parego_seed,13,19,0.7367869728855716,0.049637599109598265
i08o_m8,parego_seed,13,20,0.739845859101414,0.048336836468620234
i08o_m8,qlogehvi_mixed,11,1,0.04591223842799329,0.8960940766477878
i08o_m8,qlogehvi_mixed,11,2,0.5807970876980992,0.19579961605435242
i08o_m8,qlogehvi_mixed,11,3,0.5807970876980992,0.19579961605435242
i08o_m8,qlogehvi_mixed,11,4,0.7032841347905624,0.0815327196405688
i08o_m8,qlogehvi_mixed,11,5,0.7088273256630857,0.07880425864486527
i08o_m8,qlogehvi_mixed,11,6,0.7088273256630857,0.07880425864486527
i08o_m8,qlogehvi_mixed,11,7,0.7088273256630857,0.07880425864486527
i08o_m8,qlogehvi_mixed,11,8,0.7088273256630857,0.07880425864486527
i08o_m8,qlogehvi_mixed,11,9,0.7088273256630857,0.07880425864486527
i08o_m8,qlogehvi_mixed,11,10,0.7088273256630857,0.07880425864486527
i08o_m8,qlogehvi_mixed,11,11,0.7996740264500485,0.018666003699556125
i08o_m8,qlogehvi_mixed,11,12,0.7996740264500485,0.018666003699556125
i08o_m8,qlogehvi_mixed,11,13,0.7996740264500485,0.018666003699556125
i08o_m8,qlogehvi_mixed,11,14,0.7996740264500485,0.018666003699556125
i08o_m8,qlogehvi_mixed,11,15,0.7996740264500485,0.018666003699556125
i08o_m8,qlogehvi_mixed,11,16,0.800517808558732,0.01737097812893967
i08o_m8,qlogehvi_mixed,11,17,0.8323173783142019,0.014767110357037662
i08o_m8,qlogehvi_mixed,11,18,0.8323173783142019,0.014767110357037662
i08o_m8,qlogehvi_mixed,11,19,0.8323173783142019,0.014767110357037662
i08o_m8,qlogehvi_mixed,11,20,0.8334376365930638,0.011767657268308638
i08o_m8,qlogehvi_mixed,12,1,0.5698926895864908,0.20627670460411615
i08o_m8,qlogehvi_mixed,12,2,0.5698926895864908,0.20627670460411615
i08o_m8,qlogehvi_mixed,12,3,0.6139979198395413,0.16775256061345964
i08o_m8,qlogehvi_mixed,12,4,0.6139979198395413,0.16775256061345964
i08o_m8,qlogehvi_mixed,12,5,0.6139979198395413,0.16775256061345964
i08o_m8,qlogehvi_mixed,12,6,0.6687752873850275,0.11359843189992784
i08o_m8,qlogehvi_mixed,12,7,0.6687752873850275,0.11359843189992784
i08o_m8,qlogehvi_mixed,12,8,0.7556294612267579,0.03372485658037377
i08o_m8,qlogehvi_mixed,12,9,0.7986030574843616,0.018311414278959527
i08o_m8,qlogehvi_mixed,12,10,0.7986030574843616,0.018311414278959527
i08o_m8,qlogehvi_mixed,12,11,0.7986030574843616,0.018311414278959527
i08o_m8,qlogehvi_mixed,12,12,0.8028794723477398,0.008164510106033836
i08o_m8,qlogehvi_mixed,12,13,0.8028794723477398,0.008164510106033836
i08o_m8,qlogehvi_mixed,12,14,0.8028794723477398,0.008164510106033836
i08o_m8,qlogehvi_mixed,12,15,0.8036970518745232,0.007906274224813886
i08o_m8,qlogehvi_mixed,12,16,0.8036970518745232,0.007906274224813886
i08o_m8,qlogehvi_mixed,12,17,0.8036970518745232,0.007906274224813886
i08o_m8,qlogehvi_mixed,12,18,0.8036970518745232,0.007906274224813886
i08o_m8,qlogehvi_mixed,12,19,0.8040135800747704,0.006795836837289906
i08o_m8,qlogehvi_mixed,12,20,0.8040135800747704,0.006795836837289906
i08o_m8,qlogehvi_mixed,13,1,0.5947110977731033,0.18164759417125334
i08o_m8,qlogehvi_mixed,13,2,0.6036200679054511,0.17771274837415835
i08o_m8,qlogehvi_mixed,13,3,0.6036200679054511,0.17771274837415835
i08o_m8,qlogehvi_mixed,13,4,0.6036200679054511,0.17771274837415835
i08o_m8,qlogehvi_mixed,13,5,0.6036200679054511,0.17771274837415835
i08o_m8,qlogehvi_mixed,13,6,0.811784779646593,0.02461990452369965
i08o_m8,qlogehvi_mixed,13,7,0.8141445076143305,0.00737955450572795
i08o_m8,qlogehvi_mixed,13,8,0.8141445076143305,0.00737955450572795
i08o_m8,qlogehvi_mixed,13,9,0.8141445076143305,0.00737955450572795
i08o_m8,qlogehvi_mixed,13,10,0.8141445076143305,0.00737955450572795
i08o_m8,qlogehvi_mixed,13,11,0.8141445076143305,0.00737955450572795
i08o_m8,qlogehvi_mixed,13,12,0.8141445076143305,0.00737955450572795
i08o_m8,qlogehvi_mixed,13,13,0.8141445076143305,0.00737955450572795
i08o_m8,qlogehvi_mixed,13,14,0.8141445076143305,0.00737955450572795
i08o_m8,qlogehvi_mixed,13,15,0.8141445076143305,0.00737955450572795
i08o_m8,qlogehvi_mixed,13,16,0.8141445076143305,0.00737955450572795
i08o_m8,qlogehvi_mixed,13,17,0.8141459625317368,0.006510961061184302
i08o_m8,qlogehvi_mixed,13,18,0.8141459625317368,0.006510961061184302
i08o_m8,qlogehvi_mixed,13,19,0.8143683059129477,0.006128651635341892
i08o_m8,qlogehvi_mixed,13,20,0.8143683059129477,0.006128651635341892
i08o_m8,qlogehvi_mixed_seed,11,1,0.0,nan
i08o_m8,qlogehvi_mixed_seed,11,2,0.5807970876980992,0.19579961605435242
i08o_m8,qlogehvi_mixed_seed,11,3,0.5807970876980992,0.19579961605435242
i08o_m8,qlogehvi_mixed_seed,11,4,0.7032841347905624,0.0815327196405688
i08o_m8,qlogehvi_mixed_seed,11,5,0.7032841347905624,0.0815327196405688
i08o_m8,qlogehvi_mixed_seed,11,6,0.7209598934741955,0.0685823682308686
i08o_m8,qlogehvi_mixed_seed,11,7,0.7209598934741955,0.0685823682308686
i08o_m8,qlogehvi_mixed_seed,11,8,0.7209598934741955,0.0685823682308686
i08o_m8,qlogehvi_mixed_seed,11,9,0.7992639829387672,0.017691171267441075
i08o_m8,qlogehvi_mixed_seed,11,10,0.8028354204023541,0.008113523957491283
i08o_m8,qlogehvi_mixed_seed,11,11,0.802907105723652,0.008074046008479373
i08o_m8,qlogehvi_mixed_seed,11,12,0.802907105723652,0.008074046008479373
i08o_m8,qlogehvi_mixed_seed,11,13,0.802907105723652,0.008074046008479373
i08o_m8,qlogehvi_mixed_seed,11,14,0.802907105723652,0.008074046008479373
i08o_m8,qlogehvi_mixed_seed,11,15,0.802907105723652,0.008074046008479373
i08o_m8,qlogehvi_mixed_seed,11,16,0.802907105723652,0.008074046008479373
i08o_m8,qlogehvi_mixed_seed,11,17,0.802907105723652,0.008074046008479373
i08o_m8,qlogehvi_mixed_seed,11,18,0.802907105723652,0.008074046008479373
i08o_m8,qlogehvi_mixed_seed,11,19,0.802907105723652,0.008074046008479373
i08o_m8,qlogehvi_mixed_seed,11,20,0.802907105723652,0.008074046008479373
i08o_m8,qlogehvi_mixed_seed,12,1,0.0,nan
i08o_m8,qlogehvi_mixed_seed,12,2,0.048230640285761926,0.8416144868991197
i08o_m8,qlogehvi_mixed_seed,12,3,0.6139979198395413,0.16775256061345964
i08o_m8,qlogehvi_mixed_seed,12,4,0.6139979198395413,0.16775256061345964
i08o_m8,qlogehvi_mixed_seed,12,5,0.6663938111691028,0.11594106354730775
i08o_m8,qlogehvi_mixed_seed,12,6,0.6663938111691028,0.11594106354730775
i08o_m8,qlogehvi_mixed_seed,12,7,0.7504315222642665,0.04937251391271557
i08o_m8,qlogehvi_mixed_seed,12,8,0.7520627769690144,0.04838457959294029
i08o_m8,qlogehvi_mixed_seed,12,9,0.7520627769690144,0.04838457959294029
i08o_m8,qlogehvi_mixed_seed,12,10,0.7806999315200284,0.027476812890052497
i08o_m8,qlogehvi_mixed_seed,12,11,0.7838128715976889,0.02704327307703074
i08o_m8,qlogehvi_mixed_seed,12,12,0.7844787254687342,0.02691848139034897
i08o_m8,qlogehvi_mixed_seed,12,13,0.7851020430580252,0.02691848139034897
i08o_m8,qlogehvi_mixed_seed,12,14,0.7851273355805759,0.02691848139034897
i08o_m8,qlogehvi_mixed_seed,12,15,0.7867813443328605,0.026718222827310976
i08o_m8,qlogehvi_mixed_seed,12,16,0.7871199722496787,0.026634167515710908
i08o_m8,qlogehvi_mixed_seed,12,17,0.7871199722496787,0.026634167515710908
i08o_m8,qlogehvi_mixed_seed,12,18,0.7871199722496787,0.026634167515710908
i08o_m8,qlogehvi_mixed_seed,12,19,0.7871199722496787,0.026634167515710908
i08o_m8,qlogehvi_mixed_seed,12,20,0.7975559682566545,0.01480160941545236
i08o_m8,qlogehvi_mixed_seed,13,1,0.0,nan
i08o_m8,qlogehvi_mixed_seed,13,2,0.6036200679054511,0.17771274837415835
i08o_m8,qlogehvi_mixed_seed,13,3,0.6036200679054511,0.17771274837415835
i08o_m8,qlogehvi_mixed_seed,13,4,0.6036200679054511,0.17771274837415835
i08o_m8,qlogehvi_mixed_seed,13,5,0.6036200679054511,0.17771274837415835
i08o_m8,qlogehvi_mixed_seed,13,6,0.6849741892579243,0.09934545629522776
i08o_m8,qlogehvi_mixed_seed,13,7,0.7446522354259789,0.05523413453098032
i08o_m8,qlogehvi_mixed_seed,13,8,0.7446522354259789,0.05523413453098032
i08o_m8,qlogehvi_mixed_seed,13,9,0.7446522354259789,0.05523413453098032
i08o_m8,qlogehvi_mixed_seed,13,10,0.7446522354259789,0.05523413453098032
i08o_m8,qlogehvi_mixed_seed,13,11,0.7446522354259789,0.05523413453098032
i08o_m8,qlogehvi_mixed_seed,13,12,0.7446522354259789,0.05523413453098032
i08o_m8,qlogehvi_mixed_seed,13,13,0.7446522354259789,0.05523413453098032
i08o_m8,qlogehvi_mixed_seed,13,14,0.7451333517951736,0.05523413453098032
i08o_m8,qlogehvi_mixed_seed,13,15,0.7474702785981832,0.05523413453098032
i08o_m8,qlogehvi_mixed_seed,13,16,0.7480022313846557,0.05523413453098032
i08o_m8,qlogehvi_mixed_seed,13,17,0.7480022313846557,0.05523413453098032
i08o_m8,qlogehvi_mixed_seed,13,18,0.7480022313846557,0.05523413453098032
i08o_m8,qlogehvi_mixed_seed,13,19,0.7918133391745736,0.014954216561093367
i08o_m8,qlogehvi_mixed_seed,13,20,0.7918133391745736,0.014954216561093367
i08o_m8,random,11,1,0.04591223842799329,0.8960940766477878
i08o_m8,random,11,2,0.5807970876980992,0.19579961605435242
i08o_m8,random,11,3,0.5807970876980992,0.19579961605435242
i08o_m8,random,11,4,0.7032841347905624,0.0815327196405688
i08o_m8,random,11,5,0.7032841347905624,0.0815327196405688
i08o_m8,random,11,6,0.7032841347905624,0.0815327196405688
i08o_m8,random,11,7,0.7032841347905624,0.0815327196405688
i08o_m8,random,11,8,0.7288605713065885,0.05870493195353867
i08o_m8,random,11,9,0.732167330525671,0.05595833124604896
i08o_m8,random,11,10,0.732167330525671,0.05595833124604896
i08o_m8,random,11,11,0.732167330525671,0.05595833124604896
i08o_m8,random,11,12,0.732167330525671,0.05595833124604896
i08o_m8,random,11,13,0.732167330525671,0.05595833124604896
i08o_m8,random,11,14,0.732167330525671,0.05595833124604896
i08o_m8,random,11,15,0.732167330525671,0.05595833124604896
i08o_m8,random,11,16,0.732167330525671,0.05595833124604896
i08o_m8,random,11,17,0.732167330525671,0.05595833124604896
i08o_m8,random,11,18,0.732167330525671,0.05595833124604896
i08o_m8,random,11,19,0.732167330525671,0.05595833124604896
i08o_m8,random,11,20,0.732167330525671,0.05595833124604896
i08o_m8,random,12,1,0.5698926895864908,0.20627670460411615
i08o_m8,random,12,2,0.5698926895864908,0.20627670460411615
i08o_m8,random,12,3,0.6139979198395413,0.16775256061345964
i08o_m8,random,12,4,0.6139979198395413,0.16775256061345964
i08o_m8,random,12,5,0.6139979198395413,0.16775256061345964
i08o_m8,random,12,6,0.6139979198395413,0.16775256061345964
i08o_m8,random,12,7,0.6139979198395413,0.16775256061345964
i08o_m8,random,12,8,0.6139979198395413,0.16775256061345964
i08o_m8,random,12,9,0.6243277839755911,0.15753287801635155
i08o_m8,random,12,10,0.6243277839755911,0.15753287801635155
i08o_m8,random,12,11,0.640566465705087,0.14070545390736688
i08o_m8,random,12,12,0.640566465705087,0.14070545390736688
i08o_m8,random,12,13,0.640566465705087,0.14070545390736688
i08o_m8,random,12,14,0.640566465705087,0.14070545390736688
i08o_m8,random,12,15,0.640566465705087,0.14070545390736688
i08o_m8,random,12,16,0.640566465705087,0.14070545390736688
i08o_m8,random,12,17,0.6574675715390772,0.12381359177510982
i08o_m8,random,12,18,0.6574675715390772,0.12381359177510982
i08o_m8,random,12,19,0.6625125850849788,0.12381359177510982
i08o_m8,random,12,20,0.6625125850849788,0.12381359177510982
i08o_m8,random,13,1,0.5947110977731033,0.18164759417125334
i08o_m8,random,13,2,0.6036200679054511,0.17771274837415835
i08o_m8,random,13,3,0.6036200679054511,0.17771274837415835
i08o_m8,random,13,4,0.6036200679054511,0.17771274837415835
i08o_m8,random,13,5,0.6036200679054511,0.17771274837415835
i08o_m8,random,13,6,0.6036200679054511,0.17771274837415835
i08o_m8,random,13,7,0.6435746307546985,0.14023020180802365
i08o_m8,random,13,8,0.6435746307546985,0.14023020180802365
i08o_m8,random,13,9,0.6435746307546985,0.14023020180802365
i08o_m8,random,13,10,0.6435746307546985,0.14023020180802365
i08o_m8,random,13,11,0.6435746307546985,0.14023020180802365
i08o_m8,random,13,12,0.6435746307546985,0.14023020180802365
i08o_m8,random,13,13,0.6435746307546985,0.14023020180802365
i08o_m8,random,13,14,0.6435746307546985,0.14023020180802365
i08o_m8,random,13,15,0.7073565977042863,0.07834209118385511
i08o_m8,random,13,16,0.7075436696285377,0.07834209118385511
i08o_m8,random,13,17,0.7612710834093513,0.03213456295986457
i08o_m8,random,13,18,0.7612710834093513,0.03213456295986457
i08o_m8,random,13,19,0.7612710834093513,0.03213456295986457
i08o_m8,random,13,20,0.7612710834093513,0.03213456295986457
i08o_m8,random_seed,11,1,0.0,nan
i08o_m8,random_seed,11,2,0.5807970876980992,0.19579961605435242
i08o_m8,random_seed,11,3,0.5807970876980992,0.19579961605435242
i08o_m8,random_seed,11,4,0.7032841347905624,0.0815327196405688
i08o_m8,random_seed,11,5,0.7032841347905624,0.0815327196405688
i08o_m8,random_seed,11,6,0.7032841347905624,0.0815327196405688
i08o_m8,random_seed,11,7,0.7032841347905624,0.0815327196405688
i08o_m8,random_seed,11,8,0.7288605713065885,0.05870493195353867
i08o_m8,random_seed,11,9,0.732167330525671,0.05595833124604896
i08o_m8,random_seed,11,10,0.732167330525671,0.05595833124604896
i08o_m8,random_seed,11,11,0.732167330525671,0.05595833124604896
i08o_m8,random_seed,11,12,0.732167330525671,0.05595833124604896
i08o_m8,random_seed,11,13,0.732167330525671,0.05595833124604896
i08o_m8,random_seed,11,14,0.732167330525671,0.05595833124604896
i08o_m8,random_seed,11,15,0.732167330525671,0.05595833124604896
i08o_m8,random_seed,11,16,0.732167330525671,0.05595833124604896
i08o_m8,random_seed,11,17,0.732167330525671,0.05595833124604896
i08o_m8,random_seed,11,18,0.732167330525671,0.05595833124604896
i08o_m8,random_seed,11,19,0.732167330525671,0.05595833124604896
i08o_m8,random_seed,11,20,0.732167330525671,0.05595833124604896
i08o_m8,random_seed,12,1,0.0,nan
i08o_m8,random_seed,12,2,0.048230640285761926,0.8416144868991197
i08o_m8,random_seed,12,3,0.6139979198395413,0.16775256061345964
i08o_m8,random_seed,12,4,0.6139979198395413,0.16775256061345964
i08o_m8,random_seed,12,5,0.6139979198395413,0.16775256061345964
i08o_m8,random_seed,12,6,0.6139979198395413,0.16775256061345964
i08o_m8,random_seed,12,7,0.6139979198395413,0.16775256061345964
i08o_m8,random_seed,12,8,0.6139979198395413,0.16775256061345964
i08o_m8,random_seed,12,9,0.6243277839755911,0.15753287801635155
i08o_m8,random_seed,12,10,0.6243277839755911,0.15753287801635155
i08o_m8,random_seed,12,11,0.640566465705087,0.14070545390736688
i08o_m8,random_seed,12,12,0.640566465705087,0.14070545390736688
i08o_m8,random_seed,12,13,0.640566465705087,0.14070545390736688
i08o_m8,random_seed,12,14,0.640566465705087,0.14070545390736688
i08o_m8,random_seed,12,15,0.640566465705087,0.14070545390736688
i08o_m8,random_seed,12,16,0.640566465705087,0.14070545390736688
i08o_m8,random_seed,12,17,0.6574675715390772,0.12381359177510982
i08o_m8,random_seed,12,18,0.6574675715390772,0.12381359177510982
i08o_m8,random_seed,12,19,0.6625125850849788,0.12381359177510982
i08o_m8,random_seed,12,20,0.6625125850849788,0.12381359177510982
i08o_m8,random_seed,13,1,0.0,nan
i08o_m8,random_seed,13,2,0.6036200679054511,0.17771274837415835
i08o_m8,random_seed,13,3,0.6036200679054511,0.17771274837415835
i08o_m8,random_seed,13,4,0.6036200679054511,0.17771274837415835
i08o_m8,random_seed,13,5,0.6036200679054511,0.17771274837415835
i08o_m8,random_seed,13,6,0.6036200679054511,0.17771274837415835
i08o_m8,random_seed,13,7,0.6435746307546985,0.14023020180802365
i08o_m8,random_seed,13,8,0.6435746307546985,0.14023020180802365
i08o_m8,random_seed,13,9,0.6435746307546985,0.14023020180802365
i08o_m8,random_seed,13,10,0.6435746307546985,0.14023020180802365
i08o_m8,random_seed,13,11,0.6435746307546985,0.14023020180802365
i08o_m8,random_seed,13,12,0.6435746307546985,0.14023020180802365
i08o_m8,random_seed,13,13,0.6435746307546985,0.14023020180802365
i08o_m8,random_seed,13,14,0.6435746307546985,0.14023020180802365
i08o_m8,random_seed,13,15,0.6435746307546985,0.14023020180802365
i08o_m8,random_seed,13,16,0.6435746307546985,0.14023020180802365
i08o_m8,random_seed,13,17,0.6435746307546985,0.14023020180802365
i08o_m8,random_seed,13,18,0.6435746307546985,0.14023020180802365
i08o_m8,random_seed,13,19,0.6435746307546985,0.14023020180802365
i08o_m8,random_seed,13,20,0.6435746307546985,0.14023020180802365
i09o_m9,parego,11,1,0.2043662787782135,0.7171211711700531
i09o_m9,parego,11,2,0.7224354546904005,0.2289647312797658
i09o_m9,parego,11,3,0.7224354546904005,0.2289647312797658
i09o_m9,parego,11,4,0.8197173474443834,0.1375043305875141
i09o_m9,parego,11,5,0.8197173474443834,0.1375043305875141
i09o_m9,parego,11,6,0.8197173474443834,0.1375043305875141
i09o_m9,parego,11,7,0.8209683656603819,0.1375043305875141
i09o_m9,parego,11,8,0.8209683656603819,0.1375043305875141
i09o_m9,parego,11,9,0.8209683656603819,0.1375043305875141
i09o_m9,parego,11,10,0.8209683656603819,0.1375043305875141
i09o_m9,parego,11,11,0.8209683656603819,0.1375043305875141
i09o_m9,parego,11,12,0.8629509370735293,0.0958612942158811
i09o_m9,parego,11,13,0.8629509370735293,0.0958612942158811
i09o_m9,parego,11,14,0.8629509370735293,0.0958612942158811
i09o_m9,parego,11,15,0.8629509370735293,0.0958612942158811
i09o_m9,parego,11,16,0.8629509370735293,0.0958612942158811
i09o_m9,parego,11,17,0.8629509370735293,0.0958612942158811
i09o_m9,parego,11,18,0.8738302679037273,0.08507826297231422
i09o_m9,parego,11,19,0.8738302679037273,0.08507826297231422
i09o_m9,parego,11,20,0.9219335513811319,0.03818960586217936
i09o_m9,parego,12,1,0.7084341628328736,0.24454894676318792
i09o_m9,parego,12,2,0.7084341628328736,0.24454894676318792
i09o_m9,parego,12,3,0.7497756712886154,0.20646556609987315
i09o_m9,parego,12,4,0.7497756712886154,0.20646556609987315
i09o_m9,parego,12,5,0.7497756712886154,0.20646556609987315
i09o_m9,parego,12,6,0.7497756712886154,0.20646556609987315
i09o_m9,parego,12,7,0.8974889383558506,0.06254552702266863
i09o_m9,parego,12,8,0.8974889383558506,0.06254552702266863
i09o_m9,parego,12,9,0.8974889383558506,0.06254552702266863
i09o_m9,parego,12,10,0.8974889383558506,0.06254552702266863
i09o_m9,parego,12,11,0.8974889383558506,0.06254552702266863
i09o_m9,parego,12,12,0.9006298428832834,0.05940536567002206
i09o_m9,parego,12,13,0.9337936586190894,0.026186246564112038
i09o_m9,parego,12,14,0.9337936586190894,0.026186246564112038
i09o_m9,parego,12,15,0.9337936586190894,0.026186246564112038
i09o_m9,parego,12,16,0.9337936586190894,0.026186246564112038
i09o_m9,parego,12,17,0.9347499929003553,0.026186246564112038
i09o_m9,parego,12,18,0.9347499929003553,0.026186246564112038
i09o_m9,parego,12,19,0.9347504123101198,0.026186246564112038
i09o_m9,parego,12,20,0.9347504123101198,0.026186246564112038
i09o_m9,parego,13,1,0.8419311924822679,0.11121309558310641
i09o_m9,parego,13,2,0.8419311924822679,0.11121309558310641
i09o_m9,parego,13,3,0.8419311924822679,0.11121309558310641
i09o_m9,parego,13,4,0.8419311924822679,0.11121309558310641
i09o_m9,parego,13,5,0.9053965306705767,0.054980416410882825
i09o_m9,parego,13,6,0.9415923549026339,0.019372654099916183
i09o_m9,parego,13,7,0.9415923549026339,0.019372654099916183
i09o_m9,parego,13,8,0.9415923549026339,0.019372654099916183
i09o_m9,parego,13,9,0.9474725811084077,0.013496268723461857
i09o_m9,parego,13,10,0.9474725811084077,0.013496268723461857
i09o_m9,parego,13,11,0.9479758936188275,0.013496268723461857
i09o_m9,parego,13,12,0.9479758936188275,0.013496268723461857
i09o_m9,parego,13,13,0.9479763995979129,0.013496268723461857
i09o_m9,parego,13,14,0.9479764251509388,0.013496268723461857
i09o_m9,parego,13,15,0.9479764251509388,0.013496268723461857
i09o_m9,parego,13,16,0.9479764251509388,0.013496268723461857
i09o_m9,parego,13,17,0.9479764251509388,0.013496268723461857
i09o_m9,parego,13,18,0.947979134715909,0.013496268723461857
i09o_m9,parego,13,19,0.947979134715909,0.013496268723461857
i09o_m9,parego,13,20,0.947979134715909,0.013496268723461857
i09o_m9,parego_seed,11,1,0.7587753193455768,0.19386810026895035
i09o_m9,parego_seed,11,2,0.7587753193455768,0.19386810026895035
i09o_m9,parego_seed,11,3,0.7587753193455768,0.19386810026895035
i09o_m9,parego_seed,11,4,0.8197173474443834,0.1375043305875141
i09o_m9,parego_seed,11,5,0.8509099006233667,0.10771356070450153
i09o_m9,parego_seed,11,6,0.8509099006233667,0.10771356070450153
i09o_m9,parego_seed,11,7,0.8509099006233667,0.10771356070450153
i09o_m9,parego_seed,11,8,0.8509099006233667,0.10771356070450153
i09o_m9,parego_seed,11,9,0.889651937209912,0.06976213337440061
i09o_m9,parego_seed,11,10,0.9342166876888518,0.02689735260927492
i09o_m9,parego_seed,11,11,0.9342166876888518,0.02689735260927492
i09o_m9,parego_seed,11,12,0.9579732734077597,0.0034394975044658867
i09o_m9,parego_seed,11,13,0.9579746323289859,0.0034394975044658867
i09o_m9,parego_seed,11,14,0.9579746323729519,0.0034394975044658867
i09o_m9,parego_seed,11,15,0.9579746323729519,0.0034394975044658867
i09o_m9,parego_seed,11,16,0.9579746323729519,0.0034394975044658867
i09o_m9,parego_seed,11,17,0.9579746323729519,0.0034394975044658867
i09o_m9,parego_seed,11,18,0.9579746323729519,0.0034394975044658867
i09o_m9,parego_seed,11,19,0.9579748973852328,0.0034394975044658867
i09o_m9,parego_seed,11,20,0.9579748973852328,0.0034394975044658867
i09o_m9,parego_seed,12,1,0.7587753193455768,0.19386810026895035
i09o_m9,parego_seed,12,2,0.7587753193455768,0.19386810026895035
i09o_m9,parego_seed,12,3,0.7623706832983564,0.19386810026895035
i09o_m9,parego_seed,12,4,0.7623706832983564,0.19386810026895035
i09o_m9,parego_seed,12,5,0.7969983928768749,0.15920174989759556
i09o_m9,parego_seed,12,6,0.8320530427384806,0.1256305403264609
i09o_m9,parego_seed,12,7,0.8320530427384806,0.1256305403264609
i09o_m9,parego_seed,12,8,0.8320530427384806,0.1256305403264609
i09o_m9,parego_seed,12,9,0.8320530427384806,0.1256305403264609
i09o_m9,parego_seed,12,10,0.8320530427384806,0.1256305403264609
i09o_m9,parego_seed,12,11,0.8320530427384806,0.1256305403264609
i09o_m9,parego_seed,12,12,0.8548546629359675,0.1028960867446822
i09o_m9,parego_seed,12,13,0.8548546629359675,0.1028960867446822
i09o_m9,parego_seed,12,14,0.8548546629359675,0.1028960867446822
i09o_m9,parego_seed,12,15,0.8548546629359675,0.1028960867446822
i09o_m9,parego_seed,12,16,0.9177366791277625,0.041761223645976106
i09o_m9,parego_seed,12,17,0.9177366791277625,0.041761223645976106
i09o_m9,parego_seed,12,18,0.918405241723332,0.041761223645976106
i09o_m9,parego_seed,12,19,0.9577171299114559,0.00346702224653906
i09o_m9,parego_seed,12,20,0.9577171299114559,0.00346702224653906
i09o_m9,parego_seed,13,1,0.7587753193455768,0.19386810026895035
i09o_m9,parego_seed,13,2,0.7595192591439575,0.19386810026895035
i09o_m9,parego_seed,13,3,0.7595192591439575,0.19386810026895035
i09o_m9,parego_seed,13,4,0.7595192591439575,0.19386810026895035
i09o_m9,parego_seed,13,5,0.7777231325215999,0.17580329606518305
i09o_m9,parego_seed,13,6,0.8679209255186606,0.09094448880117323
i09o_m9,parego_seed,13,7,0.8679209255186606,0.09094448880117323
i09o_m9,parego_seed,13,8,0.9286672391782069,0.03146525224218346
i09o_m9,parego_seed,13,9,0.9286672391782069,0.03146525224218346
i09o_m9,parego_seed,13,10,0.9287171452504617,0.03146525224218346
i09o_m9,parego_seed,13,11,0.9287171452504617,0.03146525224218346
i09o_m9,parego_seed,13,12,0.9287171452504617,0.03146525224218346
i09o_m9,parego_seed,13,13,0.9539769062717728,0.007199029908901572
i09o_m9,parego_seed,13,14,0.9539769062717728,0.007199029908901572
i09o_m9,parego_seed,13,15,0.9539769062717728,0.007199029908901572
i09o_m9,parego_seed,13,16,0.9539769062717728,0.007199029908901572
i09o_m9,parego_seed,13,17,0.9539769062717728,0.007199029908901572
i09o_m9,parego_seed,13,18,0.9539769062717728,0.007199029908901572
i09o_m9,parego_seed,13,19,0.9581040858806923,0.0036139395666814483
i09o_m9,parego_seed,13,20,0.9581040858806923,0.0036139395666814483
i09o_m9,qlogehvi_mixed,11,1,0.2043662787782135,0.7171211711700531
i09o_m9,qlogehvi_mixed,11,2,0.7224354546904005,0.2289647312797658
i09o_m9,qlogehvi_mixed,11,3,0.7224354546904005,0.2289647312797658
i09o_m9,qlogehvi_mixed,11,4,0.8197173474443834,0.1375043305875141
i09o_m9,qlogehvi_mixed,11,5,0.8456087654671934,0.11174726119366755
i09o_m9,qlogehvi_mixed,11,6,0.8749513443975816,0.08460569659505608
i09o_m9,qlogehvi_mixed,11,7,0.8749513443975816,0.08460569659505608
i09o_m9,qlogehvi_mixed,11,8,0.891558354297028,0.06917296691251197
i09o_m9,qlogehvi_mixed,11,9,0.891558354297028,0.06917296691251197
i09o_m9,qlogehvi_mixed,11,10,0.8915585249996869,0.06917296691251197
i09o_m9,qlogehvi_mixed,11,11,0.8915585249996869,0.06917296691251197
i09o_m9,qlogehvi_mixed,11,12,0.9260381550303511,0.034815045553989094
i09o_m9,qlogehvi_mixed,11,13,0.9335578685787763,0.027293282375282984
i09o_m9,qlogehvi_mixed,11,14,0.9335578685787763,0.027293282375282984
i09o_m9,qlogehvi_mixed,11,15,0.9446942611041831,0.016589167186624502
i09o_m9,qlogehvi_mixed,11,16,0.9446942611041831,0.016589167186624502
i09o_m9,qlogehvi_mixed,11,17,0.9446942611041831,0.016589167186624502
i09o_m9,qlogehvi_mixed,11,18,0.94652495355249,0.014778198848794643
i09o_m9,qlogehvi_mixed,11,19,0.94652495355249,0.014778198848794643
i09o_m9,qlogehvi_mixed,11,20,0.94652495355249,0.014778198848794643
i09o_m9,qlogehvi_mixed,12,1,0.7084341628328736,0.24454894676318792
i09o_m9,qlogehvi_mixed,12,2,0.7084341628328736,0.24454894676318792
i09o_m9,qlogehvi_mixed,12,3,0.7497756712886154,0.20646556609987315
i09o_m9,qlogehvi_mixed,12,4,0.7497756712886154,0.20646556609987315
i09o_m9,qlogehvi_mixed,12,5,0.7499012750742887,0.20646556609987315
i09o_m9,qlogehvi_mixed,12,6,0.830702215744429,0.12772120486228206
i09o_m9,qlogehvi_mixed,12,7,0.8822708538206502,0.07673545962672612
i09o_m9,qlogehvi_mixed,12,8,0.8828989992256531,0.07673545962672612
i09o_m9,qlogehvi_mixed,12,9,0.8828989992256531,0.07673545962672612
i09o_m9,qlogehvi_mixed,12,10,0.9363004049174711,0.02413154183987596
i09o_m9,qlogehvi_mixed,12,11,0.9363004049174711,0.02413154183987596
i09o_m9,qlogehvi_mixed,12,12,0.9386879829824998,0.022219020241029067
i09o_m9,qlogehvi_mixed,12,13,0.9386879829824998,0.022219020241029067
i09o_m9,qlogehvi_mixed,12,14,0.9386879829824998,0.022219020241029067
i09o_m9,qlogehvi_mixed,12,15,0.9615002445614955,0.0046910308199099235
i09o_m9,qlogehvi_mixed,12,16,0.9615002445614955,0.0046910308199099235
i09o_m9,qlogehvi_mixed,12,17,0.961701011870204,0.0046910308199099235
i09o_m9,qlogehvi_mixed,12,18,0.961701011870204,0.0046910308199099235
i09o_m9,qlogehvi_mixed,12,19,0.961701011870204,0.0046910308199099235
i09o_m9,qlogehvi_mixed,12,20,0.9617010241405893,0.003147123296986356
i09o_m9,qlogehvi_mixed,13,1,0.8419311924822679,0.11121309558310641
i09o_m9,qlogehvi_mixed,13,2,0.8419311924822679,0.11121309558310641
i09o_m9,qlogehvi_mixed,13,3,0.8419311924822679,0.11121309558310641
i09o_m9,qlogehvi_mixed,13,4,0.8419311924822679,0.11121309558310641
i09o_m9,qlogehvi_mixed,13,5,0.9251995030673714,0.035067260443997654
i09o_m9,qlogehvi_mixed,13,6,0.9616015031259113,0.0046910308199099235
i09o_m9,qlogehvi_mixed,13,7,0.9616052763885016,0.003414201996935437
i09o_m9,qlogehvi_mixed,13,8,0.9616052763885016,0.003414201996935437
i09o_m9,qlogehvi_mixed,13,9,0.9616052763885016,0.003414201996935437
i09o_m9,qlogehvi_mixed,13,10,0.9616052763885016,0.003414201996935437
i09o_m9,qlogehvi_mixed,13,11,0.9616052763885016,0.003414201996935437
i09o_m9,qlogehvi_mixed,13,12,0.9616052763885016,0.003414201996935437
i09o_m9,qlogehvi_mixed,13,13,0.9616052763885016,0.003414201996935437
i09o_m9,qlogehvi_mixed,13,14,0.9616052764441364,0.0033592665050876983
i09o_m9,qlogehvi_mixed,13,15,0.9619278478019163,0.0033497858645750805
i09o_m9,qlogehvi_mixed,13,16,0.9619278478019163,0.0033497858645750805
i09o_m9,qlogehvi_mixed,13,17,0.9621653290978727,0.0033497858645750805
i09o_m9,qlogehvi_mixed,13,18,0.9621653290978727,0.0033497858645750805
i09o_m9,qlogehvi_mixed,13,19,0.9621653290978727,0.0033497858645750805
i09o_m9,qlogehvi_mixed,13,20,0.962165330048153,0.00293148176261375
i09o_m9,qlogehvi_mixed_seed,11,1,0.7587753193455768,0.19386810026895035
i09o_m9,qlogehvi_mixed_seed,11,2,0.7587753193455768,0.19386810026895035
i09o_m9,qlogehvi_mixed_seed,11,3,0.7587753193455768,0.19386810026895035
i09o_m9,qlogehvi_mixed_seed,11,4,0.8197173474443834,0.1375043305875141
i09o_m9,qlogehvi_mixed_seed,11,5,0.8197173474443834,0.1375043305875141
i09o_m9,qlogehvi_mixed_seed,11,6,0.9222754573313733,0.03550419523398345
i09o_m9,qlogehvi_mixed_seed,11,7,0.9586406413990514,0.003566174280630308
i09o_m9,qlogehvi_mixed_seed,11,8,0.9586406413990514,0.003566174280630308
i09o_m9,qlogehvi_mixed_seed,11,9,0.9592664161406368,0.003418154633320544
i09o_m9,qlogehvi_mixed_seed,11,10,0.9592664161406368,0.003418154633320544
i09o_m9,qlogehvi_mixed_seed,11,11,0.9592664161406368,0.003418154633320544
i09o_m9,qlogehvi_mixed_seed,11,12,0.9615106677653692,0.003221316932297382
i09o_m9,qlogehvi_mixed_seed,11,13,0.9615106677653692,0.003221316932297382
i09o_m9,qlogehvi_mixed_seed,11,14,0.9615106677653692,0.003221316932297382
i09o_m9,qlogehvi_mixed_seed,11,15,0.9615106677653692,0.003221316932297382
i09o_m9,qlogehvi_mixed_seed,11,16,0.9615106677653692,0.003221316932297382
i09o_m9,qlogehvi_mixed_seed,11,17,0.9615106677653692,0.003221316932297382
i09o_m9,qlogehvi_mixed_seed,11,18,0.9615106677653692,0.003221316932297382
i09o_m9,qlogehvi_mixed_seed,11,19,0.9615106677653692,0.003221316932297382
i09o_m9,qlogehvi_mixed_seed,11,20,0.9615106677653692,0.003221316932297382
i09o_m9,qlogehvi_mixed_seed,12,1,0.7587753193455768,0.19386810026895035
i09o_m9,qlogehvi_mixed_seed,12,2,0.7587753193455768,0.19386810026895035
i09o_m9,qlogehvi_mixed_seed,12,3,0.7623706832983564,0.19386810026895035
i09o_m9,qlogehvi_mixed_seed,12,4,0.7623706832983564,0.19386810026895035
i09o_m9,qlogehvi_mixed_seed,12,5,0.7623706832983564,0.19386810026895035
i09o_m9,qlogehvi_mixed_seed,12,6,0.8310965619210189,0.12731759831502665
i09o_m9,qlogehvi_mixed_seed,12,7,0.9542212044432339,0.006295058827626385
i09o_m9,qlogehvi_mixed_seed,12,8,0.9615002445614955,0.0046910308199099235
i09o_m9,qlogehvi_mixed_seed,12,9,0.9615002445614955,0.0046910308199099235
i09o_m9,qlogehvi_mixed_seed,12,10,0.9616191749468873,0.0046910308199099235
i09o_m9,qlogehvi_mixed_seed,12,11,0.9616191749468873,0.0046910308199099235
i09o_m9,qlogehvi_mixed_seed,12,12,0.9616191749468873,0.0046910308199099235
i09o_m9,qlogehvi_mixed_seed,12,13,0.9616191749468873,0.0046910308199099235
i09o_m9,qlogehvi_mixed_seed,12,14,0.9617023790842527,0.0046910308199099235
i09o_m9,qlogehvi_mixed_seed,12,15,0.9617023790842527,0.0046910308199099235
i09o_m9,qlogehvi_mixed_seed,12,16,0.9617042858408128,0.0031774600778845877
i09o_m9,qlogehvi_mixed_seed,12,17,0.9617043166608322,0.0031774600778845877
i09o_m9,qlogehvi_mixed_seed,12,18,0.9617043166609518,0.0030905688249092964
i09o_m9,qlogehvi_mixed_seed,12,19,0.9617043166609518,0.0030905688249092964
i09o_m9,qlogehvi_mixed_seed,12,20,0.9617043166610583,0.0030489684217933654
i09o_m9,qlogehvi_mixed_seed,13,1,0.7587753193455768,0.19386810026895035
i09o_m9,qlogehvi_mixed_seed,13,2,0.7595192591439575,0.19386810026895035
i09o_m9,qlogehvi_mixed_seed,13,3,0.7595192591439575,0.19386810026895035
i09o_m9,qlogehvi_mixed_seed,13,4,0.7595192591439575,0.19386810026895035
i09o_m9,qlogehvi_mixed_seed,13,5,0.8001041738433722,0.15335792847709312
i09o_m9,qlogehvi_mixed_seed,13,6,0.9163000477640169,0.04444201611759267
i09o_m9,qlogehvi_mixed_seed,13,7,0.9721459061391576,0.011033015441697967
i09o_m9,qlogehvi_mixed_seed,13,8,0.9722215830474528,0.011033015441697967
i09o_m9,qlogehvi_mixed_seed,13,9,0.9722215830474528,0.011033015441697967
i09o_m9,qlogehvi_mixed_seed,13,10,0.9722215830474528,0.011033015441697967
i09o_m9,qlogehvi_mixed_seed,13,11,0.9722215848731766,0.011033015441697967
i09o_m9,qlogehvi_mixed_seed,13,12,0.9722215848731766,0.011033015441697967
i09o_m9,qlogehvi_mixed_seed,13,13,0.9722215848731766,0.011033015441697967
i09o_m9,qlogehvi_mixed_seed,13,14,0.9722215848731766,0.011033015441697967
i09o_m9,qlogehvi_mixed_seed,13,15,0.9722215848731766,0.011033015441697967
i09o_m9,qlogehvi_mixed_seed,13,16,0.9722215848731766,0.011033015441697967
i09o_m9,qlogehvi_mixed_seed,13,17,0.9722234114300738,0.0007808367823146022
i09o_m9,qlogehvi_mixed_seed,13,18,0.9722234114300738,0.0007808367823146022
i09o_m9,qlogehvi_mixed_seed,13,19,0.9722234114300738,0.0007808367823146022
i09o_m9,qlogehvi_mixed_seed,13,20,0.9722234114300738,0.0007808367823146022
i09o_m9,random,11,1,0.2043662787782135,0.7171211711700531
i09o_m9,random,11,2,0.7224354546904005,0.2289647312797658
i09o_m9,random,11,3,0.7224354546904005,0.2289647312797658
i09o_m9,random,11,4,0.8197173474443834,0.1375043305875141
i09o_m9,random,11,5,0.8197173474443834,0.1375043305875141
i09o_m9,random,11,6,0.8197173474443834,0.1375043305875141
i09o_m9,random,11,7,0.8197173474443834,0.1375043305875141
i09o_m9,random,11,8,0.8197173474443834,0.1375043305875141
i09o_m9,random,11,9,0.9058458991940896,0.05366754312051186
i09o_m9,random,11,10,0.9058458991940896,0.05366754312051186
i09o_m9,random,11,11,0.9058458991940896,0.05366754312051186
i09o_m9,random,11,12,0.9058458991940896,0.05366754312051186
i09o_m9,random,11,13,0.9066970582414356,0.05366754312051186
i09o_m9,random,11,14,0.9066970582414356,0.05366754312051186
i09o_m9,random,11,15,0.9066970582414356,0.05366754312051186
i09o_m9,random,11,16,0.9066970582414356,0.05366754312051186
i09o_m9,random,11,17,0.9066970582414356,0.05366754312051186
i09o_m9,random,11,18,0.9066970582414356,0.05366754312051186
i09o_m9,random,11,19,0.9066970582414356,0.05366754312051186
i09o_m9,random,11,20,0.9066970582414356,0.05366754312051186
i09o_m9,random,12,1,0.7084341628328736,0.24454894676318792
i09o_m9,random,12,2,0.7084341628328736,0.24454894676318792
i09o_m9,random,12,3,0.7497756712886154,0.20646556609987315
i09o_m9,random,12,4,0.7497756712886154,0.20646556609987315
i09o_m9,random,12,5,0.7497756712886154,0.20646556609987315
i09o_m9,random,12,6,0.7517780084952842,0.20537288594908754
i09o_m9,random,12,7,0.7517780084952842,0.20537288594908754
i09o_m9,random,12,8,0.7517780084952842,0.20537288594908754
i09o_m9,random,12,9,0.7946713497175009,0.1618976512681856
i09o_m9,random,12,10,0.7946713497175009,0.1618976512681856
i09o_m9,random,12,11,0.7946713497175009,0.1618976512681856
i09o_m9,random,12,12,0.7946713497175009,0.1618976512681856
i09o_m9,random,12,13,0.7949377075763759,0.1618976512681856
i09o_m9,random,12,14,0.7950052611537979,0.1618976512681856
i09o_m9,random,12,15,0.7950052611537979,0.1618976512681856
i09o_m9,random,12,16,0.7950052611537979,0.1618976512681856
i09o_m9,random,12,17,0.8284285853763754,0.12821594895892235
i09o_m9,random,12,18,0.8284285853763754,0.12821594895892235
i09o_m9,random,12,19,0.8465701562869188,0.11124252993774426
i09o_m9,random,12,20,0.8465701562869188,0.11124252993774426
i09o_m9,random,13,1,0.8419311924822679,0.11121309558310641
i09o_m9,random,13,2,0.8419311924822679,0.11121309558310641
i09o_m9,random,13,3,0.8419311924822679,0.11121309558310641
i09o_m9,random,13,4,0.8419311924822679,0.11121309558310641
i09o_m9,random,13,5,0.8438458636838054,0.11121309558310641
i09o_m9,random,13,6,0.8897423808178633,0.06926698822565441
i09o_m9,random,13,7,0.8902194377936455,0.06926698822565441
i09o_m9,random,13,8,0.8902194377936455,0.06926698822565441
i09o_m9,random,13,9,0.8902194377936455,0.06926698822565441
i09o_m9,random,13,10,0.8902194377936455,0.06926698822565441
i09o_m9,random,13,11,0.8902194377936455,0.06926698822565441
i09o_m9,random,13,12,0.8902194377936455,0.06926698822565441
i09o_m9,random,13,13,0.8902194377936455,0.06926698822565441
i09o_m9,random,13,14,0.8902194377936455,0.06926698822565441
i09o_m9,random,13,15,0.9092332502609312,0.05143803343624055
i09o_m9,random,13,16,0.9092332502609312,0.05143803343624055
i09o_m9,random,13,17,0.9396126954720979,0.021793884278565902
i09o_m9,random,13,18,0.9396126954720979,0.021793884278565902
i09o_m9,random,13,19,0.9396126954720979,0.021793884278565902
i09o_m9,random,13,20,0.9396126954720979,0.021793884278565902
i09o_m9,random_seed,11,1,0.7587753193455768,0.19386810026895035
i09o_m9,random_seed,11,2,0.7587753193455768,0.19386810026895035
i09o_m9,random_seed,11,3,0.7587753193455768,0.19386810026895035
i09o_m9,random_seed,11,4,0.8197173474443834,0.1375043305875141
i09o_m9,random_seed,11,5,0.8197173474443834,0.1375043305875141
i09o_m9,random_seed,11,6,0.8197173474443834,0.1375043305875141
i09o_m9,random_seed,11,7,0.8197173474443834,0.1375043305875141
i09o_m9,random_seed,11,8,0.8197173474443834,0.1375043305875141
i09o_m9,random_seed,11,9,0.9058458991940896,0.05366754312051186
i09o_m9,random_seed,11,10,0.9058458991940896,0.05366754312051186
i09o_m9,random_seed,11,11,0.9058458991940896,0.05366754312051186
i09o_m9,random_seed,11,12,0.9058458991940896,0.05366754312051186
i09o_m9,random_seed,11,13,0.9066970582414356,0.05366754312051186
i09o_m9,random_seed,11,14,0.9066970582414356,0.05366754312051186
i09o_m9,random_seed,11,15,0.9066970582414356,0.05366754312051186
i09o_m9,random_seed,11,16,0.9066970582414356,0.05366754312051186
i09o_m9,random_seed,11,17,0.9066970582414356,0.05366754312051186
i09o_m9,random_seed,11,18,0.9066970582414356,0.05366754312051186
i09o_m9,random_seed,11,19,0.9066970582414356,0.05366754312051186
i09o_m9,random_seed,11,20,0.9066970582414356,0.05366754312051186
i09o_m9,random_seed,12,1,0.7587753193455768,0.19386810026895035
i09o_m9,random_seed,12,2,0.7587753193455768,0.19386810026895035
i09o_m9,random_seed,12,3,0.7623706832983564,0.19386810026895035
i09o_m9,random_seed,12,4,0.7623706832983564,0.19386810026895035
i09o_m9,random_seed,12,5,0.7623706832983564,0.19386810026895035
i09o_m9,random_seed,12,6,0.7623706832983564,0.19386810026895035
i09o_m9,random_seed,12,7,0.7623706832983564,0.19386810026895035
i09o_m9,random_seed,12,8,0.7623706832983564,0.19386810026895035
i09o_m9,random_seed,12,9,0.7947012174137646,0.1618976512681856
i09o_m9,random_seed,12,10,0.7947012174137646,0.1618976512681856
i09o_m9,random_seed,12,11,0.7947012174137646,0.1618976512681856
i09o_m9,random_seed,12,12,0.7947012174137646,0.1618976512681856
i09o_m9,random_seed,12,13,0.7949647920022976,0.1618976512681856
i09o_m9,random_seed,12,14,0.7950277666930301,0.1618976512681856
i09o_m9,random_seed,12,15,0.7950277666930301,0.1618976512681856
i09o_m9,random_seed,12,16,0.7950277666930301,0.1618976512681856
i09o_m9,random_seed,12,17,0.8284451461288823,0.12821594895892235
i09o_m9,random_seed,12,18,0.8284451461288823,0.12821594895892235
i09o_m9,random_seed,12,19,0.8465701562869188,0.11124252993774426
i09o_m9,random_seed,12,20,0.8465701562869188,0.11124252993774426
i09o_m9,random_seed,13,1,0.7587753193455768,0.19386810026895035
i09o_m9,random_seed,13,2,0.7595192591439575,0.19386810026895035
i09o_m9,random_seed,13,3,0.7595192591439575,0.19386810026895035
i09o_m9,random_seed,13,4,0.7595192591439575,0.19386810026895035
i09o_m9,random_seed,13,5,0.7623039177561285,0.19386810026895035
i09o_m9,random_seed,13,6,0.8897423808178633,0.06926698822565441
i09o_m9,random_seed,13,7,0.8902194377936455,0.06926698822565441
i09o_m9,random_seed,13,8,0.8902194377936455,0.06926698822565441
i09o_m9,random_seed,13,9,0.8902194377936455,0.06926698822565441
i09o_m9,random_seed,13,10,0.8902194377936455,0.06926698822565441
i09o_m9,random_seed,13,11,0.8902194377936455,0.06926698822565441
i09o_m9,random_seed,13,12,0.8902194377936455,0.06926698822565441
i09o_m9,random_seed,13,13,0.8902194377936455,0.06926698822565441
i09o_m9,random_seed,13,14,0.8902194377936455,0.06926698822565441
i09o_m9,random_seed,13,15,0.9092332502609312,0.05143803343624055
i09o_m9,random_seed,13,16,0.9092332502609312,0.05143803343624055
i09o_m9,random_seed,13,17,0.9396126954720979,0.021793884278565902
i09o_m9,random_seed,13,18,0.9396126954720979,0.021793884278565902
i09o_m9,random_seed,13,19,0.9396126954720979,0.021793884278565902
i09o_m9,random_seed,13,20,0.9396126954720979,0.021793884278565902
i10o_simp,parego,11,1,0.9363636363636364,0.009614754992906246
i10o_simp,parego,11,2,0.9363636363636364,0.009614754992906246
i10o_simp,parego,11,3,0.9363636363636364,0.009614754992906246
i10o_simp,parego,11,4,0.9363636363636364,0.009614754992906246
i10o_simp,parego,11,5,0.9363636363636364,0.009614754992906246
i10o_simp,parego,11,6,0.9363636363636364,0.009614754992906246
i10o_simp,parego,11,7,0.9363636363636364,0.009614754992906246
i10o_simp,parego,11,8,0.9363636363636364,0.009614754992906246
i10o_simp,parego,11,9,0.9363636363636364,0.009614754992906246
i10o_simp,parego,11,10,0.9363636363636364,0.009614754992906246
i10o_simp,parego,11,11,0.9363636363636364,0.009614754992906246
i10o_simp,parego,11,12,0.9363636363636364,0.009614754992906246
i10o_simp,parego,11,13,0.9363636363636364,0.009614754992906246
i10o_simp,parego,11,14,0.9363636363636364,0.009614754992906246
i10o_simp,parego,11,15,0.9363636363636364,0.009614754992906246
i10o_simp,parego,11,16,0.9363636363636364,0.009614754992906246
i10o_simp,parego,11,17,0.9363636363636364,0.009614754992906246
i10o_simp,parego,11,18,0.9363636363636364,0.009614754992906246
i10o_simp,parego,11,19,0.9363636363636364,0.009614754992906246
i10o_simp,parego,11,20,0.9363636363636364,0.009614754992906246
i10o_simp,parego,12,1,0.9150009381794902,0.028124364384844617
i10o_simp,parego,12,2,0.9151802839362324,0.028124364384844617
i10o_simp,parego,12,3,0.916783303671995,0.028124364384844617
i10o_simp,parego,12,4,0.916811826539043,0.028124364384844617
i10o_simp,parego,12,5,0.916811826539043,0.028124364384844617
i10o_simp,parego,12,6,0.9173578215436212,0.028124364384844617
i10o_simp,parego,12,7,0.9173578215436212,0.028124364384844617
i10o_simp,parego,12,8,0.9173578215436212,0.028124364384844617
i10o_simp,parego,12,9,0.9179364563530732,0.028124364384844617
i10o_simp,parego,12,10,0.9180397818443672,0.028124364384844617
i10o_simp,parego,12,11,0.9180397818443672,0.028124364384844617
i10o_simp,parego,12,12,0.9180397818443672,0.028124364384844617
i10o_simp,parego,12,13,0.9180397818443672,0.028124364384844617
i10o_simp,parego,12,14,0.9321822943035362,0.013805784039933986
i10o_simp,parego,12,15,0.9321822943035362,0.013805784039933986
i10o_simp,parego,12,16,0.9321822943035362,0.013805784039933986
i10o_simp,parego,12,17,0.9321822943035362,0.013805784039933986
i10o_simp,parego,12,18,0.9321822943035362,0.013805784039933986
i10o_simp,parego,12,19,0.9321822943035362,0.013805784039933986
i10o_simp,parego,12,20,0.9321822943035362,0.013805784039933986
i10o_simp,parego,13,1,0.9127813333333334,0.032006175834203884
i10o_simp,parego,13,2,0.9127813333333334,0.032006175834203884
i10o_simp,parego,13,3,0.9127813333333334,0.032006175834203884
i10o_simp,parego,13,4,0.9137875644484285,0.032006175834203884
i10o_simp,parego,13,5,0.9137875644484285,0.032006175834203884
i10o_simp,parego,13,6,0.9137875644484285,0.032006175834203884
i10o_simp,parego,13,7,0.9287749287749287,0.017203462581613843
i10o_simp,parego,13,8,0.9287749287749287,0.017203462581613843
i10o_simp,parego,13,9,0.9287749287749287,0.017203462581613843
i10o_simp,parego,13,10,0.9287749287749287,0.017203462581613843
i10o_simp,parego,13,11,0.9380578332577206,0.007935329987249672
i10o_simp,parego,13,12,0.9380578332577206,0.007935329987249672
i10o_simp,parego,13,13,0.9380578332577206,0.007935329987249672
i10o_simp,parego,13,14,0.9380578332577206,0.007935329987249672
i10o_simp,parego,13,15,0.9380578332577206,0.007935329987249672
i10o_simp,parego,13,16,0.9380578332577206,0.007935329987249672
i10o_simp,parego,13,17,0.9380578332577206,0.007935329987249672
i10o_simp,parego,13,18,0.9380578332577206,0.007935329987249672
i10o_simp,parego,13,19,0.9380578332577206,0.007935329987249672
i10o_simp,parego,13,20,0.9380578332577206,0.007935329987249672
i10o_simp,parego_seed,11,1,0.8988119754082483,0.04576826408315105
i10o_simp,parego_seed,11,2,0.8988119754082483,0.04576826408315105
i10o_simp,parego_seed,11,3,0.9001345347419971,0.04576826408315105
i10o_simp,parego_seed,11,4,0.9001345347419971,0.04576826408315105
i10o_simp,parego_seed,11,5,0.9001345347419971,0.04576826408315105
i10o_simp,parego_seed,11,6,0.9001432890156915,0.04576826408315105
i10o_simp,parego_seed,11,7,0.9001675229852488,0.04576826408315105
i10o_simp,parego_seed,11,8,0.9100136551725261,0.03592429579689119
i10o_simp,parego_seed,11,9,0.9100295796649364,0.03592429579689119
i10o_simp,parego_seed,11,10,0.9100309955445584,0.03592429579689119
i10o_simp,parego_seed,11,11,0.9100309955445584,0.03592429579689119
i10o_simp,parego_seed,11,12,0.9100309955445584,0.03592429579689119
i10o_simp,parego_seed,11,13,0.9100507107040717,0.03592429579689119
i10o_simp,parego_seed,11,14,0.9100507107040717,0.03592429579689119
i10o_simp,parego_seed,11,15,0.932136561674977,0.013805784039933986
i10o_simp,parego_seed,11,16,0.932136561674977,0.013805784039933986
i10o_simp,parego_seed,11,17,0.932136561674977,0.013805784039933986
i10o_simp,parego_seed,11,18,0.932136561674977,0.013805784039933986
i10o_simp,parego_seed,11,19,0.9321369918673367,0.013805784039933986
i10o_simp,parego_seed,11,20,0.9321408266488148,0.013805784039933986
i10o_simp,parego_seed,12,1,0.8988119754082483,0.04576826408315105
i10o_simp,parego_seed,12,2,0.8988119754082483,0.04576826408315105
i10o_simp,parego_seed,12,3,0.8990822986313955,0.04576826408315105
i10o_simp,parego_seed,12,4,0.8990822986313955,0.04576826408315105
i10o_simp,parego_seed,12,5,0.9151515151515152,0.03082687620502747
i10o_simp,parego_seed,12,6,0.9151515151515152,0.03082687620502747
i10o_simp,parego_seed,12,7,0.9151515151515152,0.03082687620502747
i10o_simp,parego_seed,12,8,0.9151515151515152,0.03082687620502747
i10o_simp,parego_seed,12,9,0.9151515151515152,0.03082687620502747
i10o_simp,parego_seed,12,10,0.9151515151515152,0.03082687620502747
i10o_simp,parego_seed,12,11,0.9151515151515152,0.03082687620502747
i10o_simp,parego_seed,12,12,0.9151515151515152,0.03082687620502747
i10o_simp,parego_seed,12,13,0.9151515151515152,0.03082687620502747
i10o_simp,parego_seed,12,14,0.928125,0.01785339135654261
i10o_simp,parego_seed,12,15,0.928125,0.01785339135654261
i10o_simp,parego_seed,12,16,0.928125,0.01785339135654261
i10o_simp,parego_seed,12,17,0.928125,0.01785339135654261
i10o_simp,parego_seed,12,18,0.928125,0.01785339135654261
i10o_simp,parego_seed,12,19,0.928125,0.01785339135654261
i10o_simp,parego_seed,12,20,0.928125,0.01785339135654261
i10o_simp,parego_seed,13,1,0.8988119754082483,0.04576826408315105
i10o_simp,parego_seed,13,2,0.8988119754082483,0.04576826408315105
i10o_simp,parego_seed,13,3,0.8988119754082483,0.04576826408315105
i10o_simp,parego_seed,13,4,0.9000070242385274,0.04576826408315105
i10o_simp,parego_seed,13,5,0.9103772426805518,0.03549441204015678
i10o_simp,parego_seed,13,6,0.9103772426805518,0.03549441204015678
i10o_simp,parego_seed,13,7,0.9103772426805518,0.03549441204015678
i10o_simp,parego_seed,13,8,0.9103941537186919,0.03549441204015678
i10o_simp,parego_seed,13,9,0.9146919431279621,0.03128644822858054
i10o_simp,parego_seed,13,10,0.9146919431279621,0.03128644822858054
i10o_simp,parego_seed,13,11,0.9306484647271758,0.015345433934651055
i10o_simp,parego_seed,13,12,0.9306484647271758,0.015345433934651055
i10o_simp,parego_seed,13,13,0.9321822943035362,0.013805784039933986
i10o_simp,parego_seed,13,14,0.9321822943035362,0.013805784039933986
i10o_simp,parego_seed,13,15,0.9321822943035362,0.013805784039933986
i10o_simp,parego_seed,13,16,0.9321822943035362,0.013805784039933986
i10o_simp,parego_seed,13,17,0.9321822943035362,0.013805784039933986
i10o_simp,parego_seed,13,18,0.937290916877348,0.008716535682799125
i10o_simp,parego_seed,13,19,0.937290916877348,0.008716535682799125
i10o_simp,parego_seed,13,20,0.937290916877348,0.008716535682799125
i10o_simp,qlogehvi_mixed,11,1,0.9363636363636364,0.009614754992906246
i10o_simp,qlogehvi_mixed,11,2,0.9363636363636364,0.009614754992906246
i10o_simp,qlogehvi_mixed,11,3,0.9363636363636364,0.009614754992906246
i10o_simp,qlogehvi_mixed,11,4,0.9363636363636364,0.009614754992906246
i10o_simp,qlogehvi_mixed,11,5,0.9363636363636364,0.009614754992906246
i10o_simp,qlogehvi_mixed,11,6,0.9363636363636364,0.009614754992906246
i10o_simp,qlogehvi_mixed,11,7,0.9363636363636364,0.009614754992906246
i10o_simp,qlogehvi_mixed,11,8,0.9363636363636364,0.009614754992906246
i10o_simp,qlogehvi_mixed,11,9,0.9363636363636364,0.009614754992906246
i10o_simp,qlogehvi_mixed,11,10,0.9363636363636364,0.009614754992906246
i10o_simp,qlogehvi_mixed,11,11,0.9363636363636364,0.009614754992906246
i10o_simp,qlogehvi_mixed,11,12,0.9363636363636364,0.009614754992906246
i10o_simp,qlogehvi_mixed,11,13,0.9363636363636364,0.009614754992906246
i10o_simp,qlogehvi_mixed,11,14,0.9363636363636364,0.009614754992906246
i10o_simp,qlogehvi_mixed,11,15,0.9363636363636364,0.009614754992906246
i10o_simp,qlogehvi_mixed,11,16,0.9363636363636364,0.009614754992906246
i10o_simp,qlogehvi_mixed,11,17,0.9363636363636364,0.009614754992906246
i10o_simp,qlogehvi_mixed,11,18,0.9363636363636364,0.009614754992906246
i10o_simp,qlogehvi_mixed,11,19,0.9363636363636364,0.009614754992906246
i10o_simp,qlogehvi_mixed,11,20,0.9423239660711903,0.003847970157387181
i10o_simp,qlogehvi_mixed,12,1,0.9150009381794902,0.028124364384844617
i10o_simp,qlogehvi_mixed,12,2,0.9151802839362324,0.028124364384844617
i10o_simp,qlogehvi_mixed,12,3,0.916783303671995,0.028124364384844617
i10o_simp,qlogehvi_mixed,12,4,0.916811826539043,0.028124364384844617
i10o_simp,qlogehvi_mixed,12,5,0.9239819004524887,0.021996490904053922
i10o_simp,qlogehvi_mixed,12,6,0.9249743696906797,0.021087841683014565
i10o_simp,qlogehvi_mixed,12,7,0.9249743696906797,0.021087841683014565
i10o_simp,qlogehvi_mixed,12,8,0.9249750353008623,0.021087841683014565
i10o_simp,qlogehvi_mixed,12,9,0.9249750353008623,0.021087841683014565
i10o_simp,qlogehvi_mixed,12,10,0.9249750353008623,0.021087841683014565
i10o_simp,qlogehvi_mixed,12,11,0.9249750353008623,0.021087841683014565
i10o_simp,qlogehvi_mixed,12,12,0.9249750353008623,0.021087841683014565
i10o_simp,qlogehvi_mixed,12,13,0.9249750353008623,0.021087841683014565
i10o_simp,qlogehvi_mixed,12,14,0.9249750353008623,0.021087841683014565
i10o_simp,qlogehvi_mixed,12,15,0.9249750353008623,0.021087841683014565
i10o_simp,qlogehvi_mixed,12,16,0.9268452708366882,0.019145261639219778
i10o_simp,qlogehvi_mixed,12,17,0.9383432363194294,0.007666346450535183
i10o_simp,qlogehvi_mixed,12,18,0.9383432363194294,0.007666346450535183
i10o_simp,qlogehvi_mixed,12,19,0.9383437438114002,0.007666346450535183
i10o_simp,qlogehvi_mixed,12,20,0.9383482214285707,0.007666346450535183
i10o_simp,qlogehvi_mixed,13,1,0.9127813333333334,0.032006175834203884
i10o_simp,qlogehvi_mixed,13,2,0.9127813333333334,0.032006175834203884
i10o_simp,qlogehvi_mixed,13,3,0.9127813333333334,0.032006175834203884
i10o_simp,qlogehvi_mixed,13,4,0.9137875644484285,0.032006175834203884
i10o_simp,qlogehvi_mixed,13,5,0.9137875644484285,0.032006175834203884
i10o_simp,qlogehvi_mixed,13,6,0.9137875644484285,0.032006175834203884
i10o_simp,qlogehvi_mixed,13,7,0.9137926301235666,0.032006175834203884
i10o_simp,qlogehvi_mixed,13,8,0.9139313619667362,0.032006175834203884
i10o_simp,qlogehvi_mixed,13,9,0.9139465361614842,0.032006175834203884
i10o_simp,qlogehvi_mixed,13,10,0.9206838804325085,0.02528387116235786
i10o_simp,qlogehvi_mixed,13,11,0.920741892116481,0.02528387116235786
i10o_simp,qlogehvi_mixed,13,12,0.9238874873213173,0.022102309552222026
i10o_simp,qlogehvi_mixed,13,13,0.9329035567394549,0.013083504539549597
i10o_simp,qlogehvi_mixed,13,14,0.9329091937990205,0.013083504539549597
i10o_simp,qlogehvi_mixed,13,15,0.9329091937990205,0.013083504539549597
i10o_simp,qlogehvi_mixed,13,16,0.9329091937990205,0.013083504539549597
i10o_simp,qlogehvi_mixed,13,17,0.9329091937990205,0.013083504539549597
i10o_simp,qlogehvi_mixed,13,18,0.9329091937990205,0.013083504539549597
i10o_simp,qlogehvi_mixed,13,19,0.9329091937990205,0.013083504539549597
i10o_simp,qlogehvi_mixed,13,20,0.9329091937990205,0.013083504539549597
i10o_simp,qlogehvi_mixed_seed,11,1,0.8988119754082483,0.04576826408315105
i10o_simp,qlogehvi_mixed_seed,11,2,0.8988119754082483,0.04576826408315105
i10o_simp,qlogehvi_mixed_seed,11,3,0.9001345347419971,0.04576826408315105
i10o_simp,qlogehvi_mixed_seed,11,4,0.9001345347419971,0.04576826408315105
i10o_simp,qlogehvi_mixed_seed,11,5,0.9001345347419971,0.04576826408315105
i10o_simp,qlogehvi_mixed_seed,11,6,0.9111635220125787,0.034814869343963994
i10o_simp,qlogehvi_mixed_seed,11,7,0.9111635220125787,0.034814869343963994
i10o_simp,qlogehvi_mixed_seed,11,8,0.9111635220125787,0.034814869343963994
i10o_simp,qlogehvi_mixed_seed,11,9,0.9324002571970076,0.0137110651189946
i10o_simp,qlogehvi_mixed_seed,11,10,0.9328649492583919,0.01311344209815074
i10o_simp,qlogehvi_mixed_seed,11,11,0.9349705731205454,0.011034679745102968
i10o_simp,qlogehvi_mixed_seed,11,12,0.9349705731205454,0.011034679745102968
i10o_simp,qlogehvi_mixed_seed,11,13,0.9349705731205454,0.011034679745102968
i10o_simp,qlogehvi_mixed_seed,11,14,0.9349705731205454,0.011034679745102968
i10o_simp,qlogehvi_mixed_seed,11,15,0.9349705731205454,0.011034679745102968
i10o_simp,qlogehvi_mixed_seed,11,16,0.9349713559840026,0.011034679745102968
i10o_simp,qlogehvi_mixed_seed,11,17,0.934972106935741,0.011034679745102968
i10o_simp,qlogehvi_mixed_seed,11,18,0.9459783913565426,0.0
i10o_simp,qlogehvi_mixed_seed,11,19,0.9459783913565426,0.0
i10o_simp,qlogehvi_mixed_seed,11,20,0.9459783913565426,0.0
i10o_simp,qlogehvi_mixed_seed,12,1,0.8988119754082483,0.04576826408315105
i10o_simp,qlogehvi_mixed_seed,12,2,0.8988119754082483,0.04576826408315105
i10o_simp,qlogehvi_mixed_seed,12,3,0.8990822986313955,0.04576826408315105
i10o_simp,qlogehvi_mixed_seed,12,4,0.8990822986313955,0.04576826408315105
i10o_simp,qlogehvi_mixed_seed,12,5,0.8995099988863046,0.04576826408315105
i10o_simp,qlogehvi_mixed_seed,12,6,0.9042603714762616,0.041007469643231494
i10o_simp,qlogehvi_mixed_seed,12,7,0.9337423312883435,0.012236060068199064
i10o_simp,qlogehvi_mixed_seed,12,8,0.9337423312883435,0.012236060068199064
i10o_simp,qlogehvi_mixed_seed,12,9,0.9337423312883435,0.012236060068199064
i10o_simp,qlogehvi_mixed_seed,12,10,0.9337423312883435,0.012236060068199064
i10o_simp,qlogehvi_mixed_seed,12,11,0.9337423312883435,0.012236060068199064
i10o_simp,qlogehvi_mixed_seed,12,12,0.9337423312883435,0.012236060068199064
i10o_simp,qlogehvi_mixed_seed,12,13,0.9337423312883435,0.012236060068199064
i10o_simp,qlogehvi_mixed_seed,12,14,0.9337423312883435,0.012236060068199064
i10o_simp,qlogehvi_mixed_seed,12,15,0.9337423312883435,0.012236060068199064
i10o_simp,qlogehvi_mixed_seed,12,16,0.9337423312883435,0.012236060068199064
i10o_simp,qlogehvi_mixed_seed,12,17,0.9378980891719745,0.008080302184568094
i10o_simp,qlogehvi_mixed_seed,12,18,0.9378980891719745,0.008080302184568094
i10o_simp,qlogehvi_mixed_seed,12,19,0.9378980891719745,0.008080302184568094
i10o_simp,qlogehvi_mixed_seed,12,20,0.9378980891719745,0.008080302184568094
i10o_simp,qlogehvi_mixed_seed,13,1,0.8988119754082483,0.04576826408315105
i10o_simp,qlogehvi_mixed_seed,13,2,0.8988119754082483,0.04576826408315105
i10o_simp,qlogehvi_mixed_seed,13,3,0.8988119754082483,0.04576826408315105
i10o_simp,qlogehvi_mixed_seed,13,4,0.9000070242385274,0.04576826408315105
i10o_simp,qlogehvi_mixed_seed,13,5,0.900934219189387,0.044954707793942665
i10o_simp,qlogehvi_mixed_seed,13,6,0.900934219189387,0.044954707793942665
i10o_simp,qlogehvi_mixed_seed,13,7,0.900934219189387,0.044954707793942665
i10o_simp,qlogehvi_mixed_seed,13,8,0.900934219189387,0.044954707793942665
i10o_simp,qlogehvi_mixed_seed,13,9,0.9122055674518201,0.033772823904722485
i10o_simp,qlogehvi_mixed_seed,13,10,0.9122055674518201,0.033772823904722485
i10o_simp,qlogehvi_mixed_seed,13,11,0.9122055674518201,0.033772823904722485
i10o_simp,qlogehvi_mixed_seed,13,12,0.9122055674518201,0.033772823904722485
i10o_simp,qlogehvi_mixed_seed,13,13,0.9122055674518201,0.033772823904722485
i10o_simp,qlogehvi_mixed_seed,13,14,0.9122055674518201,0.033772823904722485
i10o_simp,qlogehvi_mixed_seed,13,15,0.9122055674518201,0.033772823904722485
i10o_simp,qlogehvi_mixed_seed,13,16,0.9122055674518201,0.033772823904722485
i10o_simp,qlogehvi_mixed_seed,13,17,0.9122055674518201,0.033772823904722485
i10o_simp,qlogehvi_mixed_seed,13,18,0.9122055674518201,0.033772823904722485
i10o_simp,qlogehvi_mixed_seed,13,19,0.9122055674518201,0.033772823904722485
i10o_simp,qlogehvi_mixed_seed,13,20,0.9331921264616007,0.012799786740635508
i10o_simp,random,11,1,0.9363636363636364,0.009614754992906246
i10o_simp,random,11,2,0.9363636363636364,0.009614754992906246
i10o_simp,random,11,3,0.9363636363636364,0.009614754992906246
i10o_simp,random,11,4,0.9363636363636364,0.009614754992906246
i10o_simp,random,11,5,0.9363636363636364,0.009614754992906246
i10o_simp,random,11,6,0.9363636363636364,0.009614754992906246
i10o_simp,random,11,7,0.9363636363636364,0.009614754992906246
i10o_simp,random,11,8,0.9363636363636364,0.009614754992906246
i10o_simp,random,11,9,0.9363636363636364,0.009614754992906246
i10o_simp,random,11,10,0.9363636363636364,0.009614754992906246
i10o_simp,random,11,11,0.9363636363636364,0.009614754992906246
i10o_simp,random,11,12,0.9363636363636364,0.009614754992906246
i10o_simp,random,11,13,0.9363636363636364,0.009614754992906246
i10o_simp,random,11,14,0.9363636363636364,0.009614754992906246
i10o_simp,random,11,15,0.9363636363636364,0.009614754992906246
i10o_simp,random,11,16,0.9363636363636364,0.009614754992906246
i10o_simp,random,11,17,0.9363636363636364,0.009614754992906246
i10o_simp,random,11,18,0.9363636363636364,0.009614754992906246
i10o_simp,random,11,19,0.9363636363636364,0.009614754992906246
i10o_simp,random,11,20,0.9363636363636364,0.009614754992906246
i10o_simp,random,12,1,0.9150009381794902,0.028124364384844617
i10o_simp,random,12,2,0.9151802839362324,0.028124364384844617
i10o_simp,random,12,3,0.916783303671995,0.028124364384844617
i10o_simp,random,12,4,0.916811826539043,0.028124364384844617
i10o_simp,random,12,5,0.916811826539043,0.028124364384844617
i10o_simp,random,12,6,0.9168427698931376,0.028124364384844617
i10o_simp,random,12,7,0.9168427698931376,0.028124364384844617
i10o_simp,random,12,8,0.9168427698931376,0.028124364384844617
i10o_simp,random,12,9,0.9168427787531983,0.028124364384844617
i10o_simp,random,12,10,0.9168444013596089,0.028124364384844617
i10o_simp,random,12,11,0.9171858263424673,0.028124364384844617
i10o_simp,random,12,12,0.9171858263424673,0.028124364384844617
i10o_simp,random,12,13,0.9256890716917936,0.01948221610442072
i10o_simp,random,12,14,0.9265156746921784,0.01948221610442072
i10o_simp,random,12,15,0.9265156746921784,0.01948221610442072
i10o_simp,random,12,16,0.9265156746921784,0.01948221610442072
i10o_simp,random,12,17,0.9265156746921784,0.01948221610442072
i10o_simp,random,12,18,0.9265156746921784,0.01948221610442072
i10o_simp,random,12,19,0.9265156746921784,0.01948221610442072
i10o_simp,random,12,20,0.9265156746921784,0.01948221610442072
i10o_simp,random,13,1,0.9127813333333334,0.032006175834203884
i10o_simp,random,13,2,0.9127813333333334,0.032006175834203884
i10o_simp,random,13,3,0.9127813333333334,0.032006175834203884
i10o_simp,random,13,4,0.9137875644484285,0.032006175834203884
i10o_simp,random,13,5,0.9137875644484285,0.032006175834203884
i10o_simp,random,13,6,0.9137875644484285,0.032006175834203884
i10o_simp,random,13,7,0.91393215814726,0.032006175834203884
i10o_simp,random,13,8,0.9234422658545267,0.022588248550278713
i10o_simp,random,13,9,0.9234430000965747,0.022588248550278713
i10o_simp,random,13,10,0.9234430000965747,0.022588248550278713
i10o_simp,random,13,11,0.9234430467663169,0.022588248550278713
i10o_simp,random,13,12,0.9234430467663169,0.022588248550278713
i10o_simp,random,13,13,0.9234430467663169,0.022588248550278713
i10o_simp,random,13,14,0.9234430467663169,0.022588248550278713
i10o_simp,random,13,15,0.923446693321639,0.022588248550278713
i10o_simp,random,13,16,0.9307207837648706,0.015257607591672079
i10o_simp,random,13,17,0.9307207837648706,0.015257607591672079
i10o_simp,random,13,18,0.9307207837648706,0.015257607591672079
i10o_simp,random,13,19,0.9307207837648706,0.015257607591672079
i10o_simp,random,13,20,0.9307207837648706,0.015257607591672079
i10o_simp,random_seed,11,1,0.8988119754082483,0.04576826408315105
i10o_simp,random_seed,11,2,0.8988119754082483,0.04576826408315105
i10o_simp,random_seed,11,3,0.9001345347419971,0.04576826408315105
i10o_simp,random_seed,11,4,0.9001345347419971,0.04576826408315105
i10o_simp,random_seed,11,5,0.9083607447535404,0.037562629211271036
i10o_simp,random_seed,11,6,0.9084600803283722,0.037562629211271036
i10o_simp,random_seed,11,7,0.9257708798641405,0.020290865960550835
i10o_simp,random_seed,11,8,0.9257708798641405,0.020290865960550835
i10o_simp,random_seed,11,9,0.9257708798641405,0.020290865960550835
i10o_simp,random_seed,11,10,0.9257708798641405,0.020290865960550835
i10o_simp,random_seed,11,11,0.9257708798641405,0.020290865960550835
i10o_simp,random_seed,11,12,0.9257708798641405,0.020290865960550835
i10o_simp,random_seed,11,13,0.9257713491048742,0.020290865960550835
i10o_simp,random_seed,11,14,0.9257713491048742,0.020290865960550835
i10o_simp,random_seed,11,15,0.9257713491048742,0.020290865960550835
i10o_simp,random_seed,11,16,0.9257713491048742,0.020290865960550835
i10o_simp,random_seed,11,17,0.9257713491048742,0.020290865960550835
i10o_simp,random_seed,11,18,0.9257713491048742,0.020290865960550835
i10o_simp,random_seed,11,19,0.9257713491048742,0.020290865960550835
i10o_simp,random_seed,11,20,0.9257713491048742,0.020290865960550835
i10o_simp,random_seed,12,1,0.8988119754082483,0.04576826408315105
i10o_simp,random_seed,12,2,0.8988119754082483,0.04576826408315105
i10o_simp,random_seed,12,3,0.8990822986313955,0.04576826408315105
i10o_simp,random_seed,12,4,0.8990822986313955,0.04576826408315105
i10o_simp,random_seed,12,5,0.8990822986313955,0.04576826408315105
i10o_simp,random_seed,12,6,0.9036944625155745,0.04115371715658349
i10o_simp,random_seed,12,7,0.9036944625155745,0.04115371715658349
i10o_simp,random_seed,12,8,0.9036944625155745,0.04115371715658349
i10o_simp,random_seed,12,9,0.9036962464578812,0.04115371715658349
i10o_simp,random_seed,12,10,0.9036972064763378,0.04115371715658349
i10o_simp,random_seed,12,11,0.9040383783303984,0.04115371715658349
i10o_simp,random_seed,12,12,0.9040383783303984,0.04115371715658349
i10o_simp,random_seed,12,13,0.9256890716917936,0.01948221610442072
i10o_simp,random_seed,12,14,0.9265156746921784,0.01948221610442072
i10o_simp,random_seed,12,15,0.9265156746921784,0.01948221610442072
i10o_simp,random_seed,12,16,0.9265156746921784,0.01948221610442072
i10o_simp,random_seed,12,17,0.9265156746921784,0.01948221610442072
i10o_simp,random_seed,12,18,0.9265156746921784,0.01948221610442072
i10o_simp,random_seed,12,19,0.9265156746921784,0.01948221610442072
i10o_simp,random_seed,12,20,0.9265156746921784,0.01948221610442072
i10o_simp,random_seed,13,1,0.8988119754082483,0.04576826408315105
i10o_simp,random_seed,13,2,0.8988119754082483,0.04576826408315105
i10o_simp,random_seed,13,3,0.8988119754082483,0.04576826408315105
i10o_simp,random_seed,13,4,0.9000070242385274,0.04576826408315105
i10o_simp,random_seed,13,5,0.9000070242385274,0.04576826408315105
i10o_simp,random_seed,13,6,0.9000070242385274,0.04576826408315105
i10o_simp,random_seed,13,7,0.9008102625649306,0.045119119336119506
i10o_simp,random_seed,13,8,0.923426294637214,0.022588248550278713
i10o_simp,random_seed,13,9,0.9234294323477727,0.022588248550278713
i10o_simp,random_seed,13,10,0.9234294323477727,0.022588248550278713
i10o_simp,random_seed,13,11,0.9234296672689621,0.022588248550278713
i10o_simp,random_seed,13,12,0.9234296672689621,0.022588248550278713
i10o_simp,random_seed,13,13,0.9234296672689621,0.022588248550278713
i10o_simp,random_seed,13,14,0.9234296672689621,0.022588248550278713
i10o_simp,random_seed,13,15,0.9234417680646818,0.022588248550278713
i10o_simp,random_seed,13,16,0.9307207837648706,0.015257607591672079
i10o_simp,random_seed,13,17,0.9307207837648706,0.015257607591672079
i10o_simp,random_seed,13,18,0.9307207837648706,0.015257607591672079
i10o_simp,random_seed,13,19,0.9307207837648706,0.015257607591672079
i10o_simp,random_seed,13,20,0.9307207837648706,0.015257607591672079
i11o_s1,parego,11,1,0.9368206795949638,0.012285205747377069
i11o_s1,parego,11,2,0.9379876751286482,0.011901968741217005
i11o_s1,parego,11,3,0.9475265194499038,0.009807572365180733
i11o_s1,parego,11,4,0.9496153707899754,0.009807572365180733
i11o_s1,parego,11,5,0.949646615311393,0.009807572365180733
i11o_s1,parego,11,6,0.9498066912000062,0.005984219601846834
i11o_s1,parego,11,7,0.9498516546255882,0.005984219601846834
i11o_s1,parego,11,8,0.9498735375350023,0.005984219601846834
i11o_s1,parego,11,9,0.9498735629347644,0.005984219601846834
i11o_s1,parego,11,10,0.9515319670242941,0.006550783637192573
i11o_s1,parego,11,11,0.9515319670242941,0.006550783637192573
i11o_s1,parego,11,12,0.951591633076335,0.0054759691316569065
i11o_s1,parego,11,13,0.951618048834252,0.006382057672819097
i11o_s1,parego,11,14,0.951618048834252,0.006382057672819097
i11o_s1,parego,11,15,0.951618048834252,0.006382057672819097
i11o_s1,parego,11,16,0.951618048834252,0.006382057672819097
i11o_s1,parego,11,17,0.951618048834252,0.006382057672819097
i11o_s1,parego,11,18,0.9582106314542136,0.005486227670744031
i11o_s1,parego,11,19,0.9582106314542136,0.005486227670744031
i11o_s1,parego,11,20,0.9582106314542136,0.005486227670744031
i11o_s1,parego,12,1,0.8911574368593573,0.04325978554788889
i11o_s1,parego,12,2,0.8911574368593573,0.04325978554788889
i11o_s1,parego,12,3,0.895823020424155,0.04325978554788889
i11o_s1,parego,12,4,0.9154583535063997,0.023932321466997156
i11o_s1,parego,12,5,0.9154583535063997,0.023932321466997156
i11o_s1,parego,12,6,0.9154595196559293,0.023932321466997156
i11o_s1,parego,12,7,0.9154595196559293,0.023932321466997156
i11o_s1,parego,12,8,0.9154612488148514,0.023932321466997156
i11o_s1,parego,12,9,0.9154612488148514,0.023932321466997156
i11o_s1,parego,12,10,0.9418977089194878,0.011334326549008494
i11o_s1,parego,12,11,0.9421368377121182,0.011334326549008494
i11o_s1,parego,12,12,0.9421368377121182,0.011334326549008494
i11o_s1,parego,12,13,0.9421368377121182,0.011334326549008494
i11o_s1,parego,12,14,0.9424416964522645,0.009187614698559199
i11o_s1,parego,12,15,0.9424576721238221,0.009187614698559199
i11o_s1,parego,12,16,0.9424576721238221,0.009187614698559199
i11o_s1,parego,12,17,0.9424576721238221,0.009187614698559199
i11o_s1,parego,12,18,0.9424576721238221,0.009187614698559199
i11o_s1,parego,12,19,0.9424576721238221,0.009187614698559199
i11o_s1,parego,12,20,0.9486282470800379,0.006761631177496546
i11o_s1,parego,13,1,0.8876586316428723,0.048750191949833585
i11o_s1,parego,13,2,0.8892041112833193,0.048750191949833585
i11o_s1,parego,13,3,0.8892041112833193,0.048750191949833585
i11o_s1,parego,13,4,0.8892041112833193,0.048750191949833585
i11o_s1,parego,13,5,0.8902455916514397,0.048750191949833585
i11o_s1,parego,13,6,0.8902530161871375,0.048750191949833585
i11o_s1,parego,13,7,0.9012018930243493,0.03776706332461484
i11o_s1,parego,13,8,0.9012284837355798,0.03776706332461484
i11o_s1,parego,13,9,0.9415509111375125,0.013097169269727206
i11o_s1,parego,13,10,0.9415509111375125,0.013097169269727206
i11o_s1,parego,13,11,0.9415510924886519,0.013097169269727206
i11o_s1,parego,13,12,0.9415725905933979,0.009164182814395011
i11o_s1,parego,13,13,0.9423525930957436,0.009187614698559199
i11o_s1,parego,13,14,0.9424624595901433,0.009187614698559199
i11o_s1,parego,13,15,0.9424624595901433,0.009187614698559199
i11o_s1,parego,13,16,0.9424624595901433,0.009187614698559199
i11o_s1,parego,13,17,0.9424627957921343,0.009187614698559199
i11o_s1,parego,13,18,0.9424627957921343,0.009187614698559199
i11o_s1,parego,13,19,0.9424627957921343,0.009187614698559199
i11o_s1,parego,13,20,0.9424627957921343,0.009187614698559199
i11o_s1,parego_seed,11,1,0.8695516521709818,0.06666781906862068
i11o_s1,parego_seed,11,2,0.9083532734205996,0.02857611287088506
i11o_s1,parego_seed,11,3,0.9475137863462104,0.01337791702409365
i11o_s1,parego_seed,11,4,0.9494324545794716,0.01337791702409365
i11o_s1,parego_seed,11,5,0.949482815132643,0.01337791702409365
i11o_s1,parego_seed,11,6,0.9495279030372138,0.007500157840775623
i11o_s1,parego_seed,11,7,0.9496190541872954,0.007142292398208716
i11o_s1,parego_seed,11,8,0.9496227502755696,0.007142292398208716
i11o_s1,parego_seed,11,9,0.949649371815066,0.007142292398208716
i11o_s1,parego_seed,11,10,0.9496590260293045,0.007142292398208716
i11o_s1,parego_seed,11,11,0.9497719765997651,0.007142292398208716
i11o_s1,parego_seed,11,12,0.9497727018770702,0.007142292398208716
i11o_s1,parego_seed,11,13,0.9498013279388166,0.007142292398208716
i11o_s1,parego_seed,11,14,0.9498013279388166,0.007142292398208716
i11o_s1,parego_seed,11,15,0.9499506786449975,0.007142292398208716
i11o_s1,parego_seed,11,16,0.9499506786449975,0.007142292398208716
i11o_s1,parego_seed,11,17,0.9499797725955942,0.00695832687076757
i11o_s1,parego_seed,11,18,0.9499797725955942,0.00695832687076757
i11o_s1,parego_seed,11,19,0.9499797725955942,0.00695832687076757
i11o_s1,parego_seed,11,20,0.9499797725955942,0.00695832687076757
i11o_s1,parego_seed,12,1,0.8695516521709818,0.06666781906862068
i11o_s1,parego_seed,12,2,0.8695516521709818,0.06666781906862068
i11o_s1,parego_seed,12,3,0.872859920108548,0.06615178182107108
i11o_s1,parego_seed,12,4,0.9154522006121253,0.023932321466997156
i11o_s1,parego_seed,12,5,0.9294508624604957,0.013661596142913351
i11o_s1,parego_seed,12,6,0.9294606401346905,0.013661596142913351
i11o_s1,parego_seed,12,7,0.9294606401346905,0.013661596142913351
i11o_s1,parego_seed,12,8,0.9294673787624543,0.013661596142913351
i11o_s1,parego_seed,12,9,0.9294673787624543,0.013661596142913351
i11o_s1,parego_seed,12,10,0.9419120671004461,0.009055073351553006
i11o_s1,parego_seed,12,11,0.9419129179865433,0.009055073351553006
i11o_s1,parego_seed,12,12,0.9419134432275914,0.009055073351553006
i11o_s1,parego_seed,12,13,0.9419134432275914,0.009055073351553006
i11o_s1,parego_seed,12,14,0.9422028366331823,0.009187614698559199
i11o_s1,parego_seed,12,15,0.9424714875278987,0.009187614698559199
i11o_s1,parego_seed,12,16,0.9424714875278987,0.009187614698559199
i11o_s1,parego_seed,12,17,0.9424714875278987,0.009187614698559199
i11o_s1,parego_seed,12,18,0.9521000715312087,0.006456756391228763
i11o_s1,parego_seed,12,19,0.9521570701313923,0.006456756391228763
i11o_s1,parego_seed,12,20,0.9521570701313923,0.006456756391228763
i11o_s1,parego_seed,13,1,0.8695516521709818,0.06666781906862068
i11o_s1,parego_seed,13,2,0.8713758773182714,0.06666781906862068
i11o_s1,parego_seed,13,3,0.8713758773182714,0.06666781906862068
i11o_s1,parego_seed,13,4,0.8713758773182714,0.06666781906862068
i11o_s1,parego_seed,13,5,0.9189058435006477,0.019166910285826726
i11o_s1,parego_seed,13,6,0.9190052724318701,0.019166910285826726
i11o_s1,parego_seed,13,7,0.9192905705031187,0.019166910285826726
i11o_s1,parego_seed,13,8,0.9192905705031187,0.019166910285826726
i11o_s1,parego_seed,13,9,0.9193562080400589,0.019166910285826726
i11o_s1,parego_seed,13,10,0.9193562080400589,0.019166910285826726
i11o_s1,parego_seed,13,11,0.9195936022069603,0.019166910285826726
i11o_s1,parego_seed,13,12,0.9195936022069603,0.019166910285826726
i11o_s1,parego_seed,13,13,0.9372729290272767,0.01075285187008584
i11o_s1,parego_seed,13,14,0.9372729290272767,0.01075285187008584
i11o_s1,parego_seed,13,15,0.9374204562727727,0.01075285187008584
i11o_s1,parego_seed,13,16,0.9374204562727727,0.01075285187008584
i11o_s1,parego_seed,13,17,0.9374360786861767,0.008135155621953844
i11o_s1,parego_seed,13,18,0.9374360786861767,0.008135155621953844
i11o_s1,parego_seed,13,19,0.9376455909824849,0.008135155621953844
i11o_s1,parego_seed,13,20,0.9376455909824849,0.008135155621953844
i11o_s1,qlogehvi_mixed,11,1,0.9368206795949638,0.012285205747377069
i11o_s1,qlogehvi_mixed,11,2,0.9379876751286482,0.011901968741217005
i11o_s1,qlogehvi_mixed,11,3,0.9475265194499038,0.009807572365180733
i11o_s1,qlogehvi_mixed,11,4,0.9496153707899754,0.009807572365180733
i11o_s1,qlogehvi_mixed,11,5,0.9496153707899754,0.009807572365180733
i11o_s1,qlogehvi_mixed,11,6,0.9496977634549184,0.0079272157531239
i11o_s1,qlogehvi_mixed,11,7,0.9496977634549184,0.0079272157531239
i11o_s1,qlogehvi_mixed,11,8,0.9592725855404354,0.006794087423747774
i11o_s1,qlogehvi_mixed,11,9,0.9592728436413588,0.006651191253105108
i11o_s1,qlogehvi_mixed,11,10,0.9592728436413588,0.006651191253105108
i11o_s1,qlogehvi_mixed,11,11,0.959279748126709,0.006651191253105108
i11o_s1,qlogehvi_mixed,11,12,0.959279748126709,0.006651191253105108
i11o_s1,qlogehvi_mixed,11,13,0.9592843739661039,0.006651191253105108
i11o_s1,qlogehvi_mixed,11,14,0.959284406489902,0.006651191253105108
i11o_s1,qlogehvi_mixed,11,15,0.959284406489902,0.006651191253105108
i11o_s1,qlogehvi_mixed,11,16,0.959284406489902,0.006651191253105108
i11o_s1,qlogehvi_mixed,11,17,0.959284406489902,0.006651191253105108
i11o_s1,qlogehvi_mixed,11,18,0.9593063691570767,0.006651191253105108
i11o_s1,qlogehvi_mixed,11,19,0.9610951013871921,0.0065401601734303505
i11o_s1,qlogehvi_mixed,11,20,0.9610951013871921,0.0065401601734303505
i11o_s1,qlogehvi_mixed,12,1,0.8911574368593573,0.04325978554788889
i11o_s1,qlogehvi_mixed,12,2,0.8911574368593573,0.04325978554788889
i11o_s1,qlogehvi_mixed,12,3,0.895823020424155,0.04325978554788889
i11o_s1,qlogehvi_mixed,12,4,0.9154583535063997,0.023932321466997156
i11o_s1,qlogehvi_mixed,12,5,0.9234186153675719,0.016446812411375227
i11o_s1,qlogehvi_mixed,12,6,0.9260993803505477,0.014413460875581647
i11o_s1,qlogehvi_mixed,12,7,0.9298347561900151,0.011361588587580435
i11o_s1,qlogehvi_mixed,12,8,0.9298347561900151,0.011361588587580435
i11o_s1,qlogehvi_mixed,12,9,0.9298347561900151,0.011361588587580435
i11o_s1,qlogehvi_mixed,12,10,0.9298347561900151,0.011361588587580435
i11o_s1,qlogehvi_mixed,12,11,0.9298347561900151,0.011361588587580435
i11o_s1,qlogehvi_mixed,12,12,0.9298347561900151,0.011361588587580435
i11o_s1,qlogehvi_mixed,12,13,0.9298347561900151,0.011361588587580435
i11o_s1,qlogehvi_mixed,12,14,0.9298347561900151,0.011361588587580435
i11o_s1,qlogehvi_mixed,12,15,0.9298347561900151,0.011361588587580435
i11o_s1,qlogehvi_mixed,12,16,0.933521333756111,0.009097798967357127
i11o_s1,qlogehvi_mixed,12,17,0.9348211072880798,0.008210260966820206
i11o_s1,qlogehvi_mixed,12,18,0.9348211072880798,0.008210260966820206
i11o_s1,qlogehvi_mixed,12,19,0.9348211072880798,0.008210260966820206
i11o_s1,qlogehvi_mixed,12,20,0.9348211072880821,0.008208558881031584
i11o_s1,qlogehvi_mixed,13,1,0.8876586316428723,0.048750191949833585
i11o_s1,qlogehvi_mixed,13,2,0.8892041112833193,0.048750191949833585
i11o_s1,qlogehvi_mixed,13,3,0.8892041112833193,0.048750191949833585
i11o_s1,qlogehvi_mixed,13,4,0.8892041112833193,0.048750191949833585
i11o_s1,qlogehvi_mixed,13,5,0.8893601936712957,0.048750191949833585
i11o_s1,qlogehvi_mixed,13,6,0.8893601936712957,0.048750191949833585
i11o_s1,qlogehvi_mixed,13,7,0.8894929935561177,0.048750191949833585
i11o_s1,qlogehvi_mixed,13,8,0.9109408618248397,0.027271243236235775
i11o_s1,qlogehvi_mixed,13,9,0.9119986444859175,0.027271243236235775
i11o_s1,qlogehvi_mixed,13,10,0.9119986444859175,0.027271243236235775
i11o_s1,qlogehvi_mixed,13,11,0.9120615997355254,0.027271243236235775
i11o_s1,qlogehvi_mixed,13,12,0.9120616002923722,0.027271243236235775
i11o_s1,qlogehvi_mixed,13,13,0.9121112348491757,0.027271243236235775
i11o_s1,qlogehvi_mixed,13,14,0.9122851406904674,0.027271243236235775
i11o_s1,qlogehvi_mixed,13,15,0.9122852781783838,0.027271243236235775
i11o_s1,qlogehvi_mixed,13,16,0.9122852781783838,0.027271243236235775
i11o_s1,qlogehvi_mixed,13,17,0.912285279730368,0.027271243236235775
i11o_s1,qlogehvi_mixed,13,18,0.91499265235321,0.024725942628747024
i11o_s1,qlogehvi_mixed,13,19,0.9149929188922327,0.024725942628747024
i11o_s1,qlogehvi_mixed,13,20,0.9149942666975364,0.024725942628747024
i11o_s1,qlogehvi_mixed_seed,11,1,0.8695516521709818,0.06666781906862068
i11o_s1,qlogehvi_mixed_seed,11,2,0.9083532734205996,0.02857611287088506
i11o_s1,qlogehvi_mixed_seed,11,3,0.9475137863462104,0.01337791702409365
i11o_s1,qlogehvi_mixed_seed,11,4,0.9494324545794716,0.01337791702409365
i11o_s1,qlogehvi_mixed_seed,11,5,0.9494324545794716,0.01337791702409365
i11o_s1,qlogehvi_mixed_seed,11,6,0.9494398154780188,0.01337791702409365
i11o_s1,qlogehvi_mixed_seed,11,7,0.9494640064654387,0.01337791702409365
i11o_s1,qlogehvi_mixed_seed,11,8,0.9496068141233736,0.01337791702409365
i11o_s1,qlogehvi_mixed_seed,11,9,0.9496604654013956,0.01060519632623148
i11o_s1,qlogehvi_mixed_seed,11,10,0.9496604654013956,0.01060519632623148
i11o_s1,qlogehvi_mixed_seed,11,11,0.9496950053390759,0.007277097586586895
i11o_s1,qlogehvi_mixed_seed,11,12,0.9496950053390759,0.007277097586586895
i11o_s1,qlogehvi_mixed_seed,11,13,0.9496950053390759,0.007277097586586895
i11o_s1,qlogehvi_mixed_seed,11,14,0.9496950053390759,0.007277097586586895
i11o_s1,qlogehvi_mixed_seed,11,15,0.9496950053390759,0.007277097586586895
i11o_s1,qlogehvi_mixed_seed,11,16,0.9497235909337263,0.006456651402123353
i11o_s1,qlogehvi_mixed_seed,11,17,0.9497316001263844,0.006456651402123353
i11o_s1,qlogehvi_mixed_seed,11,18,0.9497316001263844,0.006456651402123353
i11o_s1,qlogehvi_mixed_seed,11,19,0.9513056634922809,0.006331836501384734
i11o_s1,qlogehvi_mixed_seed,11,20,0.9513965224829907,0.006324519254666092
i11o_s1,qlogehvi_mixed_seed,12,1,0.8695516521709818,0.06666781906862068
i11o_s1,qlogehvi_mixed_seed,12,2,0.8695516521709818,0.06666781906862068
i11o_s1,qlogehvi_mixed_seed,12,3,0.872859920108548,0.06615178182107108
i11o_s1,qlogehvi_mixed_seed,12,4,0.9154522006121253,0.023932321466997156
i11o_s1,qlogehvi_mixed_seed,12,5,0.9158413489429866,0.023932321466997156
i11o_s1,qlogehvi_mixed_seed,12,6,0.9158413489429866,0.023932321466997156
i11o_s1,qlogehvi_mixed_seed,12,7,0.9158413489429866,0.023932321466997156
i11o_s1,qlogehvi_mixed_seed,12,8,0.9222828563978648,0.017318206734337423
i11o_s1,qlogehvi_mixed_seed,12,9,0.9288735781420172,0.012225239117804421
i11o_s1,qlogehvi_mixed_seed,12,10,0.9288753352686775,0.011755850342578707
i11o_s1,qlogehvi_mixed_seed,12,11,0.9288753352686775,0.011755850342578707
i11o_s1,qlogehvi_mixed_seed,12,12,0.9316295678428849,0.010068547263052199
i11o_s1,qlogehvi_mixed_seed,12,13,0.9448501733488247,0.00527023321740659
i11o_s1,qlogehvi_mixed_seed,12,14,0.9448501733488247,0.00527023321740659
i11o_s1,qlogehvi_mixed_seed,12,15,0.9503841773798332,0.003592758138166424
i11o_s1,qlogehvi_mixed_seed,12,16,0.9503841773798332,0.003592758138166424
i11o_s1,qlogehvi_mixed_seed,12,17,0.9503841773798332,0.003592758138166424
i11o_s1,qlogehvi_mixed_seed,12,18,0.9504322496689951,0.003592758138166424
i11o_s1,qlogehvi_mixed_seed,12,19,0.9504322496689951,0.003592758138166424
i11o_s1,qlogehvi_mixed_seed,12,20,0.9504322496689951,0.003592758138166424
i11o_s1,qlogehvi_mixed_seed,13,1,0.8695516521709818,0.06666781906862068
i11o_s1,qlogehvi_mixed_seed,13,2,0.8713758773182714,0.06666781906862068
i11o_s1,qlogehvi_mixed_seed,13,3,0.8713758773182714,0.06666781906862068
i11o_s1,qlogehvi_mixed_seed,13,4,0.8713758773182714,0.06666781906862068
i11o_s1,qlogehvi_mixed_seed,13,5,0.8716275768348676,0.06666781906862068
i11o_s1,qlogehvi_mixed_seed,13,6,0.8725542343146377,0.06666781906862068
i11o_s1,qlogehvi_mixed_seed,13,7,0.872629625280928,0.06666781906862068
i11o_s1,qlogehvi_mixed_seed,13,8,0.8843116318604375,0.054894091426245545
i11o_s1,qlogehvi_mixed_seed,13,9,0.8843116318604375,0.054894091426245545
i11o_s1,qlogehvi_mixed_seed,13,10,0.8843134557522553,0.054894091426245545
i11o_s1,qlogehvi_mixed_seed,13,11,0.8843134716447495,0.054894091426245545
i11o_s1,qlogehvi_mixed_seed,13,12,0.8844464047774432,0.054894091426245545
i11o_s1,qlogehvi_mixed_seed,13,13,0.8844468691179953,0.054894091426245545
i11o_s1,qlogehvi_mixed_seed,13,14,0.893901384595207,0.04540381650743494
i11o_s1,qlogehvi_mixed_seed,13,15,0.893901384595207,0.04540381650743494
i11o_s1,qlogehvi_mixed_seed,13,16,0.8941143132900866,0.04518971629416906
i11o_s1,qlogehvi_mixed_seed,13,17,0.8941143132900866,0.04518971629416906
i11o_s1,qlogehvi_mixed_seed,13,18,0.9151640519646799,0.024511943529444878
i11o_s1,qlogehvi_mixed_seed,13,19,0.9152074503245372,0.024511943529444878
i11o_s1,qlogehvi_mixed_seed,13,20,0.9153500304299009,0.024511943529444878
i11o_s1,random,11,1,0.9368206795949638,0.012285205747377069
i11o_s1,random,11,2,0.9379876751286482,0.011901968741217005
i11o_s1,random,11,3,0.9475265194499038,0.009807572365180733
i11o_s1,random,11,4,0.9496153707899754,0.009807572365180733
i11o_s1,random,11,5,0.9496153707899754,0.009807572365180733
i11o_s1,random,11,6,0.949686787446714,0.006216407731370653
i11o_s1,random,11,7,0.9496872323185942,0.006216407731370653
i11o_s1,random,11,8,0.9496964406010886,0.006216407731370653
i11o_s1,random,11,9,0.9496964406010886,0.006216407731370653
i11o_s1,random,11,10,0.9506861001650981,0.006216407731370653
i11o_s1,random,11,11,0.9506898384032328,0.006216407731370653
i11o_s1,random,11,12,0.9506903287727553,0.0061892766366084965
i11o_s1,random,11,13,0.9507251090652421,0.0061892766366084965
i11o_s1,random,11,14,0.9507251156549975,0.0061892766366084965
i11o_s1,random,11,15,0.9507251156549975,0.0061892766366084965
i11o_s1,random,11,16,0.9507251156549975,0.0061892766366084965
i11o_s1,random,11,17,0.9507251156549975,0.0061892766366084965
i11o_s1,random,11,18,0.9507450734654614,0.0061892766366084965
i11o_s1,random,11,19,0.9507459794588521,0.0061892766366084965
i11o_s1,random,11,20,0.9507459794588521,0.0061892766366084965
i11o_s1,random,12,1,0.8911574368593573,0.04325978554788889
i11o_s1,random,12,2,0.8911574368593573,0.04325978554788889
i11o_s1,random,12,3,0.895823020424155,0.04325978554788889
i11o_s1,random,12,4,0.9154583535063997,0.023932321466997156
i11o_s1,random,12,5,0.9154583535063997,0.023932321466997156
i11o_s1,random,12,6,0.9155299026351975,0.023932321466997156
i11o_s1,random,12,7,0.9155299026351975,0.023932321466997156
i11o_s1,random,12,8,0.9155299026351975,0.023932321466997156
i11o_s1,random,12,9,0.9155300159133468,0.023932321466997156
i11o_s1,random,12,10,0.9257955444610051,0.015556403418880467
i11o_s1,random,12,11,0.9257955444610051,0.015556403418880467
i11o_s1,random,12,12,0.9354529011358237,0.010499761599162773
i11o_s1,random,12,13,0.9354529011358237,0.010499761599162773
i11o_s1,random,12,14,0.9354529011358237,0.010499761599162773
i11o_s1,random,12,15,0.9354529011358237,0.010499761599162773
i11o_s1,random,12,16,0.9354537062473665,0.010499761599162773
i11o_s1,random,12,17,0.9354537062473665,0.010499761599162773
i11o_s1,random,12,18,0.9354537062473665,0.010499761599162773
i11o_s1,random,12,19,0.9354537062473665,0.010499761599162773
i11o_s1,random,12,20,0.9354537062473665,0.010499761599162773
i11o_s1,random,13,1,0.8876586316428723,0.048750191949833585
i11o_s1,random,13,2,0.8892041112833193,0.048750191949833585
i11o_s1,random,13,3,0.8892041112833193,0.048750191949833585
i11o_s1,random,13,4,0.8892041112833193,0.048750191949833585
i11o_s1,random,13,5,0.9061210310908011,0.031863471113578797
i11o_s1,random,13,6,0.9066109442530299,0.031863471113578797
i11o_s1,random,13,7,0.9067412908409022,0.031863471113578797
i11o_s1,random,13,8,0.9067412908409022,0.031863471113578797
i11o_s1,random,13,9,0.9067412908409022,0.031863471113578797
i11o_s1,random,13,10,0.9067412908409022,0.031863471113578797
i11o_s1,random,13,11,0.9067455215921973,0.031863471113578797
i11o_s1,random,13,12,0.9067455215921973,0.031863471113578797
i11o_s1,random,13,13,0.9067455215921973,0.031863471113578797
i11o_s1,random,13,14,0.9067455215921973,0.031863471113578797
i11o_s1,random,13,15,0.9079487384760867,0.03163173309480278
i11o_s1,random,13,16,0.9079487384760867,0.03163173309480278
i11o_s1,random,13,17,0.9079487384760867,0.03163173309480278
i11o_s1,random,13,18,0.9079487384760867,0.03163173309480278
i11o_s1,random,13,19,0.9079487384760867,0.03163173309480278
i11o_s1,random,13,20,0.9274591175288467,0.013524272344402817
i11o_s1,random_seed,11,1,0.8695516521709818,0.06666781906862068
i11o_s1,random_seed,11,2,0.9083532734205996,0.02857611287088506
i11o_s1,random_seed,11,3,0.9475137863462104,0.01337791702409365
i11o_s1,random_seed,11,4,0.9494324545794716,0.01337791702409365
i11o_s1,random_seed,11,5,0.9494324545794716,0.01337791702409365
i11o_s1,random_seed,11,6,0.9495656003846895,0.007160671873866509
i11o_s1,random_seed,11,7,0.9495658206448431,0.007160671873866509
i11o_s1,random_seed,11,8,0.9495664238744652,0.007160671873866509
i11o_s1,random_seed,11,9,0.9495664238744652,0.007160671873866509
i11o_s1,random_seed,11,10,0.9506271685698182,0.007160671873866509
i11o_s1,random_seed,11,11,0.9506305740713482,0.007160671873866509
i11o_s1,random_seed,11,12,0.9506366132939347,0.007055257666075358
i11o_s1,random_seed,11,13,0.9506443156551448,0.007055257666075358
i11o_s1,random_seed,11,14,0.9506443222449001,0.007055257666075358
i11o_s1,random_seed,11,15,0.9506443222449001,0.007055257666075358
i11o_s1,random_seed,11,16,0.9506443222449001,0.007055257666075358
i11o_s1,random_seed,11,17,0.9506443222449001,0.007055257666075358
i11o_s1,random_seed,11,18,0.9506642800553642,0.007055257666075358
i11o_s1,random_seed,11,19,0.9506651860487548,0.007055257666075358
i11o_s1,random_seed,11,20,0.9506651860487548,0.007055257666075358
i11o_s1,random_seed,12,1,0.8695516521709818,0.06666781906862068
i11o_s1,random_seed,12,2,0.8695516521709818,0.06666781906862068
i11o_s1,random_seed,12,3,0.872859920108548,0.06615178182107108
i11o_s1,random_seed,12,4,0.9154522006121253,0.023932321466997156
i11o_s1,random_seed,12,5,0.9154522006121253,0.023932321466997156
i11o_s1,random_seed,12,6,0.9155299026351975,0.023932321466997156
i11o_s1,random_seed,12,7,0.9155299026351975,0.023932321466997156
i11o_s1,random_seed,12,8,0.9155299026351975,0.023932321466997156
i11o_s1,random_seed,12,9,0.9155300159133468,0.023932321466997156
i11o_s1,random_seed,12,10,0.9257955444610051,0.015556403418880467
i11o_s1,random_seed,12,11,0.9257955444610051,0.015556403418880467
i11o_s1,random_seed,12,12,0.9354529011358237,0.010499761599162773
i11o_s1,random_seed,12,13,0.9354529011358237,0.010499761599162773
i11o_s1,random_seed,12,14,0.9354529011358237,0.010499761599162773
i11o_s1,random_seed,12,15,0.9354529011358237,0.010499761599162773
i11o_s1,random_seed,12,16,0.9354537062473665,0.010499761599162773
i11o_s1,random_seed,12,17,0.9354537062473665,0.010499761599162773
i11o_s1,random_seed,12,18,0.9354537062473665,0.010499761599162773
i11o_s1,random_seed,12,19,0.9354537062473665,0.010499761599162773
i11o_s1,random_seed,12,20,0.9354537062473665,0.010499761599162773
i11o_s1,random_seed,13,1,0.8695516521709818,0.06666781906862068
i11o_s1,random_seed,13,2,0.8713758773182714,0.06666781906862068
i11o_s1,random_seed,13,3,0.8713758773182714,0.06666781906862068
i11o_s1,random_seed,13,4,0.8713758773182714,0.06666781906862068
i11o_s1,random_seed,13,5,0.9060949655635075,0.031863471113578797
i11o_s1,random_seed,13,6,0.9065827621284491,0.031863471113578797
i11o_s1,random_seed,13,7,0.9067253353634779,0.031863471113578797
i11o_s1,random_seed,13,8,0.9067253353634779,0.031863471113578797
i11o_s1,random_seed,13,9,0.9067253353634779,0.031863471113578797
i11o_s1,random_seed,13,10,0.9067253353634779,0.031863471113578797
i11o_s1,random_seed,13,11,0.9067328729261339,0.031863471113578797
i11o_s1,random_seed,13,12,0.9067328729261339,0.031863471113578797
i11o_s1,random_seed,13,13,0.9067328729261339,0.031863471113578797
i11o_s1,random_seed,13,14,0.9067328729261339,0.031863471113578797
i11o_s1,random_seed,13,15,0.9079487384760867,0.03163173309480278
i11o_s1,random_seed,13,16,0.9079487384760867,0.03163173309480278
i11o_s1,random_seed,13,17,0.9079487384760867,0.03163173309480278
i11o_s1,random_seed,13,18,0.9079487384760867,0.03163173309480278
i11o_s1,random_seed,13,19,0.9079487384760867,0.03163173309480278
i11o_s1,random_seed,13,20,0.9274591175288467,0.013524272344402817
i14o_s7,parego,11,1,0.8625490058402441,0.059416934593724345
i14o_s7,parego,11,2,0.9013601660239271,0.021661208079672995
i14o_s7,parego,11,3,0.9013601660239271,0.021661208079672995
i14o_s7,parego,11,4,0.9096599958693172,0.021661208079672995
i14o_s7,parego,11,5,0.9096599958693172,0.021661208079672995
i14o_s7,parego,11,6,0.9096599958693172,0.021661208079672995
i14o_s7,parego,11,7,0.9096599958693172,0.021661208079672995
i14o_s7,parego,11,8,0.9096599958693172,0.021661208079672995
i14o_s7,parego,11,9,0.9356693806814546,0.009128819696353112
i14o_s7,parego,11,10,0.9356693806814546,0.009128819696353112
i14o_s7,parego,11,11,0.9356693806814546,0.009128819696353112
i14o_s7,parego,11,12,0.9356693806814546,0.009128819696353112
i14o_s7,parego,11,13,0.9356693806814546,0.009128819696353112
i14o_s7,parego,11,14,0.9356693806814546,0.009128819696353112
i14o_s7,parego,11,15,0.9358997658167891,0.007186148474565423
i14o_s7,parego,11,16,0.9358997658167891,0.007186148474565423
i14o_s7,parego,11,17,0.9358997658167891,0.007186148474565423
i14o_s7,parego,11,18,0.9358997658167891,0.007186148474565423
i14o_s7,parego,11,19,0.9359741908568312,0.0034306812288025204
i14o_s7,parego,11,20,0.9359741908568312,0.0034306812288025204
i14o_s7,parego,12,1,0.8759381585764481,0.047161006463767204
i14o_s7,parego,12,2,0.8760349910415957,0.047161006463767204
i14o_s7,parego,12,3,0.8809419035579886,0.047161006463767204
i14o_s7,parego,12,4,0.8976683133529121,0.030366353654148474
i14o_s7,parego,12,5,0.8976683133529121,0.030366353654148474
i14o_s7,parego,12,6,0.8982083113817402,0.030366353654148474
i14o_s7,parego,12,7,0.8982083113817402,0.030366353654148474
i14o_s7,parego,12,8,0.9110732310310181,0.01765041533831544
i14o_s7,parego,12,9,0.9223827318377467,0.008095199457773447
i14o_s7,parego,12,10,0.9223827318377467,0.008095199457773447
i14o_s7,parego,12,11,0.9236728148990304,0.008095199457773447
i14o_s7,parego,12,12,0.9238841017680126,0.008095199457773447
i14o_s7,parego,12,13,0.9238841017680126,0.008095199457773447
i14o_s7,parego,12,14,0.9238841017680126,0.008095199457773447
i14o_s7,parego,12,15,0.9257918322844269,0.005443036572709518
i14o_s7,parego,12,16,0.9257918322844269,0.005443036572709518
i14o_s7,parego,12,17,0.9257918322844269,0.005443036572709518
i14o_s7,parego,12,18,0.9257918322844269,0.005443036572709518
i14o_s7,parego,12,19,0.9257918322844269,0.005443036572709518
i14o_s7,parego,12,20,0.9257918322844269,0.005443036572709518
i14o_s7,parego,13,1,0.8621975156169678,0.06514645585661992
i14o_s7,parego,13,2,0.862631794369493,0.06514645585661992
i14o_s7,parego,13,3,0.862631794369493,0.06514645585661992
i14o_s7,parego,13,4,0.862631794369493,0.06514645585661992
i14o_s7,parego,13,5,0.8650604011083405,0.06514645585661992
i14o_s7,parego,13,6,0.8650604011083405,0.06514645585661992
i14o_s7,parego,13,7,0.8650604011083405,0.06514645585661992
i14o_s7,parego,13,8,0.8650604011083405,0.06514645585661992
i14o_s7,parego,13,9,0.8813585293339048,0.04882989666520597
i14o_s7,parego,13,10,0.8813585293339048,0.04882989666520597
i14o_s7,parego,13,11,0.8813585293339048,0.04882989666520597
i14o_s7,parego,13,12,0.9276823104034202,0.004040534796893278
i14o_s7,parego,13,13,0.9352669709929688,0.001977101710729719
i14o_s7,parego,13,14,0.9352669709929688,0.001977101710729719
i14o_s7,parego,13,15,0.9352669709929688,0.001977101710729719
i14o_s7,parego,13,16,0.9354070978881336,0.00189297347117454
i14o_s7,parego,13,17,0.9354070978881336,0.00189297347117454
i14o_s7,parego,13,18,0.9354070978881336,0.00189297347117454
i14o_s7,parego,13,19,0.9354070978881336,0.00189297347117454
i14o_s7,parego,13,20,0.9354070978881336,0.00189297347117454
i14o_s7,parego_seed,11,1,0.8764903443218407,0.0482207826728388
i14o_s7,parego_seed,11,2,0.903580565721671,0.021661208079672995
i14o_s7,parego_seed,11,3,0.903580565721671,0.021661208079672995
i14o_s7,parego_seed,11,4,0.9096599958693172,0.021661208079672995
i14o_s7,parego_seed,11,5,0.9096599958693172,0.021661208079672995
i14o_s7,parego_seed,11,6,0.9096599958693172,0.021661208079672995
i14o_s7,parego_seed,11,7,0.9096599958693172,0.021661208079672995
i14o_s7,parego_seed,11,8,0.9096599958693172,0.021661208079672995
i14o_s7,parego_seed,11,9,0.9096599958693172,0.021661208079672995
i14o_s7,parego_seed,11,10,0.9096599958693172,0.021661208079672995
i14o_s7,parego_seed,11,11,0.9096599958693172,0.021661208079672995
i14o_s7,parego_seed,11,12,0.915745497619116,0.015069744475243507
i14o_s7,parego_seed,11,13,0.915745497619116,0.015069744475243507
i14o_s7,parego_seed,11,14,0.915745497619116,0.015069744475243507
i14o_s7,parego_seed,11,15,0.9193890278747664,0.011480548968057749
i14o_s7,parego_seed,11,16,0.9193890278747664,0.011480548968057749
i14o_s7,parego_seed,11,17,0.9251967916061702,0.005786267574970197
i14o_s7,parego_seed,11,18,0.9251967916061702,0.005786267574970197
i14o_s7,parego_seed,11,19,0.9251967916061702,0.005786267574970197
i14o_s7,parego_seed,11,20,0.9251967916061702,0.005786267574970197
i14o_s7,parego_seed,12,1,0.8764903443218407,0.0482207826728388
i14o_s7,parego_seed,12,2,0.8764903443218407,0.0482207826728388
i14o_s7,parego_seed,12,3,0.8798350603569784,0.0482207826728388
i14o_s7,parego_seed,12,4,0.8976683133529121,0.030366353654148474
i14o_s7,parego_seed,12,5,0.8976683133529121,0.030366353654148474
i14o_s7,parego_seed,12,6,0.897717524483042,0.030366353654148474
i14o_s7,parego_seed,12,7,0.8977509646185794,0.030366353654148474
i14o_s7,parego_seed,12,8,0.8977509646185794,0.030366353654148474
i14o_s7,parego_seed,12,9,0.8977509646185794,0.030366353654148474
i14o_s7,parego_seed,12,10,0.8977509646185794,0.030366353654148474
i14o_s7,parego_seed,12,11,0.8986783390863752,0.030366353654148474
i14o_s7,parego_seed,12,12,0.8986783390863752,0.030366353654148474
i14o_s7,parego_seed,12,13,0.9213456528750982,0.00913900090194998
i14o_s7,parego_seed,12,14,0.9213456528750982,0.00913900090194998
i14o_s7,parego_seed,12,15,0.9219135085150376,0.00913900090194998
i14o_s7,parego_seed,12,16,0.923017170594786,0.008214895946422341
i14o_s7,parego_seed,12,17,0.923017170594786,0.008214895946422341
i14o_s7,parego_seed,12,18,0.923017170594786,0.008214895946422341
i14o_s7,parego_seed,12,19,0.9267544195170232,0.004899751899188177
i14o_s7,parego_seed,12,20,0.9267544195170232,0.004899751899188177
i14o_s7,parego_seed,13,1,0.8764903443218407,0.0482207826728388
i14o_s7,parego_seed,13,2,0.8786596008906304,0.0482207826728388
i14o_s7,parego_seed,13,3,0.8786596008906304,0.0482207826728388
i14o_s7,parego_seed,13,4,0.8786596008906304,0.0482207826728388
i14o_s7,parego_seed,13,5,0.8794729509832805,0.0482207826728388
i14o_s7,parego_seed,13,6,0.8794729509832805,0.0482207826728388
i14o_s7,parego_seed,13,7,0.8794729509832805,0.0482207826728388
i14o_s7,parego_seed,13,8,0.8888908978380126,0.03904039934073457
i14o_s7,parego_seed,13,9,0.8888908978380126,0.03904039934073457
i14o_s7,parego_seed,13,10,0.8907874511697114,0.03904039934073457
i14o_s7,parego_seed,13,11,0.89078858510849,0.03904039934073457
i14o_s7,parego_seed,13,12,0.8976065927153857,0.034916439800535416
i14o_s7,parego_seed,13,13,0.9182282613831987,0.011480548968057749
i14o_s7,parego_seed,13,14,0.9184147925828515,0.011480548968057749
i14o_s7,parego_seed,13,15,0.9184147925828515,0.011480548968057749
i14o_s7,parego_seed,13,16,0.9184147925828515,0.011480548968057749
i14o_s7,parego_seed,13,17,0.9184147925828515,0.011480548968057749
i14o_s7,parego_seed,13,18,0.9211961712329222,0.008791979497056818
i14o_s7,parego_seed,13,19,0.9211961712329222,0.008791979497056818
i14o_s7,parego_seed,13,20,0.9241482275352132,0.00624221123698739
i14o_s7,qlogehvi_mixed,11,1,0.8625490058402441,0.059416934593724345
i14o_s7,qlogehvi_mixed,11,2,0.9013601660239271,0.021661208079672995
i14o_s7,qlogehvi_mixed,11,3,0.9013601660239271,0.021661208079672995
i14o_s7,qlogehvi_mixed,11,4,0.9096599958693172,0.021661208079672995
i14o_s7,qlogehvi_mixed,11,5,0.9333158839787943,0.004827875158796097
i14o_s7,qlogehvi_mixed,11,6,0.9340715629435487,0.002751262815766995
i14o_s7,qlogehvi_mixed,11,7,0.9340739017097361,0.0019257817586817196
i14o_s7,qlogehvi_mixed,11,8,0.9340739017097361,0.0019257817586817196
i14o_s7,qlogehvi_mixed,11,9,0.9340739017097361,0.0019257817586817196
i14o_s7,qlogehvi_mixed,11,10,0.9340739017097361,0.0019257817586817196
i14o_s7,qlogehvi_mixed,11,11,0.9340739017097361,0.0019257817586817196
i14o_s7,qlogehvi_mixed,11,12,0.9340739017097361,0.0019257817586817196
i14o_s7,qlogehvi_mixed,11,13,0.9340739017097361,0.0019257817586817196
i14o_s7,qlogehvi_mixed,11,14,0.9340739133196121,0.001819585268921182
i14o_s7,qlogehvi_mixed,11,15,0.9340739133196121,0.001819585268921182
i14o_s7,qlogehvi_mixed,11,16,0.9340739133196121,0.001819585268921182
i14o_s7,qlogehvi_mixed,11,17,0.9340739133196121,0.001819585268921182
i14o_s7,qlogehvi_mixed,11,18,0.9340739133196121,0.001819585268921182
i14o_s7,qlogehvi_mixed,11,19,0.9340739133196121,0.001819585268921182
i14o_s7,qlogehvi_mixed,11,20,0.9340739133196121,0.001819585268921182
i14o_s7,qlogehvi_mixed,12,1,0.8759381585764481,0.047161006463767204
i14o_s7,qlogehvi_mixed,12,2,0.8760349910415957,0.047161006463767204
i14o_s7,qlogehvi_mixed,12,3,0.8809419035579886,0.047161006463767204
i14o_s7,qlogehvi_mixed,12,4,0.8976683133529121,0.030366353654148474
i14o_s7,qlogehvi_mixed,12,5,0.9343788320170586,0.005221275082270388
i14o_s7,qlogehvi_mixed,12,6,0.9343788320170586,0.005221275082270388
i14o_s7,qlogehvi_mixed,12,7,0.9345277989333078,0.002082213706028904
i14o_s7,qlogehvi_mixed,12,8,0.9345277989333078,0.002082213706028904
i14o_s7,qlogehvi_mixed,12,9,0.9345277989333078,0.002082213706028904
i14o_s7,qlogehvi_mixed,12,10,0.9345277989333078,0.002082213706028904
i14o_s7,qlogehvi_mixed,12,11,0.9345277989333078,0.002082213706028904
i14o_s7,qlogehvi_mixed,12,12,0.9345277989333078,0.002082213706028904
i14o_s7,qlogehvi_mixed,12,13,0.9345277989333078,0.002082213706028904
i14o_s7,qlogehvi_mixed,12,14,0.9345277989333078,0.002082213706028904
i14o_s7,qlogehvi_mixed,12,15,0.9345277989333078,0.002082213706028904
i14o_s7,qlogehvi_mixed,12,16,0.9345277989333078,0.002082213706028904
i14o_s7,qlogehvi_mixed,12,17,0.9345277989333078,0.002082213706028904
i14o_s7,qlogehvi_mixed,12,18,0.9345277989333078,0.002082213706028904
i14o_s7,qlogehvi_mixed,12,19,0.9345277989333078,0.002082213706028904
i14o_s7,qlogehvi_mixed,12,20,0.9345277989333078,0.002082213706028904
i14o_s7,qlogehvi_mixed,13,1,0.8621975156169678,0.06514645585661992
i14o_s7,qlogehvi_mixed,13,2,0.862631794369493,0.06514645585661992
i14o_s7,qlogehvi_mixed,13,3,0.862631794369493,0.06514645585661992
i14o_s7,qlogehvi_mixed,13,4,0.862631794369493,0.06514645585661992
i14o_s7,qlogehvi_mixed,13,5,0.8626320728807471,0.06514645585661992
i14o_s7,qlogehvi_mixed,13,6,0.8710811612560427,0.056709106956737636
i14o_s7,qlogehvi_mixed,13,7,0.8713221027811255,0.056709106956737636
i14o_s7,qlogehvi_mixed,13,8,0.8713221030129926,0.056709106956737636
i14o_s7,qlogehvi_mixed,13,9,0.8713221030129926,0.056709106956737636
i14o_s7,qlogehvi_mixed,13,10,0.8713221030129926,0.056709106956737636
i14o_s7,qlogehvi_mixed,13,11,0.8713337923860053,0.056709106956737636
i14o_s7,qlogehvi_mixed,13,12,0.8857991814633719,0.043040118675576854
i14o_s7,qlogehvi_mixed,13,13,0.8860567243205845,0.043040118675576854
i14o_s7,qlogehvi_mixed,13,14,0.8860775667288561,0.043040118675576854
i14o_s7,qlogehvi_mixed,13,15,0.8981167726166438,0.03329704285098291
i14o_s7,qlogehvi_mixed,13,16,0.8981167726166438,0.03329704285098291
i14o_s7,qlogehvi_mixed,13,17,0.8993790871750169,0.03329704285098291
i14o_s7,qlogehvi_mixed,13,18,0.8993790871750169,0.03329704285098291
i14o_s7,qlogehvi_mixed,13,19,0.8993796770046832,0.03329704285098291
i14o_s7,qlogehvi_mixed,13,20,0.9314758330764479,0.004299635565025812
i14o_s7,qlogehvi_mixed_seed,11,1,0.8764903443218407,0.0482207826728388
i14o_s7,qlogehvi_mixed_seed,11,2,0.903580565721671,0.021661208079672995
i14o_s7,qlogehvi_mixed_seed,11,3,0.903580565721671,0.021661208079672995
i14o_s7,qlogehvi_mixed_seed,11,4,0.9096599958693172,0.021661208079672995
i14o_s7,qlogehvi_mixed_seed,11,5,0.9096615178986234,0.021661208079672995
i14o_s7,qlogehvi_mixed_seed,11,6,0.9301918027879212,0.007355625625953739
i14o_s7,qlogehvi_mixed_seed,11,7,0.9301918027879212,0.007355625625953739
i14o_s7,qlogehvi_mixed_seed,11,8,0.9301947551791913,0.007355625625953739
i14o_s7,qlogehvi_mixed_seed,11,9,0.9301947551791913,0.007355625625953739
i14o_s7,qlogehvi_mixed_seed,11,10,0.9315689714666933,0.0027816999043382058
i14o_s7,qlogehvi_mixed_seed,11,11,0.9315689714666933,0.0027816999043382058
i14o_s7,qlogehvi_mixed_seed,11,12,0.9348460607844186,0.0023356359160475043
i14o_s7,qlogehvi_mixed_seed,11,13,0.9348460607844186,0.0023356359160475043
i14o_s7,qlogehvi_mixed_seed,11,14,0.9348460607844186,0.0023356359160475043
i14o_s7,qlogehvi_mixed_seed,11,15,0.9348502609467194,0.0021813100489874488
i14o_s7,qlogehvi_mixed_seed,11,16,0.9348502609467194,0.0021813100489874488
i14o_s7,qlogehvi_mixed_seed,11,17,0.9348816640228478,0.0018713222215636666
i14o_s7,qlogehvi_mixed_seed,11,18,0.9348816640228478,0.0018713222215636666
i14o_s7,qlogehvi_mixed_seed,11,19,0.9348833305581106,0.0018543892397876872
i14o_s7,qlogehvi_mixed_seed,11,20,0.9348833556705041,0.0018448054475369861
i14o_s7,qlogehvi_mixed_seed,12,1,0.8764903443218407,0.0482207826728388
i14o_s7,qlogehvi_mixed_seed,12,2,0.8764903443218407,0.0482207826728388
i14o_s7,qlogehvi_mixed_seed,12,3,0.8798350603569784,0.0482207826728388
i14o_s7,qlogehvi_mixed_seed,12,4,0.8976683133529121,0.030366353654148474
i14o_s7,qlogehvi_mixed_seed,12,5,0.9062268899371738,0.023244298356049315
i14o_s7,qlogehvi_mixed_seed,12,6,0.9062268899371738,0.023244298356049315
i14o_s7,qlogehvi_mixed_seed,12,7,0.9062268899371738,0.023244298356049315
i14o_s7,qlogehvi_mixed_seed,12,8,0.9062268899371738,0.023244298356049315
i14o_s7,qlogehvi_mixed_seed,12,9,0.9074352255311283,0.023244298356049315
i14o_s7,qlogehvi_mixed_seed,12,10,0.9074837877343465,0.023244298356049315
i14o_s7,qlogehvi_mixed_seed,12,11,0.9281496332008664,0.006065020861256547
i14o_s7,qlogehvi_mixed_seed,12,12,0.928994968462209,0.006065020861256547
i14o_s7,qlogehvi_mixed_seed,12,13,0.928994968462209,0.006065020861256547
i14o_s7,qlogehvi_mixed_seed,12,14,0.928994968462209,0.006065020861256547
i14o_s7,qlogehvi_mixed_seed,12,15,0.928994968462209,0.006065020861256547
i14o_s7,qlogehvi_mixed_seed,12,16,0.928994968462209,0.006065020861256547
i14o_s7,qlogehvi_mixed_seed,12,17,0.928994968462209,0.006065020861256547
i14o_s7,qlogehvi_mixed_seed,12,18,0.928994968462209,0.006065020861256547
i14o_s7,qlogehvi_mixed_seed,12,19,0.929072528397022,0.005805601710440945
i14o_s7,qlogehvi_mixed_seed,12,20,0.9307587908707458,0.0031620143907682566
i14o_s7,qlogehvi_mixed_seed,13,1,0.8764903443218407,0.0482207826728388
i14o_s7,qlogehvi_mixed_seed,13,2,0.8786596008906304,0.0482207826728388
i14o_s7,qlogehvi_mixed_seed,13,3,0.8786596008906304,0.0482207826728388
i14o_s7,qlogehvi_mixed_seed,13,4,0.8786596008906304,0.0482207826728388
i14o_s7,qlogehvi_mixed_seed,13,5,0.8799183873554328,0.0482207826728388
i14o_s7,qlogehvi_mixed_seed,13,6,0.8799183873554328,0.0482207826728388
i14o_s7,qlogehvi_mixed_seed,13,7,0.8799591456643985,0.0482207826728388
i14o_s7,qlogehvi_mixed_seed,13,8,0.8800093607179109,0.0482207826728388
i14o_s7,qlogehvi_mixed_seed,13,9,0.8806766319552501,0.047517665517507156
i14o_s7,qlogehvi_mixed_seed,13,10,0.8806766319552501,0.047517665517507156
i14o_s7,qlogehvi_mixed_seed,13,11,0.8889020325601669,0.03931269231934068
i14o_s7,qlogehvi_mixed_seed,13,12,0.8909465491886623,0.03931269231934068
i14o_s7,qlogehvi_mixed_seed,13,13,0.9254080374238476,0.006050958736174551
i14o_s7,qlogehvi_mixed_seed,13,14,0.9263321610561647,0.0052997201629713395
i14o_s7,qlogehvi_mixed_seed,13,15,0.9263321610561647,0.0052997201629713395
i14o_s7,qlogehvi_mixed_seed,13,16,0.9263321610561647,0.0052997201629713395
i14o_s7,qlogehvi_mixed_seed,13,17,0.9263321610561647,0.0052997201629713395
i14o_s7,qlogehvi_mixed_seed,13,18,0.9312347119513879,0.003861725731875582
i14o_s7,qlogehvi_mixed_seed,13,19,0.9312347119513879,0.003861725731875582
i14o_s7,qlogehvi_mixed_seed,13,20,0.9312483620339571,0.0030196205007372266
i14o_s7,random,11,1,0.8625490058402441,0.059416934593724345
i14o_s7,random,11,2,0.9013601660239271,0.021661208079672995
i14o_s7,random,11,3,0.9013601660239271,0.021661208079672995
i14o_s7,random,11,4,0.9096599958693172,0.021661208079672995
i14o_s7,random,11,5,0.9096599958693172,0.021661208079672995
i14o_s7,random,11,6,0.9096599958693172,0.021661208079672995
i14o_s7,random,11,7,0.9096599958693172,0.021661208079672995
i14o_s7,random,11,8,0.9096599958693172,0.021661208079672995
i14o_s7,random,11,9,0.9096599958693172,0.021661208079672995
i14o_s7,random,11,10,0.9096599958693172,0.021661208079672995
i14o_s7,random,11,11,0.9096599958693172,0.021661208079672995
i14o_s7,random,11,12,0.9096599958693172,0.021661208079672995
i14o_s7,random,11,13,0.9096599958693172,0.021661208079672995
i14o_s7,random,11,14,0.9096599958693172,0.021661208079672995
i14o_s7,random,11,15,0.9096599958693172,0.021661208079672995
i14o_s7,random,11,16,0.9096599958693172,0.021661208079672995
i14o_s7,random,11,17,0.9096599958693172,0.021661208079672995
i14o_s7,random,11,18,0.9096599958693172,0.021661208079672995
i14o_s7,random,11,19,0.9096599958693172,0.021661208079672995
i14o_s7,random,11,20,0.9096599958693172,0.021661208079672995
i14o_s7,random,12,1,0.8759381585764481,0.047161006463767204
i14o_s7,random,12,2,0.8760349910415957,0.047161006463767204
i14o_s7,random,12,3,0.8809419035579886,0.047161006463767204
i14o_s7,random,12,4,0.8976683133529121,0.030366353654148474
i14o_s7,random,12,5,0.8976683133529121,0.030366353654148474
i14o_s7,random,12,6,0.8982864050508718,0.030366353654148474
i14o_s7,random,12,7,0.9164829910751916,0.01418048302491517
i14o_s7,random,12,8,0.9164829910751916,0.01418048302491517
i14o_s7,random,12,9,0.9164829910751916,0.01418048302491517
i14o_s7,random,12,10,0.9164829910751916,0.01418048302491517
i14o_s7,random,12,11,0.9166287972556707,0.01418048302491517
i14o_s7,random,12,12,0.9166287972556707,0.01418048302491517
i14o_s7,random,12,13,0.9167097458708369,0.01418048302491517
i14o_s7,random,12,14,0.9167097458708369,0.01418048302491517
i14o_s7,random,12,15,0.9167097458708369,0.01418048302491517
i14o_s7,random,12,16,0.9167097458708369,0.01418048302491517
i14o_s7,random,12,17,0.9167097458708369,0.01418048302491517
i14o_s7,random,12,18,0.9167097458708369,0.01418048302491517
i14o_s7,random,12,19,0.9167097458708369,0.01418048302491517
i14o_s7,random,12,20,0.9167097458708369,0.01418048302491517
i14o_s7,random,13,1,0.8621975156169678,0.06514645585661992
i14o_s7,random,13,2,0.862631794369493,0.06514645585661992
i14o_s7,random,13,3,0.862631794369493,0.06514645585661992
i14o_s7,random,13,4,0.862631794369493,0.06514645585661992
i14o_s7,random,13,5,0.8867600608703321,0.041464483856163366
i14o_s7,random,13,6,0.8867602100782352,0.041464483856163366
i14o_s7,random,13,7,0.8876327450807163,0.041464483856163366
i14o_s7,random,13,8,0.8876782915336342,0.041464483856163366
i14o_s7,random,13,9,0.8876928590079088,0.041464483856163366
i14o_s7,random,13,10,0.8876928590079088,0.041464483856163366
i14o_s7,random,13,11,0.8877018200697385,0.041464483856163366
i14o_s7,random,13,12,0.9013210403814661,0.030693471815954384
i14o_s7,random,13,13,0.9013527054469073,0.030693471815954384
i14o_s7,random,13,14,0.9013527054469073,0.030693471815954384
i14o_s7,random,13,15,0.9195190598911468,0.01164462789897226
i14o_s7,random,13,16,0.9221972326236663,0.009320159779819785
i14o_s7,random,13,17,0.9221972326236663,0.009320159779819785
i14o_s7,random,13,18,0.9221972326236663,0.009320159779819785
i14o_s7,random,13,19,0.9221972326236663,0.009320159779819785
i14o_s7,random,13,20,0.9358470743684295,0.005092665179859025
i14o_s7,random_seed,11,1,0.8764903443218407,0.0482207826728388
i14o_s7,random_seed,11,2,0.903580565721671,0.021661208079672995
i14o_s7,random_seed,11,3,0.903580565721671,0.021661208079672995
i14o_s7,random_seed,11,4,0.9096599958693172,0.021661208079672995
i14o_s7,random_seed,11,5,0.9096599958693172,0.021661208079672995
i14o_s7,random_seed,11,6,0.9096599958693172,0.021661208079672995
i14o_s7,random_seed,11,7,0.9096599958693172,0.021661208079672995
i14o_s7,random_seed,11,8,0.9096599958693172,0.021661208079672995
i14o_s7,random_seed,11,9,0.9096599958693172,0.021661208079672995
i14o_s7,random_seed,11,10,0.9096599958693172,0.021661208079672995
i14o_s7,random_seed,11,11,0.9096599958693172,0.021661208079672995
i14o_s7,random_seed,11,12,0.9096599958693172,0.021661208079672995
i14o_s7,random_seed,11,13,0.9096599958693172,0.021661208079672995
i14o_s7,random_seed,11,14,0.9096599958693172,0.021661208079672995
i14o_s7,random_seed,11,15,0.9096599958693172,0.021661208079672995
i14o_s7,random_seed,11,16,0.9096599958693172,0.021661208079672995
i14o_s7,random_seed,11,17,0.9096599958693172,0.021661208079672995
i14o_s7,random_seed,11,18,0.9096599958693172,0.021661208079672995
i14o_s7,random_seed,11,19,0.9096599958693172,0.021661208079672995
i14o_s7,random_seed,11,20,0.9096599958693172,0.021661208079672995
i14o_s7,random_seed,12,1,0.8764903443218407,0.0482207826728388
i14o_s7,random_seed,12,2,0.8764903443218407,0.0482207826728388
i14o_s7,random_seed,12,3,0.8798350603569784,0.0482207826728388
i14o_s7,random_seed,12,4,0.8976683133529121,0.030366353654148474
i14o_s7,random_seed,12,5,0.8976683133529121,0.030366353654148474
i14o_s7,random_seed,12,6,0.8982864050508718,0.030366353654148474
i14o_s7,random_seed,12,7,0.9164829910751916,0.01418048302491517
i14o_s7,random_seed,12,8,0.9164829910751916,0.01418048302491517
i14o_s7,random_seed,12,9,0.9164829910751916,0.01418048302491517
i14o_s7,random_seed,12,10,0.9164829910751916,0.01418048302491517
i14o_s7,random_seed,12,11,0.9166287972556707,0.01418048302491517
i14o_s7,random_seed,12,12,0.9166287972556707,0.01418048302491517
i14o_s7,random_seed,12,13,0.9167097458708369,0.01418048302491517
i14o_s7,random_seed,12,14,0.9167097458708369,0.01418048302491517
i14o_s7,random_seed,12,15,0.9167097458708369,0.01418048302491517
i14o_s7,random_seed,12,16,0.9167097458708369,0.01418048302491517
i14o_s7,random_seed,12,17,0.9167097458708369,0.01418048302491517
i14o_s7,random_seed,12,18,0.9167097458708369,0.01418048302491517
i14o_s7,random_seed,12,19,0.9167097458708369,0.01418048302491517
i14o_s7,random_seed,12,20,0.9167097458708369,0.01418048302491517
i14o_s7,random_seed,13,1,0.8764903443218407,0.0482207826728388
i14o_s7,random_seed,13,2,0.8786596008906304,0.0482207826728388
i14o_s7,random_seed,13,3,0.8786596008906304,0.0482207826728388
i14o_s7,random_seed,13,4,0.8786596008906304,0.0482207826728388
i14o_s7,random_seed,13,5,0.8859054725297038,0.041464483856163366
i14o_s7,random_seed,13,6,0.8862786318881786,0.041464483856163366
i14o_s7,random_seed,13,7,0.8877059803131039,0.041464483856163366
i14o_s7,random_seed,13,8,0.8877067034621798,0.041464483856163366
i14o_s7,random_seed,13,9,0.8877300125006469,0.041464483856163366
i14o_s7,random_seed,13,10,0.8877300125006469,0.041464483856163366
i14o_s7,random_seed,13,11,0.8877303873299892,0.041464483856163366
i14o_s7,random_seed,13,12,0.9013496076417167,0.030693471815954384
i14o_s7,random_seed,13,13,0.9013689594057022,0.030693471815954384
i14o_s7,random_seed,13,14,0.9013689594057022,0.030693471815954384
i14o_s7,random_seed,13,15,0.9195190598911468,0.01164462789897226
i14o_s7,random_seed,13,16,0.9221972326236663,0.009320159779819785
i14o_s7,random_seed,13,17,0.9221972326236663,0.009320159779819785
i14o_s7,random_seed,13,18,0.9221972326236663,0.009320159779819785
i14o_s7,random_seed,13,19,0.9221972326236663,0.009320159779819785
i14o_s7,random_seed,13,20,0.9358470743684295,0.005092665179859025
i17o_s20,parego,11,1,0.7932001614550687,0.11592981839284863
i17o_s20,parego,11,2,0.8348906199185083,0.08803187465200657
i17o_s20,parego,11,3,0.8348906199185083,0.08803187465200657
i17o_s20,parego,11,4,0.8491263865829477,0.07377029656333631
i17o_s20,parego,11,5,0.8491265196287971,0.07377029656333631
i17o_s20,parego,11,6,0.8491265196287971,0.07377029656333631
i17o_s20,parego,11,7,0.8550445230214648,0.0680455887431835
i17o_s20,parego,11,8,0.8550445230214648,0.0680455887431835
i17o_s20,parego,11,9,0.8578808212431313,0.06532891021310658
i17o_s20,parego,11,10,0.9225785946765324,0.007213979542696119
i17o_s20,parego,11,11,0.9225785946765324,0.007213979542696119
i17o_s20,parego,11,12,0.9225785946765324,0.007213979542696119
i17o_s20,parego,11,13,0.9225785946765324,0.007213979542696119
i17o_s20,parego,11,14,0.9225785946765324,0.007213979542696119
i17o_s20,parego,11,15,0.9229495658855581,0.00693479533777677
i17o_s20,parego,11,16,0.9229495658855581,0.00693479533777677
i17o_s20,parego,11,17,0.9229495658855581,0.00693479533777677
i17o_s20,parego,11,18,0.9229495658855581,0.00693479533777677
i17o_s20,parego,11,19,0.9229495658855581,0.00693479533777677
i17o_s20,parego,11,20,0.9229495658855581,0.00693479533777677
i17o_s20,parego,12,1,0.8451220561754114,0.07755489752665269
i17o_s20,parego,12,2,0.8451220561754114,0.07755489752665269
i17o_s20,parego,12,3,0.8451220561754114,0.07755489752665269
i17o_s20,parego,12,4,0.8451220561754114,0.07755489752665269
i17o_s20,parego,12,5,0.8451220561754114,0.07755489752665269
i17o_s20,parego,12,6,0.87271107510299,0.049937818210219496
i17o_s20,parego,12,7,0.8728656536413837,0.049937818210219496
i17o_s20,parego,12,8,0.8728656536413837,0.049937818210219496
i17o_s20,parego,12,9,0.8728656536413837,0.049937818210219496
i17o_s20,parego,12,10,0.8730236440749424,0.049937818210219496
i17o_s20,parego,12,11,0.8730236440749424,0.049937818210219496
i17o_s20,parego,12,12,0.8730236440749424,0.049937818210219496
i17o_s20,parego,12,13,0.8730236440749424,0.049937818210219496
i17o_s20,parego,12,14,0.8735411296716791,0.049937818210219496
i17o_s20,parego,12,15,0.8735411296716791,0.049937818210219496
i17o_s20,parego,12,16,0.8735540161440868,0.049937818210219496
i17o_s20,parego,12,17,0.8735540161440868,0.049937818210219496
i17o_s20,parego,12,18,0.8735540161440868,0.049937818210219496
i17o_s20,parego,12,19,0.8735540161440868,0.049937818210219496
i17o_s20,parego,12,20,0.8735540161440868,0.049937818210219496
i17o_s20,parego,13,1,0.8565835892728351,0.06545511087814047
i17o_s20,parego,13,2,0.8565835892728351,0.06545511087814047
i17o_s20,parego,13,3,0.8565835892728351,0.06545511087814047
i17o_s20,parego,13,4,0.8565835892728351,0.06545511087814047
i17o_s20,parego,13,5,0.8577406894267819,0.06545511087814047
i17o_s20,parego,13,6,0.8577406894267819,0.06545511087814047
i17o_s20,parego,13,7,0.8577883469269767,0.06545511087814047
i17o_s20,parego,13,8,0.8577883469269767,0.06545511087814047
i17o_s20,parego,13,9,0.8579043294721802,0.06545511087814047
i17o_s20,parego,13,10,0.8579043294721802,0.06545511087814047
i17o_s20,parego,13,11,0.8579043294721802,0.06545511087814047
i17o_s20,parego,13,12,0.8579043294721802,0.06545511087814047
i17o_s20,parego,13,13,0.882694917047086,0.040860480114865795
i17o_s20,parego,13,14,0.882694917047086,0.040860480114865795
i17o_s20,parego,13,15,0.9099758279974393,0.017258113121441713
i17o_s20,parego,13,16,0.9100639228137388,0.01581270245300947
i17o_s20,parego,13,17,0.9100639228137388,0.01581270245300947
i17o_s20,parego,13,18,0.9100639228137388,0.01581270245300947
i17o_s20,parego,13,19,0.9172921251718661,0.009240480222982982
i17o_s20,parego,13,20,0.9200132678966213,0.00925042269481112
i17o_s20,parego_seed,11,1,0.8347625704592314,0.08697899908515444
i17o_s20,parego_seed,11,2,0.835957460292519,0.08697899908515444
i17o_s20,parego_seed,11,3,0.835957460292519,0.08697899908515444
i17o_s20,parego_seed,11,4,0.8491263865829477,0.07377029656333631
i17o_s20,parego_seed,11,5,0.8491263865829477,0.07377029656333631
i17o_s20,parego_seed,11,6,0.8491263865829477,0.07377029656333631
i17o_s20,parego_seed,11,7,0.8650222661712456,0.0578568076349834
i17o_s20,parego_seed,11,8,0.8650222661712456,0.0578568076349834
i17o_s20,parego_seed,11,9,0.8651343829514891,0.0578568076349834
i17o_s20,parego_seed,11,10,0.8651343829514891,0.0578568076349834
i17o_s20,parego_seed,11,11,0.8651343829514891,0.0578568076349834
i17o_s20,parego_seed,11,12,0.8651343829514891,0.0578568076349834
i17o_s20,parego_seed,11,13,0.8651343829514891,0.0578568076349834
i17o_s20,parego_seed,11,14,0.8763638368970998,0.04686757471938665
i17o_s20,parego_seed,11,15,0.8763638368970998,0.04686757471938665
i17o_s20,parego_seed,11,16,0.8763638368970998,0.04686757471938665
i17o_s20,parego_seed,11,17,0.8763638368970998,0.04686757471938665
i17o_s20,parego_seed,11,18,0.8763638368970998,0.04686757471938665
i17o_s20,parego_seed,11,19,0.8763638368970998,0.04686757471938665
i17o_s20,parego_seed,11,20,0.8763638368970998,0.04686757471938665
i17o_s20,parego_seed,12,1,0.8347625704592314,0.08697899908515444
i17o_s20,parego_seed,12,2,0.8347625704592314,0.08697899908515444
i17o_s20,parego_seed,12,3,0.8349401502223524,0.08697899908515444
i17o_s20,parego_seed,12,4,0.8349401502223524,0.08697899908515444
i17o_s20,parego_seed,12,5,0.8473890266546095,0.07505830197294683
i17o_s20,parego_seed,12,6,0.8473890266546095,0.07505830197294683
i17o_s20,parego_seed,12,7,0.858330242790634,0.06449371104825315
i17o_s20,parego_seed,12,8,0.858330242790634,0.06449371104825315
i17o_s20,parego_seed,12,9,0.858663324794422,0.06449371104825315
i17o_s20,parego_seed,12,10,0.8940277529961251,0.0300506857075313
i17o_s20,parego_seed,12,11,0.8940277529961251,0.0300506857075313
i17o_s20,parego_seed,12,12,0.9127664214492632,0.015091862479563678
i17o_s20,parego_seed,12,13,0.9196302558357531,0.008859645588621212
i17o_s20,parego_seed,12,14,0.9196302558357531,0.008859645588621212
i17o_s20,parego_seed,12,15,0.9196302558357531,0.008859645588621212
i17o_s20,parego_seed,12,16,0.9196302558357531,0.008859645588621212
i17o_s20,parego_seed,12,17,0.9240081616216089,0.00604305732157562
i17o_s20,parego_seed,12,18,0.9240081616216089,0.00604305732157562
i17o_s20,parego_seed,12,19,0.9240081616216089,0.00604305732157562
i17o_s20,parego_seed,12,20,0.9240081616216089,0.00604305732157562
i17o_s20,parego_seed,13,1,0.8347625704592314,0.08697899908515444
i17o_s20,parego_seed,13,2,0.8347625704592314,0.08697899908515444
i17o_s20,parego_seed,13,3,0.8347625704592314,0.08697899908515444
i17o_s20,parego_seed,13,4,0.8347625704592314,0.08697899908515444
i17o_s20,parego_seed,13,5,0.8724401834347084,0.049937818210219496
i17o_s20,parego_seed,13,6,0.8724401834347084,0.049937818210219496
i17o_s20,parego_seed,13,7,0.8727582474331845,0.049937818210219496
i17o_s20,parego_seed,13,8,0.8732689129177162,0.049937818210219496
i17o_s20,parego_seed,13,9,0.8732689129177162,0.049937818210219496
i17o_s20,parego_seed,13,10,0.905036632806208,0.021404788695156208
i17o_s20,parego_seed,13,11,0.905036632806208,0.021404788695156208
i17o_s20,parego_seed,13,12,0.9252806521194763,0.00496413350842828
i17o_s20,parego_seed,13,13,0.9252806521194763,0.00496413350842828
i17o_s20,parego_seed,13,14,0.9252806521194763,0.00496413350842828
i17o_s20,parego_seed,13,15,0.9252806521194763,0.00496413350842828
i17o_s20,parego_seed,13,16,0.9252806521194763,0.00496413350842828
i17o_s20,parego_seed,13,17,0.9252806521194763,0.00496413350842828
i17o_s20,parego_seed,13,18,0.9252806521194763,0.00496413350842828
i17o_s20,parego_seed,13,19,0.9252806521194763,0.00496413350842828
i17o_s20,parego_seed,13,20,0.9252806521194763,0.00496413350842828
i17o_s20,qlogehvi_mixed,11,1,0.7932001614550687,0.11592981839284863
i17o_s20,qlogehvi_mixed,11,2,0.8348906199185083,0.08803187465200657
i17o_s20,qlogehvi_mixed,11,3,0.8348906199185083,0.08803187465200657
i17o_s20,qlogehvi_mixed,11,4,0.8491263865829477,0.07377029656333631
i17o_s20,qlogehvi_mixed,11,5,0.9239185295873455,0.00609379261077414
i17o_s20,qlogehvi_mixed,11,6,0.9239185295873455,0.00609379261077414
i17o_s20,qlogehvi_mixed,11,7,0.9239185295873455,0.00609379261077414
i17o_s20,qlogehvi_mixed,11,8,0.9239185295873455,0.00609379261077414
i17o_s20,qlogehvi_mixed,11,9,0.9263072862449504,0.004264599142793592
i17o_s20,qlogehvi_mixed,11,10,0.9263854876808874,0.004253999891804007
i17o_s20,qlogehvi_mixed,11,11,0.9270098287347723,0.00380174821514493
i17o_s20,qlogehvi_mixed,11,12,0.9270098287347723,0.00380174821514493
i17o_s20,qlogehvi_mixed,11,13,0.9270098287347723,0.00380174821514493
i17o_s20,qlogehvi_mixed,11,14,0.9270098287347723,0.00380174821514493
i17o_s20,qlogehvi_mixed,11,15,0.9270098287347723,0.00380174821514493
i17o_s20,qlogehvi_mixed,11,16,0.9270098287347723,0.00380174821514493
i17o_s20,qlogehvi_mixed,11,17,0.9270098287347723,0.00380174821514493
i17o_s20,qlogehvi_mixed,11,18,0.9270098287347723,0.00380174821514493
i17o_s20,qlogehvi_mixed,11,19,0.9270098287347723,0.00380174821514493
i17o_s20,qlogehvi_mixed,11,20,0.9271504132308294,0.0037027664228272013
i17o_s20,qlogehvi_mixed,12,1,0.8451220561754114,0.07755489752665269
i17o_s20,qlogehvi_mixed,12,2,0.8451220561754114,0.07755489752665269
i17o_s20,qlogehvi_mixed,12,3,0.8451220561754114,0.07755489752665269
i17o_s20,qlogehvi_mixed,12,4,0.8451220561754114,0.07755489752665269
i17o_s20,qlogehvi_mixed,12,5,0.8451220561754114,0.07755489752665269
i17o_s20,qlogehvi_mixed,12,6,0.8451220561754114,0.07755489752665269
i17o_s20,qlogehvi_mixed,12,7,0.874071212171636,0.049496719804040426
i17o_s20,qlogehvi_mixed,12,8,0.874071212171636,0.049496719804040426
i17o_s20,qlogehvi_mixed,12,9,0.8980765960850704,0.02689461911096259
i17o_s20,qlogehvi_mixed,12,10,0.9272265469136333,0.003983509195888844
i17o_s20,qlogehvi_mixed,12,11,0.9274690393829177,0.003775345148848602
i17o_s20,qlogehvi_mixed,12,12,0.9274690393829177,0.003775345148848602
i17o_s20,qlogehvi_mixed,12,13,0.9274690393829177,0.003775345148848602
i17o_s20,qlogehvi_mixed,12,14,0.9274690393829177,0.003775345148848602
i17o_s20,qlogehvi_mixed,12,15,0.9274690393829177,0.003775345148848602
i17o_s20,qlogehvi_mixed,12,16,0.9274690393829177,0.003775345148848602
i17o_s20,qlogehvi_mixed,12,17,0.9274690393829177,0.003775345148848602
i17o_s20,qlogehvi_mixed,12,18,0.9274690393829177,0.003775345148848602
i17o_s20,qlogehvi_mixed,12,19,0.9274690393829177,0.003775345148848602
i17o_s20,qlogehvi_mixed,12,20,0.9274690393829177,0.003775345148848602
i17o_s20,qlogehvi_mixed,13,1,0.8565835892728351,0.06545511087814047
i17o_s20,qlogehvi_mixed,13,2,0.8565835892728351,0.06545511087814047
i17o_s20,qlogehvi_mixed,13,3,0.8565835892728351,0.06545511087814047
i17o_s20,qlogehvi_mixed,13,4,0.8565835892728351,0.06545511087814047
i17o_s20,qlogehvi_mixed,13,5,0.8571668644244856,0.06545511087814047
i17o_s20,qlogehvi_mixed,13,6,0.8584055187020524,0.06487858102329203
i17o_s20,qlogehvi_mixed,13,7,0.8817898513744864,0.04243232635849116
i17o_s20,qlogehvi_mixed,13,8,0.8914300736067298,0.0330038934022549
i17o_s20,qlogehvi_mixed,13,9,0.8914300736067298,0.0330038934022549
i17o_s20,qlogehvi_mixed,13,10,0.8914300736067298,0.0330038934022549
i17o_s20,qlogehvi_mixed,13,11,0.8933610483915925,0.03127646541702065
i17o_s20,qlogehvi_mixed,13,12,0.8933610483915925,0.03127646541702065
i17o_s20,qlogehvi_mixed,13,13,0.8933610483915925,0.03127646541702065
i17o_s20,qlogehvi_mixed,13,14,0.8933610483915925,0.03127646541702065
i17o_s20,qlogehvi_mixed,13,15,0.8933610483915925,0.03127646541702065
i17o_s20,qlogehvi_mixed,13,16,0.8933610483915925,0.03127646541702065
i17o_s20,qlogehvi_mixed,13,17,0.8933610483915925,0.03127646541702065
i17o_s20,qlogehvi_mixed,13,18,0.8933610483915925,0.03127646541702065
i17o_s20,qlogehvi_mixed,13,19,0.8933610483915925,0.03127646541702065
i17o_s20,qlogehvi_mixed,13,20,0.8945478093995753,0.030173071117232945
i17o_s20,qlogehvi_mixed_seed,11,1,0.8347625704592314,0.08697899908515444
i17o_s20,qlogehvi_mixed_seed,11,2,0.835957460292519,0.08697899908515444
i17o_s20,qlogehvi_mixed_seed,11,3,0.835957460292519,0.08697899908515444
i17o_s20,qlogehvi_mixed_seed,11,4,0.8491263865829477,0.07377029656333631
i17o_s20,qlogehvi_mixed_seed,11,5,0.8491263865829477,0.07377029656333631
i17o_s20,qlogehvi_mixed_seed,11,6,0.8491263865829477,0.07377029656333631
i17o_s20,qlogehvi_mixed_seed,11,7,0.9257446711721165,0.004656034750184042
i17o_s20,qlogehvi_mixed_seed,11,8,0.9258090348720864,0.004612687083376855
i17o_s20,qlogehvi_mixed_seed,11,9,0.9258090348720864,0.004612687083376855
i17o_s20,qlogehvi_mixed_seed,11,10,0.9258090512720729,0.004612687083376855
i17o_s20,qlogehvi_mixed_seed,11,11,0.9259111929730524,0.004534082105615383
i17o_s20,qlogehvi_mixed_seed,11,12,0.9281495786318489,0.0038624552448555337
i17o_s20,qlogehvi_mixed_seed,11,13,0.9281616048817056,0.003680230640030578
i17o_s20,qlogehvi_mixed_seed,11,14,0.9281616048817056,0.003680230640030578
i17o_s20,qlogehvi_mixed_seed,11,15,0.9281616048817056,0.003680230640030578
i17o_s20,qlogehvi_mixed_seed,11,16,0.9281616048817056,0.003680230640030578
i17o_s20,qlogehvi_mixed_seed,11,17,0.9281616048817056,0.003680230640030578
i17o_s20,qlogehvi_mixed_seed,11,18,0.9281616048817056,0.003680230640030578
i17o_s20,qlogehvi_mixed_seed,11,19,0.9281616048817056,0.003680230640030578
i17o_s20,qlogehvi_mixed_seed,11,20,0.9281616048817056,0.003680230640030578
i17o_s20,qlogehvi_mixed_seed,12,1,0.8347625704592314,0.08697899908515444
i17o_s20,qlogehvi_mixed_seed,12,2,0.8347625704592314,0.08697899908515444
i17o_s20,qlogehvi_mixed_seed,12,3,0.8349401502223524,0.08697899908515444
i17o_s20,qlogehvi_mixed_seed,12,4,0.8349401502223524,0.08697899908515444
i17o_s20,qlogehvi_mixed_seed,12,5,0.8351011706943151,0.08697899908515444
i17o_s20,qlogehvi_mixed_seed,12,6,0.8351011706943151,0.08697899908515444
i17o_s20,qlogehvi_mixed_seed,12,7,0.8840892086290669,0.03877699664694326
i17o_s20,qlogehvi_mixed_seed,12,8,0.8840892086290669,0.03877699664694326
i17o_s20,qlogehvi_mixed_seed,12,9,0.8840969381269999,0.03877699664694326
i17o_s20,qlogehvi_mixed_seed,12,10,0.8894292654995304,0.03366674306557441
i17o_s20,qlogehvi_mixed_seed,12,11,0.9151707683094111,0.013038468053712816
i17o_s20,qlogehvi_mixed_seed,12,12,0.9151707683094111,0.013038468053712816
i17o_s20,qlogehvi_mixed_seed,12,13,0.9151707683094111,0.013038468053712816
i17o_s20,qlogehvi_mixed_seed,12,14,0.9301464914161738,0.006017249317816797
i17o_s20,qlogehvi_mixed_seed,12,15,0.9301464914161738,0.006017249317816797
i17o_s20,qlogehvi_mixed_seed,12,16,0.9301464914161738,0.006017249317816797
i17o_s20,qlogehvi_mixed_seed,12,17,0.9301869966265662,0.0035351140601806784
i17o_s20,qlogehvi_mixed_seed,12,18,0.9301869966265662,0.0035351140601806784
i17o_s20,qlogehvi_mixed_seed,12,19,0.9301877831423907,0.0033182252353923525
i17o_s20,qlogehvi_mixed_seed,12,20,0.9301877831423907,0.0033182252353923525
i17o_s20,qlogehvi_mixed_seed,13,1,0.8347625704592314,0.08697899908515444
i17o_s20,qlogehvi_mixed_seed,13,2,0.8347625704592314,0.08697899908515444
i17o_s20,qlogehvi_mixed_seed,13,3,0.8347625704592314,0.08697899908515444
i17o_s20,qlogehvi_mixed_seed,13,4,0.8347625704592314,0.08697899908515444
i17o_s20,qlogehvi_mixed_seed,13,5,0.8349241323677736,0.08697899908515444
i17o_s20,qlogehvi_mixed_seed,13,6,0.8478425264040933,0.07483970602860647
i17o_s20,qlogehvi_mixed_seed,13,7,0.8774582729319795,0.04588256890985525
i17o_s20,qlogehvi_mixed_seed,13,8,0.8774587299261413,0.04588256890985525
i17o_s20,qlogehvi_mixed_seed,13,9,0.8914936462294053,0.03211150247367305
i17o_s20,qlogehvi_mixed_seed,13,10,0.8914936462294053,0.03211150247367305
i17o_s20,qlogehvi_mixed_seed,13,11,0.8919968912908413,0.03211150247367305
i17o_s20,qlogehvi_mixed_seed,13,12,0.9294934421151592,0.0022735381924962553
i17o_s20,qlogehvi_mixed_seed,13,13,0.9296462123628222,0.003594276812794814
i17o_s20,qlogehvi_mixed_seed,13,14,0.9296468725732278,0.003594276812794814
i17o_s20,qlogehvi_mixed_seed,13,15,0.9296468725732278,0.003594276812794814
i17o_s20,qlogehvi_mixed_seed,13,16,0.9296468725732278,0.003594276812794814
i17o_s20,qlogehvi_mixed_seed,13,17,0.9296468725732278,0.003594276812794814
i17o_s20,qlogehvi_mixed_seed,13,18,0.9296468725732278,0.003594276812794814
i17o_s20,qlogehvi_mixed_seed,13,19,0.92964692346244,0.003594276812794814
i17o_s20,qlogehvi_mixed_seed,13,20,0.929647014127674,0.003534864846195364
i17o_s20,random,11,1,0.7932001614550687,0.11592981839284863
i17o_s20,random,11,2,0.8348906199185083,0.08803187465200657
i17o_s20,random,11,3,0.8348906199185083,0.08803187465200657
i17o_s20,random,11,4,0.8491263865829477,0.07377029656333631
i17o_s20,random,11,5,0.8491263865829477,0.07377029656333631
i17o_s20,random,11,6,0.8491263865829477,0.07377029656333631
i17o_s20,random,11,7,0.8790205722327108,0.04469163809242635
i17o_s20,random,11,8,0.8790205722327108,0.04469163809242635
i17o_s20,random,11,9,0.8790205722327108,0.04469163809242635
i17o_s20,random,11,10,0.8790205722327108,0.04469163809242635
i17o_s20,random,11,11,0.8790205722327108,0.04469163809242635
i17o_s20,random,11,12,0.8790205722327108,0.04469163809242635
i17o_s20,random,11,13,0.8790205722327108,0.04469163809242635
i17o_s20,random,11,14,0.8790205722327108,0.04469163809242635
i17o_s20,random,11,15,0.8790205722327108,0.04469163809242635
i17o_s20,random,11,16,0.8790205722327108,0.04469163809242635
i17o_s20,random,11,17,0.8790205722327108,0.04469163809242635
i17o_s20,random,11,18,0.8790205722327108,0.04469163809242635
i17o_s20,random,11,19,0.8790205722327108,0.04469163809242635
i17o_s20,random,11,20,0.8790205722327108,0.04469163809242635
i17o_s20,random,12,1,0.8451220561754114,0.07755489752665269
i17o_s20,random,12,2,0.8451220561754114,0.07755489752665269
i17o_s20,random,12,3,0.8451220561754114,0.07755489752665269
i17o_s20,random,12,4,0.8451220561754114,0.07755489752665269
i17o_s20,random,12,5,0.8451220561754114,0.07755489752665269
i17o_s20,random,12,6,0.8451756341032683,0.07755489752665269
i17o_s20,random,12,7,0.8451756341032683,0.07755489752665269
i17o_s20,random,12,8,0.8451756341032683,0.07755489752665269
i17o_s20,random,12,9,0.8451756341032683,0.07755489752665269
i17o_s20,random,12,10,0.8451756341032683,0.07755489752665269
i17o_s20,random,12,11,0.8451756341032683,0.07755489752665269
i17o_s20,random,12,12,0.8451756341032683,0.07755489752665269
i17o_s20,random,12,13,0.8587540049839801,0.06407828647673575
i17o_s20,random,12,14,0.8587540049839801,0.06407828647673575
i17o_s20,random,12,15,0.8587540049839801,0.06407828647673575
i17o_s20,random,12,16,0.8587540049839801,0.06407828647673575
i17o_s20,random,12,17,0.8587540049839801,0.06407828647673575
i17o_s20,random,12,18,0.8587540049839801,0.06407828647673575
i17o_s20,random,12,19,0.8590689346456013,0.06407828647673575
i17o_s20,random,12,20,0.8590689346456013,0.06407828647673575
i17o_s20,random,13,1,0.8565835892728351,0.06545511087814047
i17o_s20,random,13,2,0.8565835892728351,0.06545511087814047
i17o_s20,random,13,3,0.8565835892728351,0.06545511087814047
i17o_s20,random,13,4,0.8565835892728351,0.06545511087814047
i17o_s20,random,13,5,0.8565835892728351,0.06545511087814047
i17o_s20,random,13,6,0.8582041354470358,0.06545511087814047
i17o_s20,random,13,7,0.8582044700176554,0.06545511087814047
i17o_s20,random,13,8,0.8582044700176554,0.06545511087814047
i17o_s20,random,13,9,0.8582044700176554,0.06545511087814047
i17o_s20,random,13,10,0.8582044700176554,0.06545511087814047
i17o_s20,random,13,11,0.8582044700176554,0.06545511087814047
i17o_s20,random,13,12,0.8582044700176554,0.06545511087814047
i17o_s20,random,13,13,0.8582044700176554,0.06545511087814047
i17o_s20,random,13,14,0.8582044700176554,0.06545511087814047
i17o_s20,random,13,15,0.9054079306479599,0.02101791343025923
i17o_s20,random,13,16,0.9054079306479599,0.02101791343025923
i17o_s20,random,13,17,0.9054079306479599,0.02101791343025923
i17o_s20,random,13,18,0.9054079306479599,0.02101791343025923
i17o_s20,random,13,19,0.9054079306479599,0.02101791343025923
i17o_s20,random,13,20,0.9054079306479599,0.02101791343025923
i17o_s20,random_seed,11,1,0.8347625704592314,0.08697899908515444
i17o_s20,random_seed,11,2,0.835957460292519,0.08697899908515444
i17o_s20,random_seed,11,3,0.835957460292519,0.08697899908515444
i17o_s20,random_seed,11,4,0.8491263865829477,0.07377029656333631
i17o_s20,random_seed,11,5,0.8491263865829477,0.07377029656333631
i17o_s20,random_seed,11,6,0.8491263865829477,0.07377029656333631
i17o_s20,random_seed,11,7,0.8790205722327108,0.04469163809242635
i17o_s20,random_seed,11,8,0.8790205722327108,0.04469163809242635
i17o_s20,random_seed,11,9,0.8790205722327108,0.04469163809242635
i17o_s20,random_seed,11,10,0.8790205722327108,0.04469163809242635
i17o_s20,random_seed,11,11,0.8790205722327108,0.04469163809242635
i17o_s20,random_seed,11,12,0.8790205722327108,0.04469163809242635
i17o_s20,random_seed,11,13,0.8790205722327108,0.04469163809242635
i17o_s20,random_seed,11,14,0.8790205722327108,0.04469163809242635
i17o_s20,random_seed,11,15,0.8790205722327108,0.04469163809242635
i17o_s20,random_seed,11,16,0.8790205722327108,0.04469163809242635
i17o_s20,random_seed,11,17,0.8790205722327108,0.04469163809242635
i17o_s20,random_seed,11,18,0.8790205722327108,0.04469163809242635
i17o_s20,random_seed,11,19,0.8790205722327108,0.04469163809242635
i17o_s20,random_seed,11,20,0.8790205722327108,0.04469163809242635
i17o_s20,random_seed,12,1,0.8347625704592314,0.08697899908515444
i17o_s20,random_seed,12,2,0.8347625704592314,0.08697899908515444
i17o_s20,random_seed,12,3,0.8349401502223524,0.08697899908515444
i17o_s20,random_seed,12,4,0.8349401502223524,0.08697899908515444
i17o_s20,random_seed,12,5,0.8349401502223524,0.08697899908515444
i17o_s20,random_seed,12,6,0.8352523050867845,0.08697899908515444
i17o_s20,random_seed,12,7,0.8352523050867845,0.08697899908515444
i17o_s20,random_seed,12,8,0.8352523050867845,0.08697899908515444
i17o_s20,random_seed,12,9,0.8357677652671751,0.08697899908515444
i17o_s20,random_seed,12,10,0.8357677652671751,0.08697899908515444
i17o_s20,random_seed,12,11,0.8357677652671751,0.08697899908515444
i17o_s20,random_seed,12,12,0.8357677652671751,0.08697899908515444
i17o_s20,random_seed,12,13,0.8587540049839801,0.06407828647673575
i17o_s20,random_seed,12,14,0.8587540049839801,0.06407828647673575
i17o_s20,random_seed,12,15,0.8587540049839801,0.06407828647673575
i17o_s20,random_seed,12,16,0.8587540049839801,0.06407828647673575
i17o_s20,random_seed,12,17,0.8587540049839801,0.06407828647673575
i17o_s20,random_seed,12,18,0.8587540049839801,0.06407828647673575
i17o_s20,random_seed,12,19,0.8590689346456013,0.06407828647673575
i17o_s20,random_seed,12,20,0.8590689346456013,0.06407828647673575
i17o_s20,random_seed,13,1,0.8347625704592314,0.08697899908515444
i17o_s20,random_seed,13,2,0.8347625704592314,0.08697899908515444
i17o_s20,random_seed,13,3,0.8347625704592314,0.08697899908515444
i17o_s20,random_seed,13,4,0.8347625704592314,0.08697899908515444
i17o_s20,random_seed,13,5,0.8348189741626938,0.08697899908515444
i17o_s20,random_seed,13,6,0.8523846266901822,0.07126195684654656
i17o_s20,random_seed,13,7,0.8539413711995266,0.06972576524474185
i17o_s20,random_seed,13,8,0.8539413711995266,0.06972576524474185
i17o_s20,random_seed,13,9,0.8539413711995266,0.06972576524474185
i17o_s20,random_seed,13,10,0.8539413711995266,0.06972576524474185
i17o_s20,random_seed,13,11,0.8539413711995266,0.06972576524474185
i17o_s20,random_seed,13,12,0.8539413711995266,0.06972576524474185
i17o_s20,random_seed,13,13,0.8539413711995266,0.06972576524474185
i17o_s20,random_seed,13,14,0.8539413711995266,0.06972576524474185
i17o_s20,random_seed,13,15,0.9054079306479599,0.02101791343025923
i17o_s20,random_seed,13,16,0.9054079306479599,0.02101791343025923
i17o_s20,random_seed,13,17,0.9054079306479599,0.02101791343025923
i17o_s20,random_seed,13,18,0.9054079306479599,0.02101791343025923
i17o_s20,random_seed,13,19,0.9054079306479599,0.02101791343025923
i17o_s20,random_seed,13,20,0.9054079306479599,0.02101791343025923
n11o_limit_cycle,parego,11,1,0.8915820867328775,0.09376761067750085
n11o_limit_cycle,parego,11,2,0.9180991470451184,0.06722576808572815
n11o_limit_cycle,parego,11,3,0.9412780656303973,0.0446704121213592
n11o_limit_cycle,parego,11,4,0.9412780656303973,0.0446704121213592
n11o_limit_cycle,parego,11,5,0.9412780656303973,0.0446704121213592
n11o_limit_cycle,parego,11,6,0.9412780656303973,0.0446704121213592
n11o_limit_cycle,parego,11,7,0.9660194174757282,0.019929060276028282
n11o_limit_cycle,parego,11,8,0.9660194174757282,0.019929060276028282
n11o_limit_cycle,parego,11,9,0.9660194174757282,0.019929060276028282
n11o_limit_cycle,parego,11,10,0.9660194174757282,0.019929060276028282
n11o_limit_cycle,parego,11,11,0.9660194174757282,0.019929060276028282
n11o_limit_cycle,parego,11,12,0.9660194174757282,0.019929060276028282
n11o_limit_cycle,parego,11,13,0.9660194174757282,0.019929060276028282
n11o_limit_cycle,parego,11,14,0.9660194174757282,0.019929060276028282
n11o_limit_cycle,parego,11,15,0.9660194174757282,0.019929060276028282
n11o_limit_cycle,parego,11,16,0.9660194174757282,0.019929060276028282
n11o_limit_cycle,parego,11,17,0.9660194174757282,0.019929060276028282
n11o_limit_cycle,parego,11,18,0.9690522243713733,0.016896253380383135
n11o_limit_cycle,parego,11,19,0.9691250892109144,0.016896253380383135
n11o_limit_cycle,parego,11,20,0.9691250892109144,0.016896253380383135
n11o_limit_cycle,parego,12,1,0.9451086094028962,0.04018000173373473
n11o_limit_cycle,parego,12,2,0.9451086094028962,0.04018000173373473
n11o_limit_cycle,parego,12,3,0.9451086094028962,0.04018000173373473
n11o_limit_cycle,parego,12,4,0.9576271186440678,0.02832135910768864
n11o_limit_cycle,parego,12,5,0.9576271186440678,0.02832135910768864
n11o_limit_cycle,parego,12,6,0.9580139953348884,0.02793448241686807
n11o_limit_cycle,parego,12,7,0.9580139953348884,0.02793448241686807
n11o_limit_cycle,parego,12,8,0.9580139953348884,0.02793448241686807
n11o_limit_cycle,parego,12,9,0.9580139953348884,0.02793448241686807
n11o_limit_cycle,parego,12,10,0.9580139953348884,0.02793448241686807
n11o_limit_cycle,parego,12,11,0.9580139953348884,0.02793448241686807
n11o_limit_cycle,parego,12,12,0.9716506630086877,0.01429781474306874
n11o_limit_cycle,parego,12,13,0.9716506630086877,0.01429781474306874
n11o_limit_cycle,parego,12,14,0.9716506630086877,0.01429781474306874
n11o_limit_cycle,parego,12,15,0.9716506630086877,0.01429781474306874
n11o_limit_cycle,parego,12,16,0.9716506630086877,0.01429781474306874
n11o_limit_cycle,parego,12,17,0.9716506630086877,0.01429781474306874
n11o_limit_cycle,parego,12,18,0.9716506630086877,0.01429781474306874
n11o_limit_cycle,parego,12,19,0.9716506630086877,0.01429781474306874
n11o_limit_cycle,parego,12,20,0.9716506630086877,0.01429781474306874
n11o_limit_cycle,parego,13,1,0.8939499145186219,0.09081419988282048
n11o_limit_cycle,parego,13,2,0.8945088588016827,0.09081419988282048
n11o_limit_cycle,parego,13,3,0.9097532908900617,0.07555153444430167
n11o_limit_cycle,parego,13,4,0.9509433962264151,0.03500508152534135
n11o_limit_cycle,parego,13,5,0.9509433962264151,0.03500508152534135
n11o_limit_cycle,parego,13,6,0.9509433962264151,0.03500508152534135
n11o_limit_cycle,parego,13,7,0.9509433962264151,0.03500508152534135
n11o_limit_cycle,parego,13,8,0.9509433962264151,0.03500508152534135
n11o_limit_cycle,parego,13,9,0.9509433962264151,0.03500508152534135
n11o_limit_cycle,parego,13,10,0.9681818181818181,0.017766659569938253
n11o_limit_cycle,parego,13,11,0.9681818181818181,0.017766659569938253
n11o_limit_cycle,parego,13,12,0.9681818181818181,0.017766659569938253
n11o_limit_cycle,parego,13,13,0.9681818181818181,0.017766659569938253
n11o_limit_cycle,parego,13,14,0.9681818181818181,0.017766659569938253
n11o_limit_cycle,parego,13,15,0.9681818181818181,0.017766659569938253
n11o_limit_cycle,parego,13,16,0.9681818181818181,0.017766659569938253
n11o_limit_cycle,parego,13,17,0.9681818181818181,0.017766659569938253
n11o_limit_cycle,parego,13,18,0.9683698296836983,0.017578648068058145
n11o_limit_cycle,parego,13,19,0.9683698296836983,0.017578648068058145
n11o_limit_cycle,parego,13,20,0.9683698296836983,0.017578648068058145
n11o_limit_cycle,parego_seed,11,1,0.8895505871854993,0.09477232355200281
n11o_limit_cycle,parego_seed,11,2,0.9170546455389704,0.06722576808572815
n11o_limit_cycle,parego_seed,11,3,0.9412780656303973,0.0446704121213592
n11o_limit_cycle,parego_seed,11,4,0.9412780656303973,0.0446704121213592
n11o_limit_cycle,parego_seed,11,5,0.9412780656303973,0.0446704121213592
n11o_limit_cycle,parego_seed,11,6,0.9412780656303973,0.0446704121213592
n11o_limit_cycle,parego_seed,11,7,0.9660194174757282,0.019929060276028282
n11o_limit_cycle,parego_seed,11,8,0.9660194174757282,0.019929060276028282
n11o_limit_cycle,parego_seed,11,9,0.9660194174757282,0.019929060276028282
n11o_limit_cycle,parego_seed,11,10,0.9660194174757282,0.019929060276028282
n11o_limit_cycle,parego_seed,11,11,0.9660194174757282,0.019929060276028282
n11o_limit_cycle,parego_seed,11,12,0.9681093394077449,0.017839138344011567
n11o_limit_cycle,parego_seed,11,13,0.9681093394077449,0.017839138344011567
n11o_limit_cycle,parego_seed,11,14,0.9681093394077449,0.017839138344011567
n11o_limit_cycle,parego_seed,11,15,0.9681093394077449,0.017839138344011567
n11o_limit_cycle,parego_seed,11,16,0.9681093394077449,0.017839138344011567
n11o_limit_cycle,parego_seed,11,17,0.9681093394077449,0.017839138344011567
n11o_limit_cycle,parego_seed,11,18,0.9681093394077449,0.017839138344011567
n11o_limit_cycle,parego_seed,11,19,0.9691234719125206,0.01691047978377056
n11o_limit_cycle,parego_seed,11,20,0.9691234719125206,0.01691047978377056
n11o_limit_cycle,parego_seed,12,1,0.8895505871854993,0.09477232355200281
n11o_limit_cycle,parego_seed,12,2,0.932253990495606,0.052004158660739354
n11o_limit_cycle,parego_seed,12,3,0.9328713560103247,0.052004158660739354
n11o_limit_cycle,parego_seed,12,4,0.9576271186440678,0.02832135910768864
n11o_limit_cycle,parego_seed,12,5,0.9576271186440678,0.02832135910768864
n11o_limit_cycle,parego_seed,12,6,0.9580139953348884,0.02793448241686807
n11o_limit_cycle,parego_seed,12,7,0.9580139953348884,0.02793448241686807
n11o_limit_cycle,parego_seed,12,8,0.9580139953348884,0.02793448241686807
n11o_limit_cycle,parego_seed,12,9,0.9580139953348884,0.02793448241686807
n11o_limit_cycle,parego_seed,12,10,0.9580139953348884,0.02793448241686807
n11o_limit_cycle,parego_seed,12,11,0.9731958762886598,0.012752601463096645
n11o_limit_cycle,parego_seed,12,12,0.9731958762886598,0.012752601463096645
n11o_limit_cycle,parego_seed,12,13,0.9731958762886598,0.012752601463096645
n11o_limit_cycle,parego_seed,12,14,0.9731958762886598,0.012752601463096645
n11o_limit_cycle,parego_seed,12,15,0.9731958762886598,0.012752601463096645
n11o_limit_cycle,parego_seed,12,16,0.9731958762886598,0.012752601463096645
n11o_limit_cycle,parego_seed,12,17,0.9731958762886598,0.012752601463096645
n11o_limit_cycle,parego_seed,12,18,0.9731958762886598,0.012752601463096645
n11o_limit_cycle,parego_seed,12,19,0.9731958762886598,0.012752601463096645
n11o_limit_cycle,parego_seed,12,20,0.9731958762886598,0.012752601463096645
n11o_limit_cycle,parego_seed,13,1,0.8895505871854993,0.09477232355200281
n11o_limit_cycle,parego_seed,13,2,0.8905603628061387,0.09477232355200281
n11o_limit_cycle,parego_seed,13,3,0.9097532908900617,0.07555153444430167
n11o_limit_cycle,parego_seed,13,4,0.9509433962264151,0.03500508152534135
n11o_limit_cycle,parego_seed,13,5,0.9509433962264151,0.03500508152534135
n11o_limit_cycle,parego_seed,13,6,0.9509433962264151,0.03500508152534135
n11o_limit_cycle,parego_seed,13,7,0.9636803874092009,0.022268090342555467
n11o_limit_cycle,parego_seed,13,8,0.9636803874092009,0.022268090342555467
n11o_limit_cycle,parego_seed,13,9,0.9636803874092009,0.022268090342555467
n11o_limit_cycle,parego_seed,13,10,0.9731958762886598,0.012752601463096645
n11o_limit_cycle,parego_seed,13,11,0.9731958762886598,0.012752601463096645
n11o_limit_cycle,parego_seed,13,12,0.9731958762886598,0.012752601463096645
n11o_limit_cycle,parego_seed,13,13,0.9731958762886598,0.012752601463096645
n11o_limit_cycle,parego_seed,13,14,0.9731958762886598,0.012752601463096645
n11o_limit_cycle,parego_seed,13,15,0.9731958762886598,0.012752601463096645
n11o_limit_cycle,parego_seed,13,16,0.9731958762886598,0.012752601463096645
n11o_limit_cycle,parego_seed,13,17,0.9731958762886598,0.012752601463096645
n11o_limit_cycle,parego_seed,13,18,0.9731958762886598,0.012752601463096645
n11o_limit_cycle,parego_seed,13,19,0.9731958762886598,0.012752601463096645
n11o_limit_cycle,parego_seed,13,20,0.9731958762886598,0.012752601463096645
n11o_limit_cycle,qlogehvi_mixed,11,1,0.8915820867328775,0.09376761067750085
n11o_limit_cycle,qlogehvi_mixed,11,2,0.9180991470451184,0.06722576808572815
n11o_limit_cycle,qlogehvi_mixed,11,3,0.9412780656303973,0.0446704121213592
n11o_limit_cycle,qlogehvi_mixed,11,4,0.9412780656303973,0.0446704121213592
n11o_limit_cycle,qlogehvi_mixed,11,5,0.9541062801932367,0.031842197558519726
n11o_limit_cycle,qlogehvi_mixed,11,6,0.9541062801932367,0.031842197558519726
n11o_limit_cycle,qlogehvi_mixed,11,7,0.9744245524296675,0.01152392532208892
n11o_limit_cycle,qlogehvi_mixed,11,8,0.9744245524296675,0.01152392532208892
n11o_limit_cycle,qlogehvi_mixed,11,9,0.9744245524296675,0.01152392532208892
n11o_limit_cycle,qlogehvi_mixed,11,10,0.9744245524296675,0.01152392532208892
n11o_limit_cycle,qlogehvi_mixed,11,11,0.9744245524296675,0.01152392532208892
n11o_limit_cycle,qlogehvi_mixed,11,12,0.9744245524296675,0.01152392532208892
n11o_limit_cycle,qlogehvi_mixed,11,13,0.9744245524296675,0.01152392532208892
n11o_limit_cycle,qlogehvi_mixed,11,14,0.9744245524296675,0.01152392532208892
n11o_limit_cycle,qlogehvi_mixed,11,15,0.9744245524296675,0.01152392532208892
n11o_limit_cycle,qlogehvi_mixed,11,16,0.9744245524296675,0.01152392532208892
n11o_limit_cycle,qlogehvi_mixed,11,17,0.9744245524296675,0.01152392532208892
n11o_limit_cycle,qlogehvi_mixed,11,18,0.9744245524296675,0.01152392532208892
n11o_limit_cycle,qlogehvi_mixed,11,19,0.9744245524296675,0.01152392532208892
n11o_limit_cycle,qlogehvi_mixed,11,20,0.9744245524296675,0.01152392532208892
n11o_limit_cycle,qlogehvi_mixed,12,1,0.9451086094028962,0.04018000173373473
n11o_limit_cycle,qlogehvi_mixed,12,2,0.9451086094028962,0.04018000173373473
n11o_limit_cycle,qlogehvi_mixed,12,3,0.9451086094028962,0.04018000173373473
n11o_limit_cycle,qlogehvi_mixed,12,4,0.9576271186440678,0.02832135910768864
n11o_limit_cycle,qlogehvi_mixed,12,5,0.9576271186440678,0.02832135910768864
n11o_limit_cycle,qlogehvi_mixed,12,6,0.9576271186440678,0.02832135910768864
n11o_limit_cycle,qlogehvi_mixed,12,7,0.9576271186440678,0.02832135910768864
n11o_limit_cycle,qlogehvi_mixed,12,8,0.9576271186440678,0.02832135910768864
n11o_limit_cycle,qlogehvi_mixed,12,9,0.9576271186440678,0.02832135910768864
n11o_limit_cycle,qlogehvi_mixed,12,10,0.9768736001069769,0.009382562660465757
n11o_limit_cycle,qlogehvi_mixed,12,11,0.9768736001069769,0.009382562660465757
n11o_limit_cycle,qlogehvi_mixed,12,12,0.9768736001069769,0.009382562660465757
n11o_limit_cycle,qlogehvi_mixed,12,13,0.9820051413881749,0.003943336363581634
n11o_limit_cycle,qlogehvi_mixed,12,14,0.9820051413881749,0.003943336363581634
n11o_limit_cycle,qlogehvi_mixed,12,15,0.9820051413881749,0.003943336363581634
n11o_limit_cycle,qlogehvi_mixed,12,16,0.9820051413881749,0.003943336363581634
n11o_limit_cycle,qlogehvi_mixed,12,17,0.9820051413881749,0.003943336363581634
n11o_limit_cycle,qlogehvi_mixed,12,18,0.9820051413881749,0.003943336363581634
n11o_limit_cycle,qlogehvi_mixed,12,19,0.9820051413881749,0.003943336363581634
n11o_limit_cycle,qlogehvi_mixed,12,20,0.9820051413881749,0.003943336363581634
n11o_limit_cycle,qlogehvi_mixed,13,1,0.8939499145186219,0.09081419988282048
n11o_limit_cycle,qlogehvi_mixed,13,2,0.8945088588016827,0.09081419988282048
n11o_limit_cycle,qlogehvi_mixed,13,3,0.9097532908900617,0.07555153444430167
n11o_limit_cycle,qlogehvi_mixed,13,4,0.9509433962264151,0.03500508152534135
n11o_limit_cycle,qlogehvi_mixed,13,5,0.9509433962264151,0.03500508152534135
n11o_limit_cycle,qlogehvi_mixed,13,6,0.9681818181818181,0.017766659569938253
n11o_limit_cycle,qlogehvi_mixed,13,7,0.9681818181818181,0.017766659569938253
n11o_limit_cycle,qlogehvi_mixed,13,8,0.9681818181818181,0.017766659569938253
n11o_limit_cycle,qlogehvi_mixed,13,9,0.9769230769230769,0.009025400828679518
n11o_limit_cycle,qlogehvi_mixed,13,10,0.9769230769230769,0.009025400828679518
n11o_limit_cycle,qlogehvi_mixed,13,11,0.9769230769230769,0.009025400828679518
n11o_limit_cycle,qlogehvi_mixed,13,12,0.9769230769230769,0.009025400828679518
n11o_limit_cycle,qlogehvi_mixed,13,13,0.9769230769230769,0.009025400828679518
n11o_limit_cycle,qlogehvi_mixed,13,14,0.9769230769230769,0.009025400828679518
n11o_limit_cycle,qlogehvi_mixed,13,15,0.9769230769230769,0.009025400828679518
n11o_limit_cycle,qlogehvi_mixed,13,16,0.9769230769230769,0.009025400828679518
n11o_limit_cycle,qlogehvi_mixed,13,17,0.9769230769230769,0.009025400828679518
n11o_limit_cycle,qlogehvi_mixed,13,18,0.9769230769230769,0.009025400828679518
n11o_limit_cycle,qlogehvi_mixed,13,19,0.9769230769230769,0.009025400828679518
n11o_limit_cycle,qlogehvi_mixed,13,20,0.9769230769230769,0.009025400828679518
n11o_limit_cycle,qlogehvi_mixed_seed,11,1,0.8895505871854993,0.09477232355200281
n11o_limit_cycle,qlogehvi_mixed_seed,11,2,0.9170546455389704,0.06722576808572815
n11o_limit_cycle,qlogehvi_mixed_seed,11,3,0.9412780656303973,0.0446704121213592
n11o_limit_cycle,qlogehvi_mixed_seed,11,4,0.9412780656303973,0.0446704121213592
n11o_limit_cycle,qlogehvi_mixed_seed,11,5,0.9412780656303973,0.0446704121213592
n11o_limit_cycle,qlogehvi_mixed_seed,11,6,0.9412780656303973,0.0446704121213592
n11o_limit_cycle,qlogehvi_mixed_seed,11,7,0.9412780656303973,0.0446704121213592
n11o_limit_cycle,qlogehvi_mixed_seed,11,8,0.9412780656303973,0.0446704121213592
n11o_limit_cycle,qlogehvi_mixed_seed,11,9,0.9412780656303973,0.0446704121213592
n11o_limit_cycle,qlogehvi_mixed_seed,11,10,0.9412780656303973,0.0446704121213592
n11o_limit_cycle,qlogehvi_mixed_seed,11,11,0.9412780656303973,0.0446704121213592
n11o_limit_cycle,qlogehvi_mixed_seed,11,12,0.9412780656303973,0.0446704121213592
n11o_limit_cycle,qlogehvi_mixed_seed,11,13,0.9412780656303973,0.0446704121213592
n11o_limit_cycle,qlogehvi_mixed_seed,11,14,0.9412780656303973,0.0446704121213592
n11o_limit_cycle,qlogehvi_mixed_seed,11,15,0.9412780656303973,0.0446704121213592
n11o_limit_cycle,qlogehvi_mixed_seed,11,16,0.9412780656303973,0.0446704121213592
n11o_limit_cycle,qlogehvi_mixed_seed,11,17,0.9412780656303973,0.0446704121213592
n11o_limit_cycle,qlogehvi_mixed_seed,11,18,0.9412780656303973,0.0446704121213592
n11o_limit_cycle,qlogehvi_mixed_seed,11,19,0.9563262684649968,0.029622209286759647
n11o_limit_cycle,qlogehvi_mixed_seed,11,20,0.9563262684649968,0.029622209286759647
n11o_limit_cycle,qlogehvi_mixed_seed,12,1,0.8895505871854993,0.09477232355200281
n11o_limit_cycle,qlogehvi_mixed_seed,12,2,0.932253990495606,0.052004158660739354
n11o_limit_cycle,qlogehvi_mixed_seed,12,3,0.9328713560103247,0.052004158660739354
n11o_limit_cycle,qlogehvi_mixed_seed,12,4,0.9576271186440678,0.02832135910768864
n11o_limit_cycle,qlogehvi_mixed_seed,12,5,0.9576271186440678,0.02832135910768864
n11o_limit_cycle,qlogehvi_mixed_seed,12,6,0.9576271186440678,0.02832135910768864
n11o_limit_cycle,qlogehvi_mixed_seed,12,7,0.9576271186440678,0.02832135910768864
n11o_limit_cycle,qlogehvi_mixed_seed,12,8,0.9576271186440678,0.02832135910768864
n11o_limit_cycle,qlogehvi_mixed_seed,12,9,0.9576271186440678,0.02832135910768864
n11o_limit_cycle,qlogehvi_mixed_seed,12,10,0.9576271186440678,0.02832135910768864
n11o_limit_cycle,qlogehvi_mixed_seed,12,11,0.9576271186440678,0.02832135910768864
n11o_limit_cycle,qlogehvi_mixed_seed,12,12,0.9576271186440678,0.02832135910768864
n11o_limit_cycle,qlogehvi_mixed_seed,12,13,0.9576271186440678,0.02832135910768864
n11o_limit_cycle,qlogehvi_mixed_seed,12,14,0.9576271186440678,0.02832135910768864
n11o_limit_cycle,qlogehvi_mixed_seed,12,15,0.9782501895699166,0.007705013152170992
n11o_limit_cycle,qlogehvi_mixed_seed,12,16,0.9782501895699166,0.007705013152170992
n11o_limit_cycle,qlogehvi_mixed_seed,12,17,0.9782501895699166,0.007705013152170992
n11o_limit_cycle,qlogehvi_mixed_seed,12,18,0.9782501895699166,0.007705013152170992
n11o_limit_cycle,qlogehvi_mixed_seed,12,19,0.9782501895699166,0.007705013152170992
n11o_limit_cycle,qlogehvi_mixed_seed,12,20,0.9782501895699166,0.007705013152170992
n11o_limit_cycle,qlogehvi_mixed_seed,13,1,0.8895505871854993,0.09477232355200281
n11o_limit_cycle,qlogehvi_mixed_seed,13,2,0.8905603628061387,0.09477232355200281
n11o_limit_cycle,qlogehvi_mixed_seed,13,3,0.9097532908900617,0.07555153444430167
n11o_limit_cycle,qlogehvi_mixed_seed,13,4,0.9509433962264151,0.03500508152534135
n11o_limit_cycle,qlogehvi_mixed_seed,13,5,0.9509433962264151,0.03500508152534135
n11o_limit_cycle,qlogehvi_mixed_seed,13,6,0.9509433962264151,0.03500508152534135
n11o_limit_cycle,qlogehvi_mixed_seed,13,7,0.9660194174757282,0.019929060276028282
n11o_limit_cycle,qlogehvi_mixed_seed,13,8,0.9660194174757282,0.019929060276028282
n11o_limit_cycle,qlogehvi_mixed_seed,13,9,0.9660194174757282,0.019929060276028282
n11o_limit_cycle,qlogehvi_mixed_seed,13,10,0.9660194174757282,0.019929060276028282
n11o_limit_cycle,qlogehvi_mixed_seed,13,11,0.9660194174757282,0.019929060276028282
n11o_limit_cycle,qlogehvi_mixed_seed,13,12,0.9660194174757282,0.019929060276028282
n11o_limit_cycle,qlogehvi_mixed_seed,13,13,0.9660194174757282,0.019929060276028282
n11o_limit_cycle,qlogehvi_mixed_seed,13,14,0.9660194174757282,0.019929060276028282
n11o_limit_cycle,qlogehvi_mixed_seed,13,15,0.9681818181818181,0.017766659569938253
n11o_limit_cycle,qlogehvi_mixed_seed,13,16,0.9681818181818181,0.017766659569938253
n11o_limit_cycle,qlogehvi_mixed_seed,13,17,0.9681818181818181,0.017766659569938253
n11o_limit_cycle,qlogehvi_mixed_seed,13,18,0.9683698296836983,0.017578648068058145
n11o_limit_cycle,qlogehvi_mixed_seed,13,19,0.9683698296836983,0.017578648068058145
n11o_limit_cycle,qlogehvi_mixed_seed,13,20,0.9683698296836983,0.017578648068058145
n11o_limit_cycle,random,11,1,0.8915820867328775,0.09376761067750085
n11o_limit_cycle,random,11,2,0.9180991470451184,0.06722576808572815
n11o_limit_cycle,random,11,3,0.9412780656303973,0.0446704121213592
n11o_limit_cycle,random,11,4,0.9412780656303973,0.0446704121213592
n11o_limit_cycle,random,11,5,0.9412780656303973,0.0446704121213592
n11o_limit_cycle,random,11,6,0.9412780656303973,0.0446704121213592
n11o_limit_cycle,random,11,7,0.9412780656303973,0.0446704121213592
n11o_limit_cycle,random,11,8,0.9412780656303973,0.0446704121213592
n11o_limit_cycle,random,11,9,0.9412780656303973,0.0446704121213592
n11o_limit_cycle,random,11,10,0.9418181818181818,0.04413029593357462
n11o_limit_cycle,random,11,11,0.9418181818181818,0.04413029593357462
n11o_limit_cycle,random,11,12,0.9418181818181818,0.04413029593357462
n11o_limit_cycle,random,11,13,0.9418181818181818,0.04413029593357462
n11o_limit_cycle,random,11,14,0.9418181818181818,0.04413029593357462
n11o_limit_cycle,random,11,15,0.9418181818181818,0.04413029593357462
n11o_limit_cycle,random,11,16,0.9418181818181818,0.04413029593357462
n11o_limit_cycle,random,11,17,0.9418181818181818,0.04413029593357462
n11o_limit_cycle,random,11,18,0.9418181818181818,0.04413029593357462
n11o_limit_cycle,random,11,19,0.9418181818181818,0.04413029593357462
n11o_limit_cycle,random,11,20,0.9418181818181818,0.04413029593357462
n11o_limit_cycle,random,12,1,0.9451086094028962,0.04018000173373473
n11o_limit_cycle,random,12,2,0.9451086094028962,0.04018000173373473
n11o_limit_cycle,random,12,3,0.9451086094028962,0.04018000173373473
n11o_limit_cycle,random,12,4,0.9576271186440678,0.02832135910768864
n11o_limit_cycle,random,12,5,0.9707112970711297,0.015237180680626733
n11o_limit_cycle,random,12,6,0.9707112970711297,0.015237180680626733
n11o_limit_cycle,random,12,7,0.9707112970711297,0.015237180680626733
n11o_limit_cycle,random,12,8,0.9707112970711297,0.015237180680626733
n11o_limit_cycle,random,12,9,0.9707112970711297,0.015237180680626733
n11o_limit_cycle,random,12,10,0.9707112970711297,0.015237180680626733
n11o_limit_cycle,random,12,11,0.9707112970711297,0.015237180680626733
n11o_limit_cycle,random,12,12,0.9707112970711297,0.015237180680626733
n11o_limit_cycle,random,12,13,0.9707112970711297,0.015237180680626733
n11o_limit_cycle,random,12,14,0.9707112970711297,0.015237180680626733
n11o_limit_cycle,random,12,15,0.9859484777517564,0.0
n11o_limit_cycle,random,12,16,0.9859484777517564,0.0
n11o_limit_cycle,random,12,17,0.9859484777517564,0.0
n11o_limit_cycle,random,12,18,0.9859484777517564,0.0
n11o_limit_cycle,random,12,19,0.9859484777517564,0.0
n11o_limit_cycle,random,12,20,0.9859484777517564,0.0
n11o_limit_cycle,random,13,1,0.8939499145186219,0.09081419988282048
n11o_limit_cycle,random,13,2,0.8945088588016827,0.09081419988282048
n11o_limit_cycle,random,13,3,0.9097532908900617,0.07555153444430167
n11o_limit_cycle,random,13,4,0.9509433962264151,0.03500508152534135
n11o_limit_cycle,random,13,5,0.9509433962264151,0.03500508152534135
n11o_limit_cycle,random,13,6,0.9509433962264151,0.03500508152534135
n11o_limit_cycle,random,13,7,0.9509433962264151,0.03500508152534135
n11o_limit_cycle,random,13,8,0.9509433962264151,0.03500508152534135
n11o_limit_cycle,random,13,9,0.9509433962264151,0.03500508152534135
n11o_limit_cycle,random,13,10,0.9740820734341252,0.01186640431763117
n11o_limit_cycle,random,13,11,0.9740820734341252,0.01186640431763117
n11o_limit_cycle,random,13,12,0.9740820734341252,0.01186640431763117
n11o_limit_cycle,random,13,13,0.9740820734341252,0.01186640431763117
n11o_limit_cycle,random,13,14,0.9740820734341252,0.01186640431763117
n11o_limit_cycle,random,13,15,0.9740820734341252,0.01186640431763117
n11o_limit_cycle,random,13,16,0.9740820734341252,0.01186640431763117
n11o_limit_cycle,random,13,17,0.9740820734341252,0.01186640431763117
n11o_limit_cycle,random,13,18,0.9740820734341252,0.01186640431763117
n11o_limit_cycle,random,13,19,0.9740820734341252,0.01186640431763117
n11o_limit_cycle,random,13,20,0.9740820734341252,0.01186640431763117
n11o_limit_cycle,random_seed,11,1,0.8895505871854993,0.09477232355200281
n11o_limit_cycle,random_seed,11,2,0.9170546455389704,0.06722576808572815
n11o_limit_cycle,random_seed,11,3,0.9412780656303973,0.0446704121213592
n11o_limit_cycle,random_seed,11,4,0.9412780656303973,0.0446704121213592
n11o_limit_cycle,random_seed,11,5,0.9412780656303973,0.0446704121213592
n11o_limit_cycle,random_seed,11,6,0.9412780656303973,0.0446704121213592
n11o_limit_cycle,random_seed,11,7,0.9412780656303973,0.0446704121213592
n11o_limit_cycle,random_seed,11,8,0.9412780656303973,0.0446704121213592
n11o_limit_cycle,random_seed,11,9,0.9412780656303973,0.0446704121213592
n11o_limit_cycle,random_seed,11,10,0.9418181818181818,0.04413029593357462
n11o_limit_cycle,random_seed,11,11,0.9418181818181818,0.04413029593357462
n11o_limit_cycle,random_seed,11,12,0.9418181818181818,0.04413029593357462
n11o_limit_cycle,random_seed,11,13,0.9418181818181818,0.04413029593357462
n11o_limit_cycle,random_seed,11,14,0.9418181818181818,0.04413029593357462
n11o_limit_cycle,random_seed,11,15,0.9418181818181818,0.04413029593357462
n11o_limit_cycle,random_seed,11,16,0.9418181818181818,0.04413029593357462
n11o_limit_cycle,random_seed,11,17,0.9418181818181818,0.04413029593357462
n11o_limit_cycle,random_seed,11,18,0.9418181818181818,0.04413029593357462
n11o_limit_cycle,random_seed,11,19,0.9418181818181818,0.04413029593357462
n11o_limit_cycle,random_seed,11,20,0.9418181818181818,0.04413029593357462
n11o_limit_cycle,random_seed,12,1,0.8895505871854993,0.09477232355200281
n11o_limit_cycle,random_seed,12,2,0.932253990495606,0.052004158660739354
n11o_limit_cycle,random_seed,12,3,0.9328713560103247,0.052004158660739354
n11o_limit_cycle,random_seed,12,4,0.9576271186440678,0.02832135910768864
n11o_limit_cycle,random_seed,12,5,0.9707112970711297,0.015237180680626733
n11o_limit_cycle,random_seed,12,6,0.9707112970711297,0.015237180680626733
n11o_limit_cycle,random_seed,12,7,0.9707112970711297,0.015237180680626733
n11o_limit_cycle,random_seed,12,8,0.9707112970711297,0.015237180680626733
n11o_limit_cycle,random_seed,12,9,0.9707112970711297,0.015237180680626733
n11o_limit_cycle,random_seed,12,10,0.9707112970711297,0.015237180680626733
n11o_limit_cycle,random_seed,12,11,0.9707112970711297,0.015237180680626733
n11o_limit_cycle,random_seed,12,12,0.9707112970711297,0.015237180680626733
n11o_limit_cycle,random_seed,12,13,0.9707112970711297,0.015237180680626733
n11o_limit_cycle,random_seed,12,14,0.9707112970711297,0.015237180680626733
n11o_limit_cycle,random_seed,12,15,0.9859484777517564,0.0
n11o_limit_cycle,random_seed,12,16,0.9859484777517564,0.0
n11o_limit_cycle,random_seed,12,17,0.9859484777517564,0.0
n11o_limit_cycle,random_seed,12,18,0.9859484777517564,0.0
n11o_limit_cycle,random_seed,12,19,0.9859484777517564,0.0
n11o_limit_cycle,random_seed,12,20,0.9859484777517564,0.0
n11o_limit_cycle,random_seed,13,1,0.8895505871854993,0.09477232355200281
n11o_limit_cycle,random_seed,13,2,0.8905603628061387,0.09477232355200281
n11o_limit_cycle,random_seed,13,3,0.9097532908900617,0.07555153444430167
n11o_limit_cycle,random_seed,13,4,0.9509433962264151,0.03500508152534135
n11o_limit_cycle,random_seed,13,5,0.9509433962264151,0.03500508152534135
n11o_limit_cycle,random_seed,13,6,0.9509433962264151,0.03500508152534135
n11o_limit_cycle,random_seed,13,7,0.9509433962264151,0.03500508152534135
n11o_limit_cycle,random_seed,13,8,0.9509433962264151,0.03500508152534135
n11o_limit_cycle,random_seed,13,9,0.9509433962264151,0.03500508152534135
n11o_limit_cycle,random_seed,13,10,0.9509433962264151,0.03500508152534135
n11o_limit_cycle,random_seed,13,11,0.9509433962264151,0.03500508152534135
n11o_limit_cycle,random_seed,13,12,0.9509433962264151,0.03500508152534135
n11o_limit_cycle,random_seed,13,13,0.9509433962264151,0.03500508152534135
n11o_limit_cycle,random_seed,13,14,0.9509433962264151,0.03500508152534135
n11o_limit_cycle,random_seed,13,15,0.9509433962264151,0.03500508152534135
n11o_limit_cycle,random_seed,13,16,0.9509433962264151,0.03500508152534135
n11o_limit_cycle,random_seed,13,17,0.9509433962264151,0.03500508152534135
n11o_limit_cycle,random_seed,13,18,0.9509433962264151,0.03500508152534135
n11o_limit_cycle,random_seed,13,19,0.9740820734341252,0.01186640431763117
n11o_limit_cycle,random_seed,13,20,0.9740820734341252,0.01186640431763117
n12o_limit_cycle_genus0,parego,11,1,0.8552034750800183,0.08729731717727254
n12o_limit_cycle_genus0,parego,11,2,0.9282867051273843,0.015416114291251065
n12o_limit_cycle_genus0,parego,11,3,0.9286469146492562,0.015416114291251065
n12o_limit_cycle_genus0,parego,11,4,0.9286469146492562,0.015416114291251065
n12o_limit_cycle_genus0,parego,11,5,0.9286469146492562,0.015416114291251065
n12o_limit_cycle_genus0,parego,11,6,0.9286469146492562,0.015416114291251065
n12o_limit_cycle_genus0,parego,11,7,0.9286469146492562,0.015416114291251065
n12o_limit_cycle_genus0,parego,11,8,0.9286469146492562,0.015416114291251065
n12o_limit_cycle_genus0,parego,11,9,0.9286469577159135,0.015416114291251065
n12o_limit_cycle_genus0,parego,11,10,0.9286469577159135,0.015416114291251065
n12o_limit_cycle_genus0,parego,11,11,0.9286469577159135,0.015416114291251065
n12o_limit_cycle_genus0,parego,11,12,0.9286469577159135,0.015416114291251065
n12o_limit_cycle_genus0,parego,11,13,0.9286469577159135,0.015416114291251065
n12o_limit_cycle_genus0,parego,11,14,0.9286547462475087,0.015416114291251065
n12o_limit_cycle_genus0,parego,11,15,0.9286547462475087,0.015416114291251065
n12o_limit_cycle_genus0,parego,11,16,0.9286547462475087,0.015416114291251065
n12o_limit_cycle_genus0,parego,11,17,0.9286547462475087,0.015416114291251065
n12o_limit_cycle_genus0,parego,11,18,0.9286547462475087,0.015416114291251065
n12o_limit_cycle_genus0,parego,11,19,0.9286547462475087,0.015416114291251065
n12o_limit_cycle_genus0,parego,11,20,0.9286547462475087,0.015416114291251065
n12o_limit_cycle_genus0,parego,12,1,0.915041006943687,0.02863309278942528
n12o_limit_cycle_genus0,parego,12,2,0.915041006943687,0.02863309278942528
n12o_limit_cycle_genus0,parego,12,3,0.915041006943687,0.02863309278942528
n12o_limit_cycle_genus0,parego,12,4,0.923294800418542,0.020389361033462398
n12o_limit_cycle_genus0,parego,12,5,0.923294800418542,0.020389361033462398
n12o_limit_cycle_genus0,parego,12,6,0.9232984598740865,0.020389361033462398
n12o_limit_cycle_genus0,parego,12,7,0.9232984598740865,0.020389361033462398
n12o_limit_cycle_genus0,parego,12,8,0.9232984598740865,0.020389361033462398
n12o_limit_cycle_genus0,parego,12,9,0.9313274573342205,0.01247069522217228
n12o_limit_cycle_genus0,parego,12,10,0.9313274573342205,0.01247069522217228
n12o_limit_cycle_genus0,parego,12,11,0.9437428243398392,0.0003249722703302302
n12o_limit_cycle_genus0,parego,12,12,0.9437428243398392,0.0003249722703302302
n12o_limit_cycle_genus0,parego,12,13,0.9437428243398392,0.0003249722703302302
n12o_limit_cycle_genus0,parego,12,14,0.9437428243398392,0.0003249722703302302
n12o_limit_cycle_genus0,parego,12,15,0.9437428243398392,0.0003249722703302302
n12o_limit_cycle_genus0,parego,12,16,0.9437428243398392,0.0003249722703302302
n12o_limit_cycle_genus0,parego,12,17,0.9437428243398392,0.0003249722703302302
n12o_limit_cycle_genus0,parego,12,18,0.9437428243398392,0.0003249722703302302
n12o_limit_cycle_genus0,parego,12,19,0.9437428243398392,0.0003249722703302302
n12o_limit_cycle_genus0,parego,12,20,0.9437428243398392,0.0003249722703302302
n12o_limit_cycle_genus0,parego,13,1,0.8090535830024432,0.1332421287300243
n12o_limit_cycle_genus0,parego,13,2,0.8150468064714252,0.12725152475070411
n12o_limit_cycle_genus0,parego,13,3,0.905829596412556,0.03823820019761343
n12o_limit_cycle_genus0,parego,13,4,0.905829596412556,0.03823820019761343
n12o_limit_cycle_genus0,parego,13,5,0.905829596412556,0.03823820019761343
n12o_limit_cycle_genus0,parego,13,6,0.905829596412556,0.03823820019761343
n12o_limit_cycle_genus0,parego,13,7,0.905829596412556,0.03823820019761343
n12o_limit_cycle_genus0,parego,13,8,0.905829596412556,0.03823820019761343
n12o_limit_cycle_genus0,parego,13,9,0.905829596412556,0.03823820019761343
n12o_limit_cycle_genus0,parego,13,10,0.905829596412556,0.03823820019761343
n12o_limit_cycle_genus0,parego,13,11,0.905829596412556,0.03823820019761343
n12o_limit_cycle_genus0,parego,13,12,0.905829596412556,0.03823820019761343
n12o_limit_cycle_genus0,parego,13,13,0.905829596412556,0.03823820019761343
n12o_limit_cycle_genus0,parego,13,14,0.905829596412556,0.03823820019761343
n12o_limit_cycle_genus0,parego,13,15,0.905829596412556,0.03823820019761343
n12o_limit_cycle_genus0,parego,13,16,0.905829596412556,0.03823820019761343
n12o_limit_cycle_genus0,parego,13,17,0.905829596412556,0.03823820019761343
n12o_limit_cycle_genus0,parego,13,18,0.905829596412556,0.03823820019761343
n12o_limit_cycle_genus0,parego,13,19,0.905829596412556,0.03823820019761343
n12o_limit_cycle_genus0,parego,13,20,0.9434210526315789,0.0006467439785905471
n12o_limit_cycle_genus0,parego_seed,11,1,0.842441903449557,0.10003871045291332
n12o_limit_cycle_genus0,parego_seed,11,2,0.9282867051273843,0.015416114291251065
n12o_limit_cycle_genus0,parego_seed,11,3,0.9286469146492562,0.015416114291251065
n12o_limit_cycle_genus0,parego_seed,11,4,0.9286469146492562,0.015416114291251065
n12o_limit_cycle_genus0,parego_seed,11,5,0.9286469146492562,0.015416114291251065
n12o_limit_cycle_genus0,parego_seed,11,6,0.9286469146492562,0.015416114291251065
n12o_limit_cycle_genus0,parego_seed,11,7,0.9286469146492562,0.015416114291251065
n12o_limit_cycle_genus0,parego_seed,11,8,0.9286469146492562,0.015416114291251065
n12o_limit_cycle_genus0,parego_seed,11,9,0.9286469577159135,0.015416114291251065
n12o_limit_cycle_genus0,parego_seed,11,10,0.9286469577159135,0.015416114291251065
n12o_limit_cycle_genus0,parego_seed,11,11,0.9286469577159135,0.015416114291251065
n12o_limit_cycle_genus0,parego_seed,11,12,0.9286469577159135,0.015416114291251065
n12o_limit_cycle_genus0,parego_seed,11,13,0.9286469577159135,0.015416114291251065
n12o_limit_cycle_genus0,parego_seed,11,14,0.9286469577159135,0.015416114291251065
n12o_limit_cycle_genus0,parego_seed,11,15,0.9286469577159135,0.015416114291251065
n12o_limit_cycle_genus0,parego_seed,11,16,0.9286469577159135,0.015416114291251065
n12o_limit_cycle_genus0,parego_seed,11,17,0.9286469577159135,0.015416114291251065
n12o_limit_cycle_genus0,parego_seed,11,18,0.9286469577159135,0.015416114291251065
n12o_limit_cycle_genus0,parego_seed,11,19,0.9286469577159135,0.015416114291251065
n12o_limit_cycle_genus0,parego_seed,11,20,0.9286532052757225,0.015416114291251065
n12o_limit_cycle_genus0,parego_seed,12,1,0.842441903449557,0.10003871045291332
n12o_limit_cycle_genus0,parego_seed,12,2,0.8424564594418315,0.10003871045291332
n12o_limit_cycle_genus0,parego_seed,12,3,0.8426390513500192,0.10003871045291332
n12o_limit_cycle_genus0,parego_seed,12,4,0.9228451334825755,0.020389361033462398
n12o_limit_cycle_genus0,parego_seed,12,5,0.9228451334825755,0.020389361033462398
n12o_limit_cycle_genus0,parego_seed,12,6,0.9228451334825755,0.020389361033462398
n12o_limit_cycle_genus0,parego_seed,12,7,0.9231904567643612,0.020389361033462398
n12o_limit_cycle_genus0,parego_seed,12,8,0.9231904567643612,0.020389361033462398
n12o_limit_cycle_genus0,parego_seed,12,9,0.9231904567643612,0.020389361033462398
n12o_limit_cycle_genus0,parego_seed,12,10,0.9231904567643612,0.020389361033462398
n12o_limit_cycle_genus0,parego_seed,12,11,0.9231904567643612,0.020389361033462398
n12o_limit_cycle_genus0,parego_seed,12,12,0.9231904567643612,0.020389361033462398
n12o_limit_cycle_genus0,parego_seed,12,13,0.9231907091293504,0.020389361033462398
n12o_limit_cycle_genus0,parego_seed,12,14,0.9231907091293504,0.020389361033462398
n12o_limit_cycle_genus0,parego_seed,12,15,0.9231907091293504,0.020389361033462398
n12o_limit_cycle_genus0,parego_seed,12,16,0.9231907091293504,0.020389361033462398
n12o_limit_cycle_genus0,parego_seed,12,17,0.9231907091293504,0.020389361033462398
n12o_limit_cycle_genus0,parego_seed,12,18,0.9231907091293504,0.020389361033462398
n12o_limit_cycle_genus0,parego_seed,12,19,0.9231907091293504,0.020389361033462398
n12o_limit_cycle_genus0,parego_seed,12,20,0.9231907091293504,0.020389361033462398
n12o_limit_cycle_genus0,parego_seed,13,1,0.842441903449557,0.10003871045291332
n12o_limit_cycle_genus0,parego_seed,13,2,0.842441903449557,0.10003871045291332
n12o_limit_cycle_genus0,parego_seed,13,3,0.905829596412556,0.03823820019761343
n12o_limit_cycle_genus0,parego_seed,13,4,0.905829596412556,0.03823820019761343
n12o_limit_cycle_genus0,parego_seed,13,5,0.905829596412556,0.03823820019761343
n12o_limit_cycle_genus0,parego_seed,13,6,0.905829596412556,0.03823820019761343
n12o_limit_cycle_genus0,parego_seed,13,7,0.905829596412556,0.03823820019761343
n12o_limit_cycle_genus0,parego_seed,13,8,0.905829596412556,0.03823820019761343
n12o_limit_cycle_genus0,parego_seed,13,9,0.905829596412556,0.03823820019761343
n12o_limit_cycle_genus0,parego_seed,13,10,0.905829596412556,0.03823820019761343
n12o_limit_cycle_genus0,parego_seed,13,11,0.905829596412556,0.03823820019761343
n12o_limit_cycle_genus0,parego_seed,13,12,0.905829596412556,0.03823820019761343
n12o_limit_cycle_genus0,parego_seed,13,13,0.9130674670963806,0.03103252296593758
n12o_limit_cycle_genus0,parego_seed,13,14,0.9130674670963806,0.03103252296593758
n12o_limit_cycle_genus0,parego_seed,13,15,0.9254843517138599,0.01858344489630958
n12o_limit_cycle_genus0,parego_seed,13,16,0.9254843517138599,0.01858344489630958
n12o_limit_cycle_genus0,parego_seed,13,17,0.938724549774916,0.005413435137176839
n12o_limit_cycle_genus0,parego_seed,13,18,0.938724549774916,0.005413435137176839
n12o_limit_cycle_genus0,parego_seed,13,19,0.938724549774916,0.005413435137176839
n12o_limit_cycle_genus0,parego_seed,13,20,0.9434210526315789,0.0006467439785905471
n12o_limit_cycle_genus0,qlogehvi_mixed,11,1,0.8552034750800183,0.08729731717727254
n12o_limit_cycle_genus0,qlogehvi_mixed,11,2,0.9282867051273843,0.015416114291251065
n12o_limit_cycle_genus0,qlogehvi_mixed,11,3,0.9286469146492562,0.015416114291251065
n12o_limit_cycle_genus0,qlogehvi_mixed,11,4,0.9286469146492562,0.015416114291251065
n12o_limit_cycle_genus0,qlogehvi_mixed,11,5,0.9286469146492562,0.015416114291251065
n12o_limit_cycle_genus0,qlogehvi_mixed,11,6,0.9286469146492562,0.015416114291251065
n12o_limit_cycle_genus0,qlogehvi_mixed,11,7,0.9286469146492562,0.015416114291251065
n12o_limit_cycle_genus0,qlogehvi_mixed,11,8,0.9286469146492562,0.015416114291251065
n12o_limit_cycle_genus0,qlogehvi_mixed,11,9,0.9286469146492562,0.015416114291251065
n12o_limit_cycle_genus0,qlogehvi_mixed,11,10,0.9286469146492562,0.015416114291251065
n12o_limit_cycle_genus0,qlogehvi_mixed,11,11,0.9286469146492562,0.015416114291251065
n12o_limit_cycle_genus0,qlogehvi_mixed,11,12,0.9286469146492562,0.015416114291251065
n12o_limit_cycle_genus0,qlogehvi_mixed,11,13,0.9286469146492562,0.015416114291251065
n12o_limit_cycle_genus0,qlogehvi_mixed,11,14,0.9286469146492562,0.015416114291251065
n12o_limit_cycle_genus0,qlogehvi_mixed,11,15,0.9286469146492562,0.015416114291251065
n12o_limit_cycle_genus0,qlogehvi_mixed,11,16,0.9286469146492562,0.015416114291251065
n12o_limit_cycle_genus0,qlogehvi_mixed,11,17,0.9329781339295861,0.011114739294435096
n12o_limit_cycle_genus0,qlogehvi_mixed,11,18,0.9329781339295861,0.011114739294435096
n12o_limit_cycle_genus0,qlogehvi_mixed,11,19,0.9329782057088115,0.011114739294435096
n12o_limit_cycle_genus0,qlogehvi_mixed,11,20,0.9329782057088115,0.011114739294435096
n12o_limit_cycle_genus0,qlogehvi_mixed,12,1,0.915041006943687,0.02863309278942528
n12o_limit_cycle_genus0,qlogehvi_mixed,12,2,0.915041006943687,0.02863309278942528
n12o_limit_cycle_genus0,qlogehvi_mixed,12,3,0.915041006943687,0.02863309278942528
n12o_limit_cycle_genus0,qlogehvi_mixed,12,4,0.923294800418542,0.020389361033462398
n12o_limit_cycle_genus0,qlogehvi_mixed,12,5,0.9295467607069202,0.014124925791474861
n12o_limit_cycle_genus0,qlogehvi_mixed,12,6,0.9295906490428265,0.014124925791474861
n12o_limit_cycle_genus0,qlogehvi_mixed,12,7,0.9295906490428265,0.014124925791474861
n12o_limit_cycle_genus0,qlogehvi_mixed,12,8,0.9295906490428265,0.014124925791474861
n12o_limit_cycle_genus0,qlogehvi_mixed,12,9,0.9295906490428265,0.014124925791474861
n12o_limit_cycle_genus0,qlogehvi_mixed,12,10,0.9295906490428265,0.014124925791474861
n12o_limit_cycle_genus0,qlogehvi_mixed,12,11,0.9295906490428265,0.014124925791474861
n12o_limit_cycle_genus0,qlogehvi_mixed,12,12,0.9296110944262819,0.014124925791474861
n12o_limit_cycle_genus0,qlogehvi_mixed,12,13,0.9296110944262819,0.014124925791474861
n12o_limit_cycle_genus0,qlogehvi_mixed,12,14,0.9296324472910226,0.014124925791474861
n12o_limit_cycle_genus0,qlogehvi_mixed,12,15,0.9296324472910226,0.014124925791474861
n12o_limit_cycle_genus0,qlogehvi_mixed,12,16,0.9296494508578899,0.014124925791474861
n12o_limit_cycle_genus0,qlogehvi_mixed,12,17,0.9296494508578899,0.014124925791474861
n12o_limit_cycle_genus0,qlogehvi_mixed,12,18,0.9296620225742065,0.014124925791474861
n12o_limit_cycle_genus0,qlogehvi_mixed,12,19,0.9317959781636005,0.011993460383951899
n12o_limit_cycle_genus0,qlogehvi_mixed,12,20,0.9317959781636005,0.011993460383951899
n12o_limit_cycle_genus0,qlogehvi_mixed,13,1,0.8090535830024432,0.1332421287300243
n12o_limit_cycle_genus0,qlogehvi_mixed,13,2,0.8150468064714252,0.12725152475070411
n12o_limit_cycle_genus0,qlogehvi_mixed,13,3,0.905829596412556,0.03823820019761343
n12o_limit_cycle_genus0,qlogehvi_mixed,13,4,0.905829596412556,0.03823820019761343
n12o_limit_cycle_genus0,qlogehvi_mixed,13,5,0.905829596412556,0.03823820019761343
n12o_limit_cycle_genus0,qlogehvi_mixed,13,6,0.905829596412556,0.03823820019761343
n12o_limit_cycle_genus0,qlogehvi_mixed,13,7,0.9411247803163445,0.0029430162938250265
n12o_limit_cycle_genus0,qlogehvi_mixed,13,8,0.9411247803163445,0.0029430162938250265
n12o_limit_cycle_genus0,qlogehvi_mixed,13,9,0.9411247803163445,0.0029430162938250265
n12o_limit_cycle_genus0,qlogehvi_mixed,13,10,0.9411247803163445,0.0029430162938250265
n12o_limit_cycle_genus0,qlogehvi_mixed,13,11,0.9411247803163445,0.0029430162938250265
n12o_limit_cycle_genus0,qlogehvi_mixed,13,12,0.9411247803163445,0.0029430162938250265
n12o_limit_cycle_genus0,qlogehvi_mixed,13,13,0.9411247803163445,0.0029430162938250265
n12o_limit_cycle_genus0,qlogehvi_mixed,13,14,0.9411247803163445,0.0029430162938250265
n12o_limit_cycle_genus0,qlogehvi_mixed,13,15,0.9411247803163445,0.0029430162938250265
n12o_limit_cycle_genus0,qlogehvi_mixed,13,16,0.9411247803163445,0.0029430162938250265
n12o_limit_cycle_genus0,qlogehvi_mixed,13,17,0.9411247803163445,0.0029430162938250265
n12o_limit_cycle_genus0,qlogehvi_mixed,13,18,0.9411247803163445,0.0029430162938250265
n12o_limit_cycle_genus0,qlogehvi_mixed,13,19,0.9411247803163445,0.0029430162938250265
n12o_limit_cycle_genus0,qlogehvi_mixed,13,20,0.9411247803163445,0.0029430162938250265
n12o_limit_cycle_genus0,qlogehvi_mixed_seed,11,1,0.842441903449557,0.10003871045291332
n12o_limit_cycle_genus0,qlogehvi_mixed_seed,11,2,0.9282867051273843,0.015416114291251065
n12o_limit_cycle_genus0,qlogehvi_mixed_seed,11,3,0.9286469146492562,0.015416114291251065
n12o_limit_cycle_genus0,qlogehvi_mixed_seed,11,4,0.9286469146492562,0.015416114291251065
n12o_limit_cycle_genus0,qlogehvi_mixed_seed,11,5,0.936436884512086,0.007630912098083552
n12o_limit_cycle_genus0,qlogehvi_mixed_seed,11,6,0.936436884512086,0.007630912098083552
n12o_limit_cycle_genus0,qlogehvi_mixed_seed,11,7,0.936436884512086,0.007630912098083552
n12o_limit_cycle_genus0,qlogehvi_mixed_seed,11,8,0.936436884512086,0.007630912098083552
n12o_limit_cycle_genus0,qlogehvi_mixed_seed,11,9,0.936436884512086,0.007630912098083552
n12o_limit_cycle_genus0,qlogehvi_mixed_seed,11,10,0.936436884512086,0.007630912098083552
n12o_limit_cycle_genus0,qlogehvi_mixed_seed,11,11,0.936436884512086,0.007630912098083552
n12o_limit_cycle_genus0,qlogehvi_mixed_seed,11,12,0.936436884512086,0.007630912098083552
n12o_limit_cycle_genus0,qlogehvi_mixed_seed,11,13,0.936436884512086,0.007630912098083552
n12o_limit_cycle_genus0,qlogehvi_mixed_seed,11,14,0.936436884512086,0.007630912098083552
n12o_limit_cycle_genus0,qlogehvi_mixed_seed,11,15,0.936436884512086,0.007630912098083552
n12o_limit_cycle_genus0,qlogehvi_mixed_seed,11,16,0.936436884512086,0.007630912098083552
n12o_limit_cycle_genus0,qlogehvi_mixed_seed,11,17,0.936436884512086,0.007630912098083552
n12o_limit_cycle_genus0,qlogehvi_mixed_seed,11,18,0.936436884512086,0.007630912098083552
n12o_limit_cycle_genus0,qlogehvi_mixed_seed,11,19,0.936436884512086,0.007630912098083552
n12o_limit_cycle_genus0,qlogehvi_mixed_seed,11,20,0.938015223434369,0.006107442512659457
n12o_limit_cycle_genus0,qlogehvi_mixed_seed,12,1,0.842441903449557,0.10003871045291332
n12o_limit_cycle_genus0,qlogehvi_mixed_seed,12,2,0.8424564594418315,0.10003871045291332
n12o_limit_cycle_genus0,qlogehvi_mixed_seed,12,3,0.8426390513500192,0.10003871045291332
n12o_limit_cycle_genus0,qlogehvi_mixed_seed,12,4,0.9228451334825755,0.020389361033462398
n12o_limit_cycle_genus0,qlogehvi_mixed_seed,12,5,0.9230287212853108,0.020389361033462398
n12o_limit_cycle_genus0,qlogehvi_mixed_seed,12,6,0.9230287212853108,0.020389361033462398
n12o_limit_cycle_genus0,qlogehvi_mixed_seed,12,7,0.9230287212853108,0.020389361033462398
n12o_limit_cycle_genus0,qlogehvi_mixed_seed,12,8,0.9296703296703297,0.014397466939839822
n12o_limit_cycle_genus0,qlogehvi_mixed_seed,12,9,0.9296703296703297,0.014397466939839822
n12o_limit_cycle_genus0,qlogehvi_mixed_seed,12,10,0.9296703296703297,0.014397466939839822
n12o_limit_cycle_genus0,qlogehvi_mixed_seed,12,11,0.9296703296703297,0.014397466939839822
n12o_limit_cycle_genus0,qlogehvi_mixed_seed,12,12,0.9296703296703297,0.014397466939839822
n12o_limit_cycle_genus0,qlogehvi_mixed_seed,12,13,0.9296703296703297,0.014397466939839822
n12o_limit_cycle_genus0,qlogehvi_mixed_seed,12,14,0.9296703296703297,0.014397466939839822
n12o_limit_cycle_genus0,qlogehvi_mixed_seed,12,15,0.9296703296703297,0.014397466939839822
n12o_limit_cycle_genus0,qlogehvi_mixed_seed,12,16,0.9296703296703297,0.014397466939839822
n12o_limit_cycle_genus0,qlogehvi_mixed_seed,12,17,0.9296703296703297,0.014397466939839822
n12o_limit_cycle_genus0,qlogehvi_mixed_seed,12,18,0.9296703296703297,0.014397466939839822
n12o_limit_cycle_genus0,qlogehvi_mixed_seed,12,19,0.9296703296703297,0.014397466939839822
n12o_limit_cycle_genus0,qlogehvi_mixed_seed,12,20,0.9305628616517623,0.01350493495840726
n12o_limit_cycle_genus0,qlogehvi_mixed_seed,13,1,0.842441903449557,0.10003871045291332
n12o_limit_cycle_genus0,qlogehvi_mixed_seed,13,2,0.842441903449557,0.10003871045291332
n12o_limit_cycle_genus0,qlogehvi_mixed_seed,13,3,0.905829596412556,0.03823820019761343
n12o_limit_cycle_genus0,qlogehvi_mixed_seed,13,4,0.905829596412556,0.03823820019761343
n12o_limit_cycle_genus0,qlogehvi_mixed_seed,13,5,0.9265905383360522,0.017477258274117287
n12o_limit_cycle_genus0,qlogehvi_mixed_seed,13,6,0.9265905383360522,0.017477258274117287
n12o_limit_cycle_genus0,qlogehvi_mixed_seed,13,7,0.9399438524560381,0.004744205819659867
n12o_limit_cycle_genus0,qlogehvi_mixed_seed,13,8,0.9399438524560381,0.004744205819659867
n12o_limit_cycle_genus0,qlogehvi_mixed_seed,13,9,0.9399438524560381,0.004744205819659867
n12o_limit_cycle_genus0,qlogehvi_mixed_seed,13,10,0.9399438524560381,0.004744205819659867
n12o_limit_cycle_genus0,qlogehvi_mixed_seed,13,11,0.9399438524560381,0.004744205819659867
n12o_limit_cycle_genus0,qlogehvi_mixed_seed,13,12,0.9399438524560381,0.004744205819659867
n12o_limit_cycle_genus0,qlogehvi_mixed_seed,13,13,0.9399438524560381,0.004744205819659867
n12o_limit_cycle_genus0,qlogehvi_mixed_seed,13,14,0.9399438524560381,0.004744205819659867
n12o_limit_cycle_genus0,qlogehvi_mixed_seed,13,15,0.9399438524560381,0.004744205819659867
n12o_limit_cycle_genus0,qlogehvi_mixed_seed,13,16,0.9440677966101695,0.0
n12o_limit_cycle_genus0,qlogehvi_mixed_seed,13,17,0.9440677966101695,0.0
n12o_limit_cycle_genus0,qlogehvi_mixed_seed,13,18,0.9440677966101695,0.0
n12o_limit_cycle_genus0,qlogehvi_mixed_seed,13,19,0.9440677966101695,0.0
n12o_limit_cycle_genus0,qlogehvi_mixed_seed,13,20,0.9440677966101695,0.0
n12o_limit_cycle_genus0,random,11,1,0.8552034750800183,0.08729731717727254
n12o_limit_cycle_genus0,random,11,2,0.9282867051273843,0.015416114291251065
n12o_limit_cycle_genus0,random,11,3,0.9286469146492562,0.015416114291251065
n12o_limit_cycle_genus0,random,11,4,0.9286469146492562,0.015416114291251065
n12o_limit_cycle_genus0,random,11,5,0.9286469146492562,0.015416114291251065
n12o_limit_cycle_genus0,random,11,6,0.9286469146492562,0.015416114291251065
n12o_limit_cycle_genus0,random,11,7,0.9286469146492562,0.015416114291251065
n12o_limit_cycle_genus0,random,11,8,0.9286469146492562,0.015416114291251065
n12o_limit_cycle_genus0,random,11,9,0.9286469146492562,0.015416114291251065
n12o_limit_cycle_genus0,random,11,10,0.9286567734690137,0.015416114291251065
n12o_limit_cycle_genus0,random,11,11,0.9286567734690137,0.015416114291251065
n12o_limit_cycle_genus0,random,11,12,0.9286567734690137,0.015416114291251065
n12o_limit_cycle_genus0,random,11,13,0.9286567734690137,0.015416114291251065
n12o_limit_cycle_genus0,random,11,14,0.9286567734690137,0.015416114291251065
n12o_limit_cycle_genus0,random,11,15,0.9286567734690137,0.015416114291251065
n12o_limit_cycle_genus0,random,11,16,0.9286567734690137,0.015416114291251065
n12o_limit_cycle_genus0,random,11,17,0.9286567734690137,0.015416114291251065
n12o_limit_cycle_genus0,random,11,18,0.9286567734690137,0.015416114291251065
n12o_limit_cycle_genus0,random,11,19,0.9286567734690137,0.015416114291251065
n12o_limit_cycle_genus0,random,11,20,0.9286567734690137,0.015416114291251065
n12o_limit_cycle_genus0,random,12,1,0.915041006943687,0.02863309278942528
n12o_limit_cycle_genus0,random,12,2,0.915041006943687,0.02863309278942528
n12o_limit_cycle_genus0,random,12,3,0.915041006943687,0.02863309278942528
n12o_limit_cycle_genus0,random,12,4,0.923294800418542,0.020389361033462398
n12o_limit_cycle_genus0,random,12,5,0.9236570799791086,0.020389361033462398
n12o_limit_cycle_genus0,random,12,6,0.9236570799791086,0.020389361033462398
n12o_limit_cycle_genus0,random,12,7,0.9236570799791086,0.020389361033462398
n12o_limit_cycle_genus0,random,12,8,0.9236570799791086,0.020389361033462398
n12o_limit_cycle_genus0,random,12,9,0.9236570799791086,0.020389361033462398
n12o_limit_cycle_genus0,random,12,10,0.9236570799791086,0.020389361033462398
n12o_limit_cycle_genus0,random,12,11,0.9236570799791086,0.020389361033462398
n12o_limit_cycle_genus0,random,12,12,0.9236570799791086,0.020389361033462398
n12o_limit_cycle_genus0,random,12,13,0.9236570799791086,0.020389361033462398
n12o_limit_cycle_genus0,random,12,14,0.9236570799791086,0.020389361033462398
n12o_limit_cycle_genus0,random,12,15,0.9247340311573823,0.019415497911505673
n12o_limit_cycle_genus0,random,12,16,0.9247340311573823,0.019415497911505673
n12o_limit_cycle_genus0,random,12,17,0.9247340311573823,0.019415497911505673
n12o_limit_cycle_genus0,random,12,18,0.9247529727786012,0.019415497911505673
n12o_limit_cycle_genus0,random,12,19,0.9247529727786012,0.019415497911505673
n12o_limit_cycle_genus0,random,12,20,0.9247529727786012,0.019415497911505673
n12o_limit_cycle_genus0,random,13,1,0.8090535830024432,0.1332421287300243
n12o_limit_cycle_genus0,random,13,2,0.8150468064714252,0.12725152475070411
n12o_limit_cycle_genus0,random,13,3,0.905829596412556,0.03823820019761343
n12o_limit_cycle_genus0,random,13,4,0.905829596412556,0.03823820019761343
n12o_limit_cycle_genus0,random,13,5,0.905829596412556,0.03823820019761343
n12o_limit_cycle_genus0,random,13,6,0.905829596412556,0.03823820019761343
n12o_limit_cycle_genus0,random,13,7,0.905829596412556,0.03823820019761343
n12o_limit_cycle_genus0,random,13,8,0.9084036366512042,0.03567018508995358
n12o_limit_cycle_genus0,random,13,9,0.9084036366512042,0.03567018508995358
n12o_limit_cycle_genus0,random,13,10,0.9084036366512042,0.03567018508995358
n12o_limit_cycle_genus0,random,13,11,0.9084036366512042,0.03567018508995358
n12o_limit_cycle_genus0,random,13,12,0.9084036366512042,0.03567018508995358
n12o_limit_cycle_genus0,random,13,13,0.9084036366512042,0.03567018508995358
n12o_limit_cycle_genus0,random,13,14,0.9351585014409222,0.008909295169247301
n12o_limit_cycle_genus0,random,13,15,0.9351585014409222,0.008909295169247301
n12o_limit_cycle_genus0,random,13,16,0.9351585014409222,0.008909295169247301
n12o_limit_cycle_genus0,random,13,17,0.9351585014409222,0.008909295169247301
n12o_limit_cycle_genus0,random,13,18,0.9351585014409222,0.008909295169247301
n12o_limit_cycle_genus0,random,13,19,0.9351585014409222,0.008909295169247301
n12o_limit_cycle_genus0,random,13,20,0.9351585014409222,0.008909295169247301
n12o_limit_cycle_genus0,random_seed,11,1,0.842441903449557,0.10003871045291332
n12o_limit_cycle_genus0,random_seed,11,2,0.9282867051273843,0.015416114291251065
n12o_limit_cycle_genus0,random_seed,11,3,0.9286469146492562,0.015416114291251065
n12o_limit_cycle_genus0,random_seed,11,4,0.9286469146492562,0.015416114291251065
n12o_limit_cycle_genus0,random_seed,11,5,0.9286469146492562,0.015416114291251065
n12o_limit_cycle_genus0,random_seed,11,6,0.9286469146492562,0.015416114291251065
n12o_limit_cycle_genus0,random_seed,11,7,0.9286469146492562,0.015416114291251065
n12o_limit_cycle_genus0,random_seed,11,8,0.9286469146492562,0.015416114291251065
n12o_limit_cycle_genus0,random_seed,11,9,0.9286469146492562,0.015416114291251065
n12o_limit_cycle_genus0,random_seed,11,10,0.9286567734690137,0.015416114291251065
n12o_limit_cycle_genus0,random_seed,11,11,0.9286567734690137,0.015416114291251065
n12o_limit_cycle_genus0,random_seed,11,12,0.9286567734690137,0.015416114291251065
n12o_limit_cycle_genus0,random_seed,11,13,0.9286567734690137,0.015416114291251065
n12o_limit_cycle_genus0,random_seed,11,14,0.9286567734690137,0.015416114291251065
n12o_limit_cycle_genus0,random_seed,11,15,0.9286567734690137,0.015416114291251065
n12o_limit_cycle_genus0,random_seed,11,16,0.9286567734690137,0.015416114291251065
n12o_limit_cycle_genus0,random_seed,11,17,0.9286567734690137,0.015416114291251065
n12o_limit_cycle_genus0,random_seed,11,18,0.9286567734690137,0.015416114291251065
n12o_limit_cycle_genus0,random_seed,11,19,0.9286567734690137,0.015416114291251065
n12o_limit_cycle_genus0,random_seed,11,20,0.9286567734690137,0.015416114291251065
n12o_limit_cycle_genus0,random_seed,12,1,0.842441903449557,0.10003871045291332
n12o_limit_cycle_genus0,random_seed,12,2,0.8424564594418315,0.10003871045291332
n12o_limit_cycle_genus0,random_seed,12,3,0.8426390513500192,0.10003871045291332
n12o_limit_cycle_genus0,random_seed,12,4,0.9228451334825755,0.020389361033462398
n12o_limit_cycle_genus0,random_seed,12,5,0.9236177731742903,0.020389361033462398
n12o_limit_cycle_genus0,random_seed,12,6,0.9236177731742903,0.020389361033462398
n12o_limit_cycle_genus0,random_seed,12,7,0.9236306594456001,0.020389361033462398
n12o_limit_cycle_genus0,random_seed,12,8,0.9236306594456001,0.020389361033462398
n12o_limit_cycle_genus0,random_seed,12,9,0.9236306594456001,0.020389361033462398
n12o_limit_cycle_genus0,random_seed,12,10,0.9236306594456001,0.020389361033462398
n12o_limit_cycle_genus0,random_seed,12,11,0.9236306594456001,0.020389361033462398
n12o_limit_cycle_genus0,random_seed,12,12,0.9236348531513587,0.020389361033462398
n12o_limit_cycle_genus0,random_seed,12,13,0.9236348531513587,0.020389361033462398
n12o_limit_cycle_genus0,random_seed,12,14,0.9236348531513587,0.020389361033462398
n12o_limit_cycle_genus0,random_seed,12,15,0.9247118043296324,0.019415497911505673
n12o_limit_cycle_genus0,random_seed,12,16,0.9247118043296324,0.019415497911505673
n12o_limit_cycle_genus0,random_seed,12,17,0.9247118043296324,0.019415497911505673
n12o_limit_cycle_genus0,random_seed,12,18,0.9247406760126179,0.019415497911505673
n12o_limit_cycle_genus0,random_seed,12,19,0.9247406760126179,0.019415497911505673
n12o_limit_cycle_genus0,random_seed,12,20,0.9247406760126179,0.019415497911505673
n12o_limit_cycle_genus0,random_seed,13,1,0.842441903449557,0.10003871045291332
n12o_limit_cycle_genus0,random_seed,13,2,0.842441903449557,0.10003871045291332
n12o_limit_cycle_genus0,random_seed,13,3,0.905829596412556,0.03823820019761343
n12o_limit_cycle_genus0,random_seed,13,4,0.905829596412556,0.03823820019761343
n12o_limit_cycle_genus0,random_seed,13,5,0.905829596412556,0.03823820019761343
n12o_limit_cycle_genus0,random_seed,13,6,0.905829596412556,0.03823820019761343
n12o_limit_cycle_genus0,random_seed,13,7,0.905829596412556,0.03823820019761343
n12o_limit_cycle_genus0,random_seed,13,8,0.9084036366512042,0.03567018508995358
n12o_limit_cycle_genus0,random_seed,13,9,0.9084036366512042,0.03567018508995358
n12o_limit_cycle_genus0,random_seed,13,10,0.9084036366512042,0.03567018508995358
n12o_limit_cycle_genus0,random_seed,13,11,0.9084036366512042,0.03567018508995358
n12o_limit_cycle_genus0,random_seed,13,12,0.9084036366512042,0.03567018508995358
n12o_limit_cycle_genus0,random_seed,13,13,0.9084036366512042,0.03567018508995358
n12o_limit_cycle_genus0,random_seed,13,14,0.9351585014409222,0.008909295169247301
n12o_limit_cycle_genus0,random_seed,13,15,0.9351585014409222,0.008909295169247301
n12o_limit_cycle_genus0,random_seed,13,16,0.9351585014409222,0.008909295169247301
n12o_limit_cycle_genus0,random_seed,13,17,0.9351585014409222,0.008909295169247301
n12o_limit_cycle_genus0,random_seed,13,18,0.9351585014409222,0.008909295169247301
n12o_limit_cycle_genus0,random_seed,13,19,0.9351585014409222,0.008909295169247301
n12o_limit_cycle_genus0,random_seed,13,20,0.9351585014409222,0.008909295169247301
s09o_bridge,parego,11,1,0.8562482136354123,0.11026463640441779
s09o_bridge,parego,11,2,0.917590027700831,0.05015190778303995
s09o_bridge,parego,11,3,0.917590027700831,0.05015190778303995
s09o_bridge,parego,11,4,0.917590027700831,0.05015190778303995
s09o_bridge,parego,11,5,0.917590027700831,0.05015190778303995
s09o_bridge,parego,11,6,0.917590027700831,0.05015190778303995
s09o_bridge,parego,11,7,0.917590027700831,0.05015190778303995
s09o_bridge,parego,11,8,0.917590027700831,0.05015190778303995
s09o_bridge,parego,11,9,0.917590027700831,0.05015190778303995
s09o_bridge,parego,11,10,0.9335863377609108,0.034155597722960146
s09o_bridge,parego,11,11,0.9335863377609108,0.034155597722960146
s09o_bridge,parego,11,12,0.9335863377609108,0.034155597722960146
s09o_bridge,parego,11,13,0.9335863377609108,0.034155597722960146
s09o_bridge,parego,11,14,0.9335863377609108,0.034155597722960146
s09o_bridge,parego,11,15,0.9335863377609108,0.034155597722960146
s09o_bridge,parego,11,16,0.9335863377609108,0.034155597722960146
s09o_bridge,parego,11,17,0.9335863377609108,0.034155597722960146
s09o_bridge,parego,11,18,0.9335863377609108,0.034155597722960146
s09o_bridge,parego,11,19,0.9335863377609108,0.034155597722960146
s09o_bridge,parego,11,20,0.9335863377609108,0.034155597722960146
s09o_bridge,parego,12,1,0.8891268691628291,0.07798144140797805
s09o_bridge,parego,12,2,0.9105052065274101,0.05658701481449632
s09o_bridge,parego,12,3,0.9105052065274101,0.05658701481449632
s09o_bridge,parego,12,4,0.9234869224596415,0.04359758214654501
s09o_bridge,parego,12,5,0.9234869224596415,0.04359758214654501
s09o_bridge,parego,12,6,0.9241355564037292,0.04359758214654501
s09o_bridge,parego,12,7,0.9241355564037292,0.04359758214654501
s09o_bridge,parego,12,8,0.9241355564037292,0.04359758214654501
s09o_bridge,parego,12,9,0.9315746084089036,0.03616732707496742
s09o_bridge,parego,12,10,0.9441860465116279,0.02355588897224306
s09o_bridge,parego,12,11,0.9441860465116279,0.02355588897224306
s09o_bridge,parego,12,12,0.9441860465116279,0.02355588897224306
s09o_bridge,parego,12,13,0.9441860465116279,0.02355588897224306
s09o_bridge,parego,12,14,0.9441860465116279,0.02355588897224306
s09o_bridge,parego,12,15,0.9441860465116279,0.02355588897224306
s09o_bridge,parego,12,16,0.9441860465116279,0.02355588897224306
s09o_bridge,parego,12,17,0.9441860465116279,0.02355588897224306
s09o_bridge,parego,12,18,0.9441860465116279,0.02355588897224306
s09o_bridge,parego,12,19,0.9441860465116279,0.02355588897224306
s09o_bridge,parego,12,20,0.9441860465116279,0.02355588897224306
s09o_bridge,parego,13,1,0.8516820689727052,0.11409301297484171
s09o_bridge,parego,13,2,0.8528194929075373,0.11409301297484171
s09o_bridge,parego,13,3,0.8529634711941749,0.11409301297484171
s09o_bridge,parego,13,4,0.9141882880890072,0.052779434387947036
s09o_bridge,parego,13,5,0.9141882880890072,0.052779434387947036
s09o_bridge,parego,13,6,0.9652605459057072,0.0024813895781637743
s09o_bridge,parego,13,7,0.9652605459057072,0.0024813895781637743
s09o_bridge,parego,13,8,0.9652605459057072,0.0024813895781637743
s09o_bridge,parego,13,9,0.9652605459057072,0.0024813895781637743
s09o_bridge,parego,13,10,0.9652605459057072,0.0024813895781637743
s09o_bridge,parego,13,11,0.9652605459057072,0.0024813895781637743
s09o_bridge,parego,13,12,0.9652605459057072,0.0024813895781637743
s09o_bridge,parego,13,13,0.9652605459057072,0.0024813895781637743
s09o_bridge,parego,13,14,0.9652605459057072,0.0024813895781637743
s09o_bridge,parego,13,15,0.9652605459057072,0.0024813895781637743
s09o_bridge,parego,13,16,0.9652605459057072,0.0024813895781637743
s09o_bridge,parego,13,17,0.9652605459057072,0.0024813895781637743
s09o_bridge,parego,13,18,0.967741935483871,0.0
s09o_bridge,parego,13,19,0.967741935483871,0.0
s09o_bridge,parego,13,20,0.967741935483871,0.0
s09o_bridge,parego_seed,11,1,0.8653623032066812,0.10090683388226991
s09o_bridge,parego_seed,11,2,0.917590027700831,0.05015190778303995
s09o_bridge,parego_seed,11,3,0.917590027700831,0.05015190778303995
s09o_bridge,parego_seed,11,4,0.917590027700831,0.05015190778303995
s09o_bridge,parego_seed,11,5,0.917590027700831,0.05015190778303995
s09o_bridge,parego_seed,11,6,0.917590027700831,0.05015190778303995
s09o_bridge,parego_seed,11,7,0.917590027700831,0.05015190778303995
s09o_bridge,parego_seed,11,8,0.917590027700831,0.05015190778303995
s09o_bridge,parego_seed,11,9,0.917590027700831,0.05015190778303995
s09o_bridge,parego_seed,11,10,0.9335863377609108,0.034155597722960146
s09o_bridge,parego_seed,11,11,0.9335863377609108,0.034155597722960146
s09o_bridge,parego_seed,11,12,0.9335863377609108,0.034155597722960146
s09o_bridge,parego_seed,11,13,0.9571788413098237,0.010563094174047293
s09o_bridge,parego_seed,11,14,0.9571788413098237,0.010563094174047293
s09o_bridge,parego_seed,11,15,0.9571788413098237,0.010563094174047293
s09o_bridge,parego_seed,11,16,0.9571788413098237,0.010563094174047293
s09o_bridge,parego_seed,11,17,0.9571788413098237,0.010563094174047293
s09o_bridge,parego_seed,11,18,0.9571788413098237,0.010563094174047293
s09o_bridge,parego_seed,11,19,0.9571788413098237,0.010563094174047293
s09o_bridge,parego_seed,11,20,0.9604166666666667,0.0073252688172043
s09o_bridge,parego_seed,12,1,0.8653623032066812,0.10090683388226991
s09o_bridge,parego_seed,12,2,0.9099445882521298,0.05658701481449632
s09o_bridge,parego_seed,12,3,0.9099445882521298,0.05658701481449632
s09o_bridge,parego_seed,12,4,0.9233922695935162,0.04359758214654501
s09o_bridge,parego_seed,12,5,0.9233922695935162,0.04359758214654501
s09o_bridge,parego_seed,12,6,0.9241355564037292,0.04359758214654501
s09o_bridge,parego_seed,12,7,0.9241355564037292,0.04359758214654501
s09o_bridge,parego_seed,12,8,0.9241355564037292,0.04359758214654501
s09o_bridge,parego_seed,12,9,0.958139534883721,0.009602400600150038
s09o_bridge,parego_seed,12,10,0.958139534883721,0.009602400600150038
s09o_bridge,parego_seed,12,11,0.958139534883721,0.009602400600150038
s09o_bridge,parego_seed,12,12,0.958139534883721,0.009602400600150038
s09o_bridge,parego_seed,12,13,0.958139534883721,0.009602400600150038
s09o_bridge,parego_seed,12,14,0.958139534883721,0.009602400600150038
s09o_bridge,parego_seed,12,15,0.958139534883721,0.009602400600150038
s09o_bridge,parego_seed,12,16,0.958139534883721,0.009602400600150038
s09o_bridge,parego_seed,12,17,0.958139534883721,0.009602400600150038
s09o_bridge,parego_seed,12,18,0.958139534883721,0.009602400600150038
s09o_bridge,parego_seed,12,19,0.958139534883721,0.009602400600150038
s09o_bridge,parego_seed,12,20,0.958139534883721,0.009602400600150038
s09o_bridge,parego_seed,13,1,0.8653623032066812,0.10090683388226991
s09o_bridge,parego_seed,13,2,0.8659813846006981,0.10090683388226991
s09o_bridge,parego_seed,13,3,0.8661181425330039,0.10090683388226991
s09o_bridge,parego_seed,13,4,0.9141882880890072,0.052779434387947036
s09o_bridge,parego_seed,13,5,0.9141899333269923,0.052779434387947036
s09o_bridge,parego_seed,13,6,0.9141899333269923,0.052779434387947036
s09o_bridge,parego_seed,13,7,0.9141899333269923,0.052779434387947036
s09o_bridge,parego_seed,13,8,0.9335863377609108,0.034155597722960146
s09o_bridge,parego_seed,13,9,0.9335863377609108,0.034155597722960146
s09o_bridge,parego_seed,13,10,0.9335863377609108,0.034155597722960146
s09o_bridge,parego_seed,13,11,0.9335863377609108,0.034155597722960146
s09o_bridge,parego_seed,13,12,0.9335863377609108,0.034155597722960146
s09o_bridge,parego_seed,13,13,0.9335863377609108,0.034155597722960146
s09o_bridge,parego_seed,13,14,0.9335863377609108,0.034155597722960146
s09o_bridge,parego_seed,13,15,0.9335863377609108,0.034155597722960146
s09o_bridge,parego_seed,13,16,0.9335863377609108,0.034155597722960146
s09o_bridge,parego_seed,13,17,0.9335863377609108,0.034155597722960146
s09o_bridge,parego_seed,13,18,0.9335863377609108,0.034155597722960146
s09o_bridge,parego_seed,13,19,0.9335863377609108,0.034155597722960146
s09o_bridge,parego_seed,13,20,0.9335863377609108,0.034155597722960146
s09o_bridge,qlogehvi_mixed,11,1,0.8562482136354123,0.11026463640441779
s09o_bridge,qlogehvi_mixed,11,2,0.917590027700831,0.05015190778303995
s09o_bridge,qlogehvi_mixed,11,3,0.917590027700831,0.05015190778303995
s09o_bridge,qlogehvi_mixed,11,4,0.917590027700831,0.05015190778303995
s09o_bridge,qlogehvi_mixed,11,5,0.9285333333333333,0.03920860215053763
s09o_bridge,qlogehvi_mixed,11,6,0.9285333333333333,0.03920860215053763
s09o_bridge,qlogehvi_mixed,11,7,0.9349874239636533,0.032756944685094526
s09o_bridge,qlogehvi_mixed,11,8,0.9349874239636533,0.032756944685094526
s09o_bridge,qlogehvi_mixed,11,9,0.9349874239636533,0.032756944685094526
s09o_bridge,qlogehvi_mixed,11,10,0.9349874239636533,0.032756944685094526
s09o_bridge,qlogehvi_mixed,11,11,0.9349874239636533,0.032756944685094526
s09o_bridge,qlogehvi_mixed,11,12,0.9349874239636533,0.032756944685094526
s09o_bridge,qlogehvi_mixed,11,13,0.9349874239636533,0.032756944685094526
s09o_bridge,qlogehvi_mixed,11,14,0.9349874239636533,0.032756944685094526
s09o_bridge,qlogehvi_mixed,11,15,0.9349874239636533,0.032756944685094526
s09o_bridge,qlogehvi_mixed,11,16,0.9349874239636533,0.032756944685094526
s09o_bridge,qlogehvi_mixed,11,17,0.9349895023822148,0.032756944685094526
s09o_bridge,qlogehvi_mixed,11,18,0.9349895023822148,0.032756944685094526
s09o_bridge,qlogehvi_mixed,11,19,0.9351735675449603,0.0325683679389107
s09o_bridge,qlogehvi_mixed,11,20,0.9351735675449603,0.0325683679389107
s09o_bridge,qlogehvi_mixed,12,1,0.8891268691628291,0.07798144140797805
s09o_bridge,qlogehvi_mixed,12,2,0.9105052065274101,0.05658701481449632
s09o_bridge,qlogehvi_mixed,12,3,0.9105052065274101,0.05658701481449632
s09o_bridge,qlogehvi_mixed,12,4,0.9234869224596415,0.04359758214654501
s09o_bridge,qlogehvi_mixed,12,5,0.9234869224596415,0.04359758214654501
s09o_bridge,qlogehvi_mixed,12,6,0.9234869224596415,0.04359758214654501
s09o_bridge,qlogehvi_mixed,12,7,0.929829627490615,0.0379123079932559
s09o_bridge,qlogehvi_mixed,12,8,0.929829627490615,0.0379123079932559
s09o_bridge,qlogehvi_mixed,12,9,0.929829627490615,0.0379123079932559
s09o_bridge,qlogehvi_mixed,12,10,0.929829627490615,0.0379123079932559
s09o_bridge,qlogehvi_mixed,12,11,0.929829627490615,0.0379123079932559
s09o_bridge,qlogehvi_mixed,12,12,0.9299832350622826,0.037760230353321884
s09o_bridge,qlogehvi_mixed,12,13,0.9299832350622826,0.037760230353321884
s09o_bridge,qlogehvi_mixed,12,14,0.9299832350622826,0.037760230353321884
s09o_bridge,qlogehvi_mixed,12,15,0.9299832350622826,0.037760230353321884
s09o_bridge,qlogehvi_mixed,12,16,0.9299832350622826,0.037760230353321884
s09o_bridge,qlogehvi_mixed,12,17,0.9440203562340967,0.023721579249774277
s09o_bridge,qlogehvi_mixed,12,18,0.9440203562340967,0.023721579249774277
s09o_bridge,qlogehvi_mixed,12,19,0.9440203562340967,0.023721579249774277
s09o_bridge,qlogehvi_mixed,12,20,0.9440203562340967,0.023721579249774277
s09o_bridge,qlogehvi_mixed,13,1,0.8516820689727052,0.11409301297484171
s09o_bridge,qlogehvi_mixed,13,2,0.8528194929075373,0.11409301297484171
s09o_bridge,qlogehvi_mixed,13,3,0.8529634711941749,0.11409301297484171
s09o_bridge,qlogehvi_mixed,13,4,0.9141882880890072,0.052779434387947036
s09o_bridge,qlogehvi_mixed,13,5,0.9141882880890072,0.052779434387947036
s09o_bridge,qlogehvi_mixed,13,6,0.9141882880890072,0.052779434387947036
s09o_bridge,qlogehvi_mixed,13,7,0.9149676155855572,0.052779434387947036
s09o_bridge,qlogehvi_mixed,13,8,0.9149676155855572,0.052779434387947036
s09o_bridge,qlogehvi_mixed,13,9,0.9259004559132272,0.04183550812297139
s09o_bridge,qlogehvi_mixed,13,10,0.9259004559132272,0.04183550812297139
s09o_bridge,qlogehvi_mixed,13,11,0.9259004559132272,0.04183550812297139
s09o_bridge,qlogehvi_mixed,13,12,0.9259019373323332,0.04183550812297139
s09o_bridge,qlogehvi_mixed,13,13,0.9259019373323332,0.04183550812297139
s09o_bridge,qlogehvi_mixed,13,14,0.9259019373323332,0.04183550812297139
s09o_bridge,qlogehvi_mixed,13,15,0.9259019373323332,0.04183550812297139
s09o_bridge,qlogehvi_mixed,13,16,0.9259019373323332,0.04183550812297139
s09o_bridge,qlogehvi_mixed,13,17,0.9259019373323332,0.04183550812297139
s09o_bridge,qlogehvi_mixed,13,18,0.9259019373323332,0.04183550812297139
s09o_bridge,qlogehvi_mixed,13,19,0.9259019373323332,0.04183550812297139
s09o_bridge,qlogehvi_mixed,13,20,0.9259019373323332,0.04183550812297139
s09o_bridge,qlogehvi_mixed_seed,11,1,0.8653623032066812,0.10090683388226991
s09o_bridge,qlogehvi_mixed_seed,11,2,0.917590027700831,0.05015190778303995
s09o_bridge,qlogehvi_mixed_seed,11,3,0.917590027700831,0.05015190778303995
s09o_bridge,qlogehvi_mixed_seed,11,4,0.917590027700831,0.05015190778303995
s09o_bridge,qlogehvi_mixed_seed,11,5,0.917590027700831,0.05015190778303995
s09o_bridge,qlogehvi_mixed_seed,11,6,0.9241062336613901,0.043635015644763055
s09o_bridge,qlogehvi_mixed_seed,11,7,0.9241062336613901,0.043635015644763055
s09o_bridge,qlogehvi_mixed_seed,11,8,0.9262052220425017,0.04153820870015563
s09o_bridge,qlogehvi_mixed_seed,11,9,0.9262052220425017,0.04153820870015563
s09o_bridge,qlogehvi_mixed_seed,11,10,0.9264046616176765,0.04134917463258636
s09o_bridge,qlogehvi_mixed_seed,11,11,0.9264046616176765,0.04134917463258636
s09o_bridge,qlogehvi_mixed_seed,11,12,0.9264046616176765,0.04134917463258636
s09o_bridge,qlogehvi_mixed_seed,11,13,0.9264046616176765,0.04134917463258636
s09o_bridge,qlogehvi_mixed_seed,11,14,0.9300271077806734,0.03771357483043172
s09o_bridge,qlogehvi_mixed_seed,11,15,0.9300271077806734,0.03771357483043172
s09o_bridge,qlogehvi_mixed_seed,11,16,0.9300271077806734,0.03771357483043172
s09o_bridge,qlogehvi_mixed_seed,11,17,0.9300271077806734,0.03771357483043172
s09o_bridge,qlogehvi_mixed_seed,11,18,0.9324814996396428,0.03526018200096149
s09o_bridge,qlogehvi_mixed_seed,11,19,0.9324814996396428,0.03526018200096149
s09o_bridge,qlogehvi_mixed_seed,11,20,0.9324814996396428,0.03526018200096149
s09o_bridge,qlogehvi_mixed_seed,12,1,0.8653623032066812,0.10090683388226991
s09o_bridge,qlogehvi_mixed_seed,12,2,0.9099445882521298,0.05658701481449632
s09o_bridge,qlogehvi_mixed_seed,12,3,0.9099445882521298,0.05658701481449632
s09o_bridge,qlogehvi_mixed_seed,12,4,0.9233922695935162,0.04359758214654501
s09o_bridge,qlogehvi_mixed_seed,12,5,0.9233922695935162,0.04359758214654501
s09o_bridge,qlogehvi_mixed_seed,12,6,0.9233922695935162,0.04359758214654501
s09o_bridge,qlogehvi_mixed_seed,12,7,0.9233922695935162,0.04359758214654501
s09o_bridge,qlogehvi_mixed_seed,12,8,0.9233922695935162,0.04359758214654501
s09o_bridge,qlogehvi_mixed_seed,12,9,0.923696173219333,0.04359758214654501
s09o_bridge,qlogehvi_mixed_seed,12,10,0.923696173219333,0.04359758214654501
s09o_bridge,qlogehvi_mixed_seed,12,11,0.9285390645903147,0.03875223363685349
s09o_bridge,qlogehvi_mixed_seed,12,12,0.9285390645903147,0.03875223363685349
s09o_bridge,qlogehvi_mixed_seed,12,13,0.9289871369129714,0.03875223363685349
s09o_bridge,qlogehvi_mixed_seed,12,14,0.9289881972049239,0.03875223363685349
s09o_bridge,qlogehvi_mixed_seed,12,15,0.9289881972049239,0.03875223363685349
s09o_bridge,qlogehvi_mixed_seed,12,16,0.9289881972049239,0.03875223363685349
s09o_bridge,qlogehvi_mixed_seed,12,17,0.9289900157797186,0.03875223363685349
s09o_bridge,qlogehvi_mixed_seed,12,18,0.9596977329974811,0.00804420248638986
s09o_bridge,qlogehvi_mixed_seed,12,19,0.9596977329974811,0.00804420248638986
s09o_bridge,qlogehvi_mixed_seed,12,20,0.9614711033274956,0.006270832156375347
s09o_bridge,qlogehvi_mixed_seed,13,1,0.8653623032066812,0.10090683388226991
s09o_bridge,qlogehvi_mixed_seed,13,2,0.8659813846006981,0.10090683388226991
s09o_bridge,qlogehvi_mixed_seed,13,3,0.8661181425330039,0.10090683388226991
s09o_bridge,qlogehvi_mixed_seed,13,4,0.9141882880890072,0.052779434387947036
s09o_bridge,qlogehvi_mixed_seed,13,5,0.9141968454214182,0.052779434387947036
s09o_bridge,qlogehvi_mixed_seed,13,6,0.9141968454214182,0.052779434387947036
s09o_bridge,qlogehvi_mixed_seed,13,7,0.9142005705484634,0.052779434387947036
s09o_bridge,qlogehvi_mixed_seed,13,8,0.9143947127924869,0.052779434387947036
s09o_bridge,qlogehvi_mixed_seed,13,9,0.9384236453201971,0.029318290163673925
s09o_bridge,qlogehvi_mixed_seed,13,10,0.9384236453201971,0.029318290163673925
s09o_bridge,qlogehvi_mixed_seed,13,11,0.967741935483871,0.0
s09o_bridge,qlogehvi_mixed_seed,13,12,0.967741935483871,0.0
s09o_bridge,qlogehvi_mixed_seed,13,13,0.967741935483871,0.0
s09o_bridge,qlogehvi_mixed_seed,13,14,0.967741935483871,0.0
s09o_bridge,qlogehvi_mixed_seed,13,15,0.967741935483871,0.0
s09o_bridge,qlogehvi_mixed_seed,13,16,0.967741935483871,0.0
s09o_bridge,qlogehvi_mixed_seed,13,17,0.967741935483871,0.0
s09o_bridge,qlogehvi_mixed_seed,13,18,0.967741935483871,0.0
s09o_bridge,qlogehvi_mixed_seed,13,19,0.967741935483871,0.0
s09o_bridge,qlogehvi_mixed_seed,13,20,0.967741935483871,0.0
s09o_bridge,random,11,1,0.8562482136354123,0.11026463640441779
s09o_bridge,random,11,2,0.917590027700831,0.05015190778303995
s09o_bridge,random,11,3,0.917590027700831,0.05015190778303995
s09o_bridge,random,11,4,0.917590027700831,0.05015190778303995
s09o_bridge,random,11,5,0.917590027700831,0.05015190778303995
s09o_bridge,random,11,6,0.917590027700831,0.05015190778303995
s09o_bridge,random,11,7,0.917590027700831,0.05015190778303995
s09o_bridge,random,11,8,0.917590027700831,0.05015190778303995
s09o_bridge,random,11,9,0.917590027700831,0.05015190778303995
s09o_bridge,random,11,10,0.917590027700831,0.05015190778303995
s09o_bridge,random,11,11,0.917590027700831,0.05015190778303995
s09o_bridge,random,11,12,0.917590027700831,0.05015190778303995
s09o_bridge,random,11,13,0.917590027700831,0.05015190778303995
s09o_bridge,random,11,14,0.917590027700831,0.05015190778303995
s09o_bridge,random,11,15,0.917590027700831,0.05015190778303995
s09o_bridge,random,11,16,0.917590027700831,0.05015190778303995
s09o_bridge,random,11,17,0.917590027700831,0.05015190778303995
s09o_bridge,random,11,18,0.917590027700831,0.05015190778303995
s09o_bridge,random,11,19,0.917590027700831,0.05015190778303995
s09o_bridge,random,11,20,0.917590027700831,0.05015190778303995
s09o_bridge,random,12,1,0.8891268691628291,0.07798144140797805
s09o_bridge,random,12,2,0.9105052065274101,0.05658701481449632
s09o_bridge,random,12,3,0.9105052065274101,0.05658701481449632
s09o_bridge,random,12,4,0.9234869224596415,0.04359758214654501
s09o_bridge,random,12,5,0.9234869224596415,0.04359758214654501
s09o_bridge,random,12,6,0.9236187781356743,0.04359758214654501
s09o_bridge,random,12,7,0.9267048971240524,0.040509048198879
s09o_bridge,random,12,8,0.9267048971240524,0.040509048198879
s09o_bridge,random,12,9,0.9267048971240524,0.040509048198879
s09o_bridge,random,12,10,0.9267048971240524,0.040509048198879
s09o_bridge,random,12,11,0.9267048971240524,0.040509048198879
s09o_bridge,random,12,12,0.9267048971240524,0.040509048198879
s09o_bridge,random,12,13,0.9267048971240524,0.040509048198879
s09o_bridge,random,12,14,0.9267048971240524,0.040509048198879
s09o_bridge,random,12,15,0.9267048971240524,0.040509048198879
s09o_bridge,random,12,16,0.9272058247678371,0.040509048198879
s09o_bridge,random,12,17,0.9272058247678371,0.040509048198879
s09o_bridge,random,12,18,0.9272058247678371,0.040509048198879
s09o_bridge,random,12,19,0.9272058247678371,0.040509048198879
s09o_bridge,random,12,20,0.9272058247678371,0.040509048198879
s09o_bridge,random,13,1,0.8516820689727052,0.11409301297484171
s09o_bridge,random,13,2,0.8528194929075373,0.11409301297484171
s09o_bridge,random,13,3,0.8529634711941749,0.11409301297484171
s09o_bridge,random,13,4,0.9141882880890072,0.052779434387947036
s09o_bridge,random,13,5,0.9141882880890072,0.052779434387947036
s09o_bridge,random,13,6,0.9141882880890072,0.052779434387947036
s09o_bridge,random,13,7,0.9141882880890072,0.052779434387947036
s09o_bridge,random,13,8,0.9146635056188028,0.052779434387947036
s09o_bridge,random,13,9,0.9146635056188028,0.052779434387947036
s09o_bridge,random,13,10,0.9149644987157874,0.052779434387947036
s09o_bridge,random,13,11,0.9149644987157874,0.052779434387947036
s09o_bridge,random,13,12,0.9149700178640937,0.052779434387947036
s09o_bridge,random,13,13,0.9149700178640937,0.052779434387947036
s09o_bridge,random,13,14,0.9368904188181296,0.030851516665741305
s09o_bridge,random,13,15,0.9368904188181296,0.030851516665741305
s09o_bridge,random,13,16,0.9368904188181296,0.030851516665741305
s09o_bridge,random,13,17,0.9368904188181296,0.030851516665741305
s09o_bridge,random,13,18,0.9368904188181296,0.030851516665741305
s09o_bridge,random,13,19,0.9368904188181296,0.030851516665741305
s09o_bridge,random,13,20,0.9383818539024826,0.029360081581388385
s09o_bridge,random_seed,11,1,0.8653623032066812,0.10090683388226991
s09o_bridge,random_seed,11,2,0.917590027700831,0.05015190778303995
s09o_bridge,random_seed,11,3,0.917590027700831,0.05015190778303995
s09o_bridge,random_seed,11,4,0.917590027700831,0.05015190778303995
s09o_bridge,random_seed,11,5,0.917590027700831,0.05015190778303995
s09o_bridge,random_seed,11,6,0.917590027700831,0.05015190778303995
s09o_bridge,random_seed,11,7,0.917590027700831,0.05015190778303995
s09o_bridge,random_seed,11,8,0.917590027700831,0.05015190778303995
s09o_bridge,random_seed,11,9,0.917590027700831,0.05015190778303995
s09o_bridge,random_seed,11,10,0.917590027700831,0.05015190778303995
s09o_bridge,random_seed,11,11,0.917590027700831,0.05015190778303995
s09o_bridge,random_seed,11,12,0.917590027700831,0.05015190778303995
s09o_bridge,random_seed,11,13,0.917590027700831,0.05015190778303995
s09o_bridge,random_seed,11,14,0.917590027700831,0.05015190778303995
s09o_bridge,random_seed,11,15,0.917590027700831,0.05015190778303995
s09o_bridge,random_seed,11,16,0.917590027700831,0.05015190778303995
s09o_bridge,random_seed,11,17,0.917590027700831,0.05015190778303995
s09o_bridge,random_seed,11,18,0.917590027700831,0.05015190778303995
s09o_bridge,random_seed,11,19,0.917590027700831,0.05015190778303995
s09o_bridge,random_seed,11,20,0.917590027700831,0.05015190778303995
s09o_bridge,random_seed,12,1,0.8653623032066812,0.10090683388226991
s09o_bridge,random_seed,12,2,0.9099445882521298,0.05658701481449632
s09o_bridge,random_seed,12,3,0.9099445882521298,0.05658701481449632
s09o_bridge,random_seed,12,4,0.9233922695935162,0.04359758214654501
s09o_bridge,random_seed,12,5,0.9233922695935162,0.04359758214654501
s09o_bridge,random_seed,12,6,0.9236187781356743,0.04359758214654501
s09o_bridge,random_seed,12,7,0.9267048971240524,0.040509048198879
s09o_bridge,random_seed,12,8,0.9267048971240524,0.040509048198879
s09o_bridge,random_seed,12,9,0.9267048971240524,0.040509048198879
s09o_bridge,random_seed,12,10,0.9267048971240524,0.040509048198879
s09o_bridge,random_seed,12,11,0.9267048971240524,0.040509048198879
s09o_bridge,random_seed,12,12,0.9267048971240524,0.040509048198879
s09o_bridge,random_seed,12,13,0.9267048971240524,0.040509048198879
s09o_bridge,random_seed,12,14,0.9267048971240524,0.040509048198879
s09o_bridge,random_seed,12,15,0.9267048971240524,0.040509048198879
s09o_bridge,random_seed,12,16,0.9272058247678371,0.040509048198879
s09o_bridge,random_seed,12,17,0.9272058247678371,0.040509048198879
s09o_bridge,random_seed,12,18,0.9272058247678371,0.040509048198879
s09o_bridge,random_seed,12,19,0.9272058247678371,0.040509048198879
s09o_bridge,random_seed,12,20,0.9272058247678371,0.040509048198879
s09o_bridge,random_seed,13,1,0.8653623032066812,0.10090683388226991
s09o_bridge,random_seed,13,2,0.8659813846006981,0.10090683388226991
s09o_bridge,random_seed,13,3,0.8661181425330039,0.10090683388226991
s09o_bridge,random_seed,13,4,0.9141882880890072,0.052779434387947036
s09o_bridge,random_seed,13,5,0.9141882880890072,0.052779434387947036
s09o_bridge,random_seed,13,6,0.9141882880890072,0.052779434387947036
s09o_bridge,random_seed,13,7,0.9141882880890072,0.052779434387947036
s09o_bridge,random_seed,13,8,0.9146635056188028,0.052779434387947036
s09o_bridge,random_seed,13,9,0.9146635056188028,0.052779434387947036
s09o_bridge,random_seed,13,10,0.9149644987157874,0.052779434387947036
s09o_bridge,random_seed,13,11,0.9149644987157874,0.052779434387947036
s09o_bridge,random_seed,13,12,0.9149700178640937,0.052779434387947036
s09o_bridge,random_seed,13,13,0.9149700178640937,0.052779434387947036
s09o_bridge,random_seed,13,14,0.9368904188181296,0.030851516665741305
s09o_bridge,random_seed,13,15,0.9368904188181296,0.030851516665741305
s09o_bridge,random_seed,13,16,0.9368904188181296,0.030851516665741305
s09o_bridge,random_seed,13,17,0.9368904188181296,0.030851516665741305
s09o_bridge,random_seed,13,18,0.9368904188181296,0.030851516665741305
s09o_bridge,random_seed,13,19,0.9368904188181296,0.030851516665741305
s09o_bridge,random_seed,13,20,0.9383818539024826,0.029360081581388385
s12o_cube_rounded_1,parego,11,1,0.7719286652569525,0.1542566899971492
s12o_cube_rounded_1,parego,11,2,0.8814200475279258,0.04459528221664403
s12o_cube_rounded_1,parego,11,3,0.8817807585449506,0.04459528221664403
s12o_cube_rounded_1,parego,11,4,0.8817807585449506,0.04459528221664403
s12o_cube_rounded_1,parego,11,5,0.8817807585449506,0.04459528221664403
s12o_cube_rounded_1,parego,11,6,0.8817807585449506,0.04459528221664403
s12o_cube_rounded_1,parego,11,7,0.8817807585449506,0.04459528221664403
s12o_cube_rounded_1,parego,11,8,0.8817807585449506,0.04459528221664403
s12o_cube_rounded_1,parego,11,9,0.8817807585449506,0.04459528221664403
s12o_cube_rounded_1,parego,11,10,0.8817807585449506,0.04459528221664403
s12o_cube_rounded_1,parego,11,11,0.8817807585449506,0.04459528221664403
s12o_cube_rounded_1,parego,11,12,0.8817807585449506,0.04459528221664403
s12o_cube_rounded_1,parego,11,13,0.8817807585449506,0.04459528221664403
s12o_cube_rounded_1,parego,11,14,0.8988569136733442,0.02751132940354769
s12o_cube_rounded_1,parego,11,15,0.9169290511863162,0.009916385569876127
s12o_cube_rounded_1,parego,11,16,0.9169290511863162,0.009916385569876127
s12o_cube_rounded_1,parego,11,17,0.9171906471946981,0.009916385569876127
s12o_cube_rounded_1,parego,11,18,0.9171906471946981,0.009916385569876127
s12o_cube_rounded_1,parego,11,19,0.9171906471946981,0.009916385569876127
s12o_cube_rounded_1,parego,11,20,0.9274850772499215,0.004453917435387443
s12o_cube_rounded_1,parego,12,1,0.8677211679312218,0.058301314973302806
s12o_cube_rounded_1,parego,12,2,0.8677211679312218,0.058301314973302806
s12o_cube_rounded_1,parego,12,3,0.8677211679312218,0.058301314973302806
s12o_cube_rounded_1,parego,12,4,0.8864564985223655,0.040198979191622165
s12o_cube_rounded_1,parego,12,5,0.8864564985223655,0.040198979191622165
s12o_cube_rounded_1,parego,12,6,0.8864573778070164,0.040198979191622165
s12o_cube_rounded_1,parego,12,7,0.9159445700248257,0.010778770786624363
s12o_cube_rounded_1,parego,12,8,0.927214987238559,0.002947593653942263
s12o_cube_rounded_1,parego,12,9,0.927214987238559,0.002947593653942263
s12o_cube_rounded_1,parego,12,10,0.927214987238559,0.002947593653942263
s12o_cube_rounded_1,parego,12,11,0.927214987238559,0.002947593653942263
s12o_cube_rounded_1,parego,12,12,0.927214987238559,0.002947593653942263
s12o_cube_rounded_1,parego,12,13,0.9272284661674005,0.002501634329585478
s12o_cube_rounded_1,parego,12,14,0.9273224129097355,0.002501634329585478
s12o_cube_rounded_1,parego,12,15,0.9273224129097355,0.002501634329585478
s12o_cube_rounded_1,parego,12,16,0.9273224129097355,0.002501634329585478
s12o_cube_rounded_1,parego,12,17,0.9273224129097355,0.002501634329585478
s12o_cube_rounded_1,parego,12,18,0.9273224129097355,0.002501634329585478
s12o_cube_rounded_1,parego,12,19,0.9273224129097355,0.002501634329585478
s12o_cube_rounded_1,parego,12,20,0.9273224129097355,0.002501634329585478
s12o_cube_rounded_1,parego,13,1,0.7943412101512134,0.13054300716634443
s12o_cube_rounded_1,parego,13,2,0.7944535272444359,0.13054300716634443
s12o_cube_rounded_1,parego,13,3,0.7944535272444359,0.13054300716634443
s12o_cube_rounded_1,parego,13,4,0.8339103189922887,0.09105324278499079
s12o_cube_rounded_1,parego,13,5,0.8346928069852594,0.09105324278499079
s12o_cube_rounded_1,parego,13,6,0.837003754405283,0.08938930820417464
s12o_cube_rounded_1,parego,13,7,0.9324788269940751,0.005823910996310707
s12o_cube_rounded_1,parego,13,8,0.9324788269940751,0.005823910996310707
s12o_cube_rounded_1,parego,13,9,0.9324788269940751,0.005823910996310707
s12o_cube_rounded_1,parego,13,10,0.9324788269940751,0.005823910996310707
s12o_cube_rounded_1,parego,13,11,0.9324788269940751,0.005823910996310707
s12o_cube_rounded_1,parego,13,12,0.9324788269940751,0.005823910996310707
s12o_cube_rounded_1,parego,13,13,0.9324788269940751,0.005823910996310707
s12o_cube_rounded_1,parego,13,14,0.9324788269940751,0.005823910996310707
s12o_cube_rounded_1,parego,13,15,0.9324788269940751,0.005823910996310707
s12o_cube_rounded_1,parego,13,16,0.9324788269940751,0.005823910996310707
s12o_cube_rounded_1,parego,13,17,0.9324788269940751,0.005823910996310707
s12o_cube_rounded_1,parego,13,18,0.9326284557381692,0.0035103433472131163
s12o_cube_rounded_1,parego,13,19,0.9326284557381692,0.0035103433472131163
s12o_cube_rounded_1,parego,13,20,0.9326284557381692,0.0035103433472131163
s12o_cube_rounded_1,parego_seed,11,1,0.8075495455172972,0.11811493578643617
s12o_cube_rounded_1,parego_seed,11,2,0.8809826685413201,0.04459528221664403
s12o_cube_rounded_1,parego_seed,11,3,0.8817807585449506,0.04459528221664403
s12o_cube_rounded_1,parego_seed,11,4,0.8873424703943047,0.039059515622851426
s12o_cube_rounded_1,parego_seed,11,5,0.8873424703943047,0.039059515622851426
s12o_cube_rounded_1,parego_seed,11,6,0.8873424703943047,0.039059515622851426
s12o_cube_rounded_1,parego_seed,11,7,0.8873424703943047,0.039059515622851426
s12o_cube_rounded_1,parego_seed,11,8,0.8873424703943047,0.039059515622851426
s12o_cube_rounded_1,parego_seed,11,9,0.8873424703943047,0.039059515622851426
s12o_cube_rounded_1,parego_seed,11,10,0.8873424703943047,0.039059515622851426
s12o_cube_rounded_1,parego_seed,11,11,0.8873424703943047,0.039059515622851426
s12o_cube_rounded_1,parego_seed,11,12,0.8873424703943047,0.039059515622851426
s12o_cube_rounded_1,parego_seed,11,13,0.8873424703943047,0.039059515622851426
s12o_cube_rounded_1,parego_seed,11,14,0.8873424703943047,0.039059515622851426
s12o_cube_rounded_1,parego_seed,11,15,0.9169406680829111,0.009916385569876127
s12o_cube_rounded_1,parego_seed,11,16,0.9169406680829111,0.009916385569876127
s12o_cube_rounded_1,parego_seed,11,17,0.9172012620852494,0.009916385569876127
s12o_cube_rounded_1,parego_seed,11,18,0.9172012620852494,0.009916385569876127
s12o_cube_rounded_1,parego_seed,11,19,0.9172012620852494,0.009916385569876127
s12o_cube_rounded_1,parego_seed,11,20,0.9172012620852494,0.009916385569876127
s12o_cube_rounded_1,parego_seed,12,1,0.8075495455172972,0.11811493578643617
s12o_cube_rounded_1,parego_seed,12,2,0.8075495455172972,0.11811493578643617
s12o_cube_rounded_1,parego_seed,12,3,0.8075495455172972,0.11811493578643617
s12o_cube_rounded_1,parego_seed,12,4,0.8861582836782325,0.040198979191622165
s12o_cube_rounded_1,parego_seed,12,5,0.8861582836782325,0.040198979191622165
s12o_cube_rounded_1,parego_seed,12,6,0.8861604451444494,0.040198979191622165
s12o_cube_rounded_1,parego_seed,12,7,0.8862358408337946,0.040198979191622165
s12o_cube_rounded_1,parego_seed,12,8,0.8862358408337946,0.040198979191622165
s12o_cube_rounded_1,parego_seed,12,9,0.8862358408337946,0.040198979191622165
s12o_cube_rounded_1,parego_seed,12,10,0.8862358408337946,0.040198979191622165
s12o_cube_rounded_1,parego_seed,12,11,0.886243556159163,0.040198979191622165
s12o_cube_rounded_1,parego_seed,12,12,0.886243556159163,0.040198979191622165
s12o_cube_rounded_1,parego_seed,12,13,0.8989399224914206,0.02751132940354769
s12o_cube_rounded_1,parego_seed,12,14,0.9169721973359902,0.009916385569876127
s12o_cube_rounded_1,parego_seed,12,15,0.9169739955643488,0.009916385569876127
s12o_cube_rounded_1,parego_seed,12,16,0.9172047493364981,0.009916385569876127
s12o_cube_rounded_1,parego_seed,12,17,0.9172047493364981,0.009916385569876127
s12o_cube_rounded_1,parego_seed,12,18,0.9172047493364981,0.009916385569876127
s12o_cube_rounded_1,parego_seed,12,19,0.9172047493364981,0.009916385569876127
s12o_cube_rounded_1,parego_seed,12,20,0.9172047493364981,0.009916385569876127
s12o_cube_rounded_1,parego_seed,13,1,0.8075495455172972,0.11811493578643617
s12o_cube_rounded_1,parego_seed,13,2,0.8075495455172972,0.11811493578643617
s12o_cube_rounded_1,parego_seed,13,3,0.8075495455172972,0.11811493578643617
s12o_cube_rounded_1,parego_seed,13,4,0.8345615688453821,0.09105324278499079
s12o_cube_rounded_1,parego_seed,13,5,0.8349976937788683,0.09105324278499079
s12o_cube_rounded_1,parego_seed,13,6,0.840090941848881,0.08595653049496721
s12o_cube_rounded_1,parego_seed,13,7,0.8680709534368071,0.059058557654577945
s12o_cube_rounded_1,parego_seed,13,8,0.8680709534368071,0.059058557654577945
s12o_cube_rounded_1,parego_seed,13,9,0.8680709534368071,0.059058557654577945
s12o_cube_rounded_1,parego_seed,13,10,0.8680709534368071,0.059058557654577945
s12o_cube_rounded_1,parego_seed,13,11,0.8680709534368071,0.059058557654577945
s12o_cube_rounded_1,parego_seed,13,12,0.8680709534368071,0.059058557654577945
s12o_cube_rounded_1,parego_seed,13,13,0.917653292100075,0.009916385569876127
s12o_cube_rounded_1,parego_seed,13,14,0.917653292100075,0.009916385569876127
s12o_cube_rounded_1,parego_seed,13,15,0.917653292100075,0.009916385569876127
s12o_cube_rounded_1,parego_seed,13,16,0.917653292100075,0.009916385569876127
s12o_cube_rounded_1,parego_seed,13,17,0.917653292100075,0.009916385569876127
s12o_cube_rounded_1,parego_seed,13,18,0.9176760739385537,0.009916385569876127
s12o_cube_rounded_1,parego_seed,13,19,0.9176760739385537,0.009916385569876127
s12o_cube_rounded_1,parego_seed,13,20,0.9176760739385537,0.009916385569876127
s12o_cube_rounded_1,qlogehvi_mixed,11,1,0.7719286652569525,0.1542566899971492
s12o_cube_rounded_1,qlogehvi_mixed,11,2,0.8814200475279258,0.04459528221664403
s12o_cube_rounded_1,qlogehvi_mixed,11,3,0.8817807585449506,0.04459528221664403
s12o_cube_rounded_1,qlogehvi_mixed,11,4,0.8873424703943047,0.039059515622851426
s12o_cube_rounded_1,qlogehvi_mixed,11,5,0.8873424703943047,0.039059515622851426
s12o_cube_rounded_1,qlogehvi_mixed,11,6,0.9256399223811737,0.004852695993336249
s12o_cube_rounded_1,qlogehvi_mixed,11,7,0.9274059244584788,0.004499958504308328
s12o_cube_rounded_1,qlogehvi_mixed,11,8,0.9274059244584788,0.004499958504308328
s12o_cube_rounded_1,qlogehvi_mixed,11,9,0.9274059244584788,0.004499958504308328
s12o_cube_rounded_1,qlogehvi_mixed,11,10,0.9291230837710205,0.0038142558009239096
s12o_cube_rounded_1,qlogehvi_mixed,11,11,0.9291230837710205,0.0038142558009239096
s12o_cube_rounded_1,qlogehvi_mixed,11,12,0.9291230837710205,0.0038142558009239096
s12o_cube_rounded_1,qlogehvi_mixed,11,13,0.9292045240480745,0.002431840848737702
s12o_cube_rounded_1,qlogehvi_mixed,11,14,0.9292045240480745,0.002431840848737702
s12o_cube_rounded_1,qlogehvi_mixed,11,15,0.9292053011967241,0.0022022414520846516
s12o_cube_rounded_1,qlogehvi_mixed,11,16,0.9292053114518772,0.0021573779633591306
s12o_cube_rounded_1,qlogehvi_mixed,11,17,0.9292053114518772,0.0021573779633591306
s12o_cube_rounded_1,qlogehvi_mixed,11,18,0.9292053114518772,0.0021573779633591306
s12o_cube_rounded_1,qlogehvi_mixed,11,19,0.9292053114518772,0.0021573779633591306
s12o_cube_rounded_1,qlogehvi_mixed,11,20,0.9292053114518772,0.0021573779633591306
s12o_cube_rounded_1,qlogehvi_mixed,12,1,0.8677211679312218,0.058301314973302806
s12o_cube_rounded_1,qlogehvi_mixed,12,2,0.8677211679312218,0.058301314973302806
s12o_cube_rounded_1,qlogehvi_mixed,12,3,0.8677211679312218,0.058301314973302806
s12o_cube_rounded_1,qlogehvi_mixed,12,4,0.8864564985223655,0.040198979191622165
s12o_cube_rounded_1,qlogehvi_mixed,12,5,0.9178746647695437,0.00951295235327888
s12o_cube_rounded_1,qlogehvi_mixed,12,6,0.9262523171052675,0.0030798027343045707
s12o_cube_rounded_1,qlogehvi_mixed,12,7,0.9275341818089226,0.002610880887900246
s12o_cube_rounded_1,qlogehvi_mixed,12,8,0.9275341818089226,0.002610880887900246
s12o_cube_rounded_1,qlogehvi_mixed,12,9,0.9278240106265769,0.0038126038037000335
s12o_cube_rounded_1,qlogehvi_mixed,12,10,0.9278240106265769,0.0038126038037000335
s12o_cube_rounded_1,qlogehvi_mixed,12,11,0.9278240106265769,0.0038126038037000335
s12o_cube_rounded_1,qlogehvi_mixed,12,12,0.9278240106265769,0.0038126038037000335
s12o_cube_rounded_1,qlogehvi_mixed,12,13,0.9278240106265769,0.0038126038037000335
s12o_cube_rounded_1,qlogehvi_mixed,12,14,0.9278240106265769,0.0038126038037000335
s12o_cube_rounded_1,qlogehvi_mixed,12,15,0.9278240106265769,0.0038126038037000335
s12o_cube_rounded_1,qlogehvi_mixed,12,16,0.9293478359027557,0.00345207340376224
s12o_cube_rounded_1,qlogehvi_mixed,12,17,0.9293478359027557,0.00345207340376224
s12o_cube_rounded_1,qlogehvi_mixed,12,18,0.9293478359027557,0.00345207340376224
s12o_cube_rounded_1,qlogehvi_mixed,12,19,0.9293478359027557,0.00345207340376224
s12o_cube_rounded_1,qlogehvi_mixed,12,20,0.9293478359027557,0.00345207340376224
s12o_cube_rounded_1,qlogehvi_mixed,13,1,0.7943412101512134,0.13054300716634443
s12o_cube_rounded_1,qlogehvi_mixed,13,2,0.7944535272444359,0.13054300716634443
s12o_cube_rounded_1,qlogehvi_mixed,13,3,0.7944535272444359,0.13054300716634443
s12o_cube_rounded_1,qlogehvi_mixed,13,4,0.8339103189922887,0.09105324278499079
s12o_cube_rounded_1,qlogehvi_mixed,13,5,0.8415719688582235,0.0846146416208289
s12o_cube_rounded_1,qlogehvi_mixed,13,6,0.8415740828906966,0.0846146416208289
s12o_cube_rounded_1,qlogehvi_mixed,13,7,0.8415740828906966,0.0846146416208289
s12o_cube_rounded_1,qlogehvi_mixed,13,8,0.8415740828906966,0.0846146416208289
s12o_cube_rounded_1,qlogehvi_mixed,13,9,0.845723896726638,0.0804604600672976
s12o_cube_rounded_1,qlogehvi_mixed,13,10,0.845723896726638,0.0804604600672976
s12o_cube_rounded_1,qlogehvi_mixed,13,11,0.845723896726638,0.0804604600672976
s12o_cube_rounded_1,qlogehvi_mixed,13,12,0.845723896726638,0.0804604600672976
s12o_cube_rounded_1,qlogehvi_mixed,13,13,0.845723896726638,0.0804604600672976
s12o_cube_rounded_1,qlogehvi_mixed,13,14,0.845723896726638,0.0804604600672976
s12o_cube_rounded_1,qlogehvi_mixed,13,15,0.845723896726638,0.0804604600672976
s12o_cube_rounded_1,qlogehvi_mixed,13,16,0.845723896726638,0.0804604600672976
s12o_cube_rounded_1,qlogehvi_mixed,13,17,0.845723896726638,0.0804604600672976
s12o_cube_rounded_1,qlogehvi_mixed,13,18,0.845723896726638,0.0804604600672976
s12o_cube_rounded_1,qlogehvi_mixed,13,19,0.9206260811902162,0.007766796186108686
s12o_cube_rounded_1,qlogehvi_mixed,13,20,0.9211213564351639,0.006886293747105009
s12o_cube_rounded_1,qlogehvi_mixed_seed,11,1,0.8075495455172972,0.11811493578643617
s12o_cube_rounded_1,qlogehvi_mixed_seed,11,2,0.8809826685413201,0.04459528221664403
s12o_cube_rounded_1,qlogehvi_mixed_seed,11,3,0.8817807585449506,0.04459528221664403
s12o_cube_rounded_1,qlogehvi_mixed_seed,11,4,0.8873424703943047,0.039059515622851426
s12o_cube_rounded_1,qlogehvi_mixed_seed,11,5,0.8873424703943047,0.039059515622851426
s12o_cube_rounded_1,qlogehvi_mixed_seed,11,6,0.9249560109223457,0.005141016374708849
s12o_cube_rounded_1,qlogehvi_mixed_seed,11,7,0.9249750721722072,0.005038974441378978
s12o_cube_rounded_1,qlogehvi_mixed_seed,11,8,0.9250040823472646,0.004306562707630869
s12o_cube_rounded_1,qlogehvi_mixed_seed,11,9,0.9264905201307242,0.0034451717286715622
s12o_cube_rounded_1,qlogehvi_mixed_seed,11,10,0.9264905201307242,0.0034451717286715622
s12o_cube_rounded_1,qlogehvi_mixed_seed,11,11,0.9269877158956064,0.004470605709692326
s12o_cube_rounded_1,qlogehvi_mixed_seed,11,12,0.9270107533349123,0.004465098441728073
s12o_cube_rounded_1,qlogehvi_mixed_seed,11,13,0.9270107533349123,0.004465098441728073
s12o_cube_rounded_1,qlogehvi_mixed_seed,11,14,0.9270107533349123,0.004465098441728073
s12o_cube_rounded_1,qlogehvi_mixed_seed,11,15,0.9275606847736912,0.0042378520299535885
s12o_cube_rounded_1,qlogehvi_mixed_seed,11,16,0.9275606847736912,0.0042378520299535885
s12o_cube_rounded_1,qlogehvi_mixed_seed,11,17,0.9275739664368591,0.0042378520299535885
s12o_cube_rounded_1,qlogehvi_mixed_seed,11,18,0.9275739664368591,0.0042378520299535885
s12o_cube_rounded_1,qlogehvi_mixed_seed,11,19,0.9275739664368591,0.0042378520299535885
s12o_cube_rounded_1,qlogehvi_mixed_seed,11,20,0.9275739664368591,0.0042378520299535885
s12o_cube_rounded_1,qlogehvi_mixed_seed,12,1,0.8075495455172972,0.11811493578643617
s12o_cube_rounded_1,qlogehvi_mixed_seed,12,2,0.8075495455172972,0.11811493578643617
s12o_cube_rounded_1,qlogehvi_mixed_seed,12,3,0.8075495455172972,0.11811493578643617
s12o_cube_rounded_1,qlogehvi_mixed_seed,12,4,0.8861582836782325,0.040198979191622165
s12o_cube_rounded_1,qlogehvi_mixed_seed,12,5,0.8861582836782325,0.040198979191622165
s12o_cube_rounded_1,qlogehvi_mixed_seed,12,6,0.9083192912346757,0.018138444861671866
s12o_cube_rounded_1,qlogehvi_mixed_seed,12,7,0.9107238435677626,0.01581631845050843
s12o_cube_rounded_1,qlogehvi_mixed_seed,12,8,0.9107238435677626,0.01581631845050843
s12o_cube_rounded_1,qlogehvi_mixed_seed,12,9,0.9140813829513776,0.012529190390492448
s12o_cube_rounded_1,qlogehvi_mixed_seed,12,10,0.9211424125460582,0.007471401078853056
s12o_cube_rounded_1,qlogehvi_mixed_seed,12,11,0.9211424125460582,0.007471401078853056
s12o_cube_rounded_1,qlogehvi_mixed_seed,12,12,0.9211424125460582,0.007471401078853056
s12o_cube_rounded_1,qlogehvi_mixed_seed,12,13,0.9211424125460582,0.007471401078853056
s12o_cube_rounded_1,qlogehvi_mixed_seed,12,14,0.9211424125460582,0.007471401078853056
s12o_cube_rounded_1,qlogehvi_mixed_seed,12,15,0.9211424125460582,0.007471401078853056
s12o_cube_rounded_1,qlogehvi_mixed_seed,12,16,0.9319435405663241,0.00535441633018662
s12o_cube_rounded_1,qlogehvi_mixed_seed,12,17,0.9319435405663241,0.00535441633018662
s12o_cube_rounded_1,qlogehvi_mixed_seed,12,18,0.9319435405663241,0.00535441633018662
s12o_cube_rounded_1,qlogehvi_mixed_seed,12,19,0.9319435405663241,0.00535441633018662
s12o_cube_rounded_1,qlogehvi_mixed_seed,12,20,0.9319435405663241,0.00535441633018662
s12o_cube_rounded_1,qlogehvi_mixed_seed,13,1,0.8075495455172972,0.11811493578643617
s12o_cube_rounded_1,qlogehvi_mixed_seed,13,2,0.8075495455172972,0.11811493578643617
s12o_cube_rounded_1,qlogehvi_mixed_seed,13,3,0.8075495455172972,0.11811493578643617
s12o_cube_rounded_1,qlogehvi_mixed_seed,13,4,0.8345615688453821,0.09105324278499079
s12o_cube_rounded_1,qlogehvi_mixed_seed,13,5,0.8345615688453821,0.09105324278499079
s12o_cube_rounded_1,qlogehvi_mixed_seed,13,6,0.8345615688453821,0.09105324278499079
s12o_cube_rounded_1,qlogehvi_mixed_seed,13,7,0.8345615688453821,0.09105324278499079
s12o_cube_rounded_1,qlogehvi_mixed_seed,13,8,0.8345615688453821,0.09105324278499079
s12o_cube_rounded_1,qlogehvi_mixed_seed,13,9,0.8345615688453821,0.09105324278499079
s12o_cube_rounded_1,qlogehvi_mixed_seed,13,10,0.8811937199174594,0.04456687387928198
s12o_cube_rounded_1,qlogehvi_mixed_seed,13,11,0.8814691274509638,0.04456687387928198
s12o_cube_rounded_1,qlogehvi_mixed_seed,13,12,0.8814691274509638,0.04456687387928198
s12o_cube_rounded_1,qlogehvi_mixed_seed,13,13,0.9263484538777185,0.004674389894756959
s12o_cube_rounded_1,qlogehvi_mixed_seed,13,14,0.9263484538777185,0.004674389894756959
s12o_cube_rounded_1,qlogehvi_mixed_seed,13,15,0.9263484538777185,0.004674389894756959
s12o_cube_rounded_1,qlogehvi_mixed_seed,13,16,0.9263484538777185,0.004674389894756959
s12o_cube_rounded_1,qlogehvi_mixed_seed,13,17,0.9263484538777185,0.004674389894756959
s12o_cube_rounded_1,qlogehvi_mixed_seed,13,18,0.9263484538777185,0.004674389894756959
s12o_cube_rounded_1,qlogehvi_mixed_seed,13,19,0.9263484538777185,0.004674389894756959
s12o_cube_rounded_1,qlogehvi_mixed_seed,13,20,0.9263484538777185,0.004674389894756959
s12o_cube_rounded_1,random,11,1,0.7719286652569525,0.1542566899971492
s12o_cube_rounded_1,random,11,2,0.8814200475279258,0.04459528221664403
s12o_cube_rounded_1,random,11,3,0.8817807585449506,0.04459528221664403
s12o_cube_rounded_1,random,11,4,0.8873424703943047,0.039059515622851426
s12o_cube_rounded_1,random,11,5,0.8873424703943047,0.039059515622851426
s12o_cube_rounded_1,random,11,6,0.8873424703943047,0.039059515622851426
s12o_cube_rounded_1,random,11,7,0.8873424703943047,0.039059515622851426
s12o_cube_rounded_1,random,11,8,0.8873424703943047,0.039059515622851426
s12o_cube_rounded_1,random,11,9,0.8873424703943047,0.039059515622851426
s12o_cube_rounded_1,random,11,10,0.8873424703943047,0.039059515622851426
s12o_cube_rounded_1,random,11,11,0.8873424703943047,0.039059515622851426
s12o_cube_rounded_1,random,11,12,0.8873424703943047,0.039059515622851426
s12o_cube_rounded_1,random,11,13,0.8873424703943047,0.039059515622851426
s12o_cube_rounded_1,random,11,14,0.8873424703943047,0.039059515622851426
s12o_cube_rounded_1,random,11,15,0.8873424703943047,0.039059515622851426
s12o_cube_rounded_1,random,11,16,0.8873424703943047,0.039059515622851426
s12o_cube_rounded_1,random,11,17,0.8873424703943047,0.039059515622851426
s12o_cube_rounded_1,random,11,18,0.8873424703943047,0.039059515622851426
s12o_cube_rounded_1,random,11,19,0.8873424703943047,0.039059515622851426
s12o_cube_rounded_1,random,11,20,0.8873424703943047,0.039059515622851426
s12o_cube_rounded_1,random,12,1,0.8677211679312218,0.058301314973302806
s12o_cube_rounded_1,random,12,2,0.8677211679312218,0.058301314973302806
s12o_cube_rounded_1,random,12,3,0.8677211679312218,0.058301314973302806
s12o_cube_rounded_1,random,12,4,0.8864564985223655,0.040198979191622165
s12o_cube_rounded_1,random,12,5,0.8864564985223655,0.040198979191622165
s12o_cube_rounded_1,random,12,6,0.8880599462898365,0.03837220086921138
s12o_cube_rounded_1,random,12,7,0.888067536594633,0.03837220086921138
s12o_cube_rounded_1,random,12,8,0.8880846942286023,0.03837220086921138
s12o_cube_rounded_1,random,12,9,0.8880846942286023,0.03837220086921138
s12o_cube_rounded_1,random,12,10,0.8880846942286023,0.03837220086921138
s12o_cube_rounded_1,random,12,11,0.8880846942286023,0.03837220086921138
s12o_cube_rounded_1,random,12,12,0.8880846942286023,0.03837220086921138
s12o_cube_rounded_1,random,12,13,0.8949685561666902,0.0314939617303067
s12o_cube_rounded_1,random,12,14,0.8949685561666902,0.0314939617303067
s12o_cube_rounded_1,random,12,15,0.8949685561666902,0.0314939617303067
s12o_cube_rounded_1,random,12,16,0.8949685561666902,0.0314939617303067
s12o_cube_rounded_1,random,12,17,0.8949685561666902,0.0314939617303067
s12o_cube_rounded_1,random,12,18,0.8949685561666902,0.0314939617303067
s12o_cube_rounded_1,random,12,19,0.8949685562745967,0.0314939617303067
s12o_cube_rounded_1,random,12,20,0.8949685562745967,0.0314939617303067
s12o_cube_rounded_1,random,13,1,0.7943412101512134,0.13054300716634443
s12o_cube_rounded_1,random,13,2,0.7944535272444359,0.13054300716634443
s12o_cube_rounded_1,random,13,3,0.7944535272444359,0.13054300716634443
s12o_cube_rounded_1,random,13,4,0.8339103189922887,0.09105324278499079
s12o_cube_rounded_1,random,13,5,0.8339103189922887,0.09105324278499079
s12o_cube_rounded_1,random,13,6,0.8342584622212068,0.09105324278499079
s12o_cube_rounded_1,random,13,7,0.8984253269681761,0.027906071322920133
s12o_cube_rounded_1,random,13,8,0.8984253269681761,0.027906071322920133
s12o_cube_rounded_1,random,13,9,0.8984253269681761,0.027906071322920133
s12o_cube_rounded_1,random,13,10,0.8984253269681761,0.027906071322920133
s12o_cube_rounded_1,random,13,11,0.8984253269681761,0.027906071322920133
s12o_cube_rounded_1,random,13,12,0.8984253269681761,0.027906071322920133
s12o_cube_rounded_1,random,13,13,0.8984253269681761,0.027906071322920133
s12o_cube_rounded_1,random,13,14,0.8984253269681761,0.027906071322920133
s12o_cube_rounded_1,random,13,15,0.9237252780203768,0.0059281681902425025
s12o_cube_rounded_1,random,13,16,0.9237252831973176,0.0059281681902425025
s12o_cube_rounded_1,random,13,17,0.9237252831973176,0.0059281681902425025
s12o_cube_rounded_1,random,13,18,0.9237252831973176,0.0059281681902425025
s12o_cube_rounded_1,random,13,19,0.9237252831973176,0.0059281681902425025
s12o_cube_rounded_1,random,13,20,0.9239898437623415,0.00499539479996613
s12o_cube_rounded_1,random_seed,11,1,0.8075495455172972,0.11811493578643617
s12o_cube_rounded_1,random_seed,11,2,0.8809826685413201,0.04459528221664403
s12o_cube_rounded_1,random_seed,11,3,0.8817807585449506,0.04459528221664403
s12o_cube_rounded_1,random_seed,11,4,0.8873424703943047,0.039059515622851426
s12o_cube_rounded_1,random_seed,11,5,0.8873424703943047,0.039059515622851426
s12o_cube_rounded_1,random_seed,11,6,0.8873424703943047,0.039059515622851426
s12o_cube_rounded_1,random_seed,11,7,0.8873424703943047,0.039059515622851426
s12o_cube_rounded_1,random_seed,11,8,0.8873424703943047,0.039059515622851426
s12o_cube_rounded_1,random_seed,11,9,0.8873424703943047,0.039059515622851426
s12o_cube_rounded_1,random_seed,11,10,0.8873424703943047,0.039059515622851426
s12o_cube_rounded_1,random_seed,11,11,0.8873424703943047,0.039059515622851426
s12o_cube_rounded_1,random_seed,11,12,0.8873424703943047,0.039059515622851426
s12o_cube_rounded_1,random_seed,11,13,0.8873424703943047,0.039059515622851426
s12o_cube_rounded_1,random_seed,11,14,0.8873424703943047,0.039059515622851426
s12o_cube_rounded_1,random_seed,11,15,0.8873424703943047,0.039059515622851426
s12o_cube_rounded_1,random_seed,11,16,0.8873424703943047,0.039059515622851426
s12o_cube_rounded_1,random_seed,11,17,0.8873424703943047,0.039059515622851426
s12o_cube_rounded_1,random_seed,11,18,0.8873424703943047,0.039059515622851426
s12o_cube_rounded_1,random_seed,11,19,0.8873424703943047,0.039059515622851426
s12o_cube_rounded_1,random_seed,11,20,0.8873424703943047,0.039059515622851426
s12o_cube_rounded_1,random_seed,12,1,0.8075495455172972,0.11811493578643617
s12o_cube_rounded_1,random_seed,12,2,0.8075495455172972,0.11811493578643617
s12o_cube_rounded_1,random_seed,12,3,0.8075495455172972,0.11811493578643617
s12o_cube_rounded_1,random_seed,12,4,0.8861582836782325,0.040198979191622165
s12o_cube_rounded_1,random_seed,12,5,0.8861582836782325,0.040198979191622165
s12o_cube_rounded_1,random_seed,12,6,0.8880531476205621,0.03837220086921138
s12o_cube_rounded_1,random_seed,12,7,0.8880670876149417,0.03837220086921138
s12o_cube_rounded_1,random_seed,12,8,0.888084245248911,0.03837220086921138
s12o_cube_rounded_1,random_seed,12,9,0.888084245248911,0.03837220086921138
s12o_cube_rounded_1,random_seed,12,10,0.888084245248911,0.03837220086921138
s12o_cube_rounded_1,random_seed,12,11,0.888084245248911,0.03837220086921138
s12o_cube_rounded_1,random_seed,12,12,0.888084245248911,0.03837220086921138
s12o_cube_rounded_1,random_seed,12,13,0.8949685561666902,0.0314939617303067
s12o_cube_rounded_1,random_seed,12,14,0.8949685561666902,0.0314939617303067
s12o_cube_rounded_1,random_seed,12,15,0.8949685561666902,0.0314939617303067
s12o_cube_rounded_1,random_seed,12,16,0.8949685561666902,0.0314939617303067
s12o_cube_rounded_1,random_seed,12,17,0.8949685561666902,0.0314939617303067
s12o_cube_rounded_1,random_seed,12,18,0.8949685561666902,0.0314939617303067
s12o_cube_rounded_1,random_seed,12,19,0.8949685562745967,0.0314939617303067
s12o_cube_rounded_1,random_seed,12,20,0.8949685562745967,0.0314939617303067
s12o_cube_rounded_1,random_seed,13,1,0.8075495455172972,0.11811493578643617
s12o_cube_rounded_1,random_seed,13,2,0.8075495455172972,0.11811493578643617
s12o_cube_rounded_1,random_seed,13,3,0.8075495455172972,0.11811493578643617
s12o_cube_rounded_1,random_seed,13,4,0.8345615688453821,0.09105324278499079
s12o_cube_rounded_1,random_seed,13,5,0.8345615688453821,0.09105324278499079
s12o_cube_rounded_1,random_seed,13,6,0.8345615688453821,0.09105324278499079
s12o_cube_rounded_1,random_seed,13,7,0.8984253269681761,0.027906071322920133
s12o_cube_rounded_1,random_seed,13,8,0.8984253269681761,0.027906071322920133
s12o_cube_rounded_1,random_seed,13,9,0.8984253269681761,0.027906071322920133
s12o_cube_rounded_1,random_seed,13,10,0.8984253269681761,0.027906071322920133
s12o_cube_rounded_1,random_seed,13,11,0.8984253269681761,0.027906071322920133
s12o_cube_rounded_1,random_seed,13,12,0.8984253269681761,0.027906071322920133
s12o_cube_rounded_1,random_seed,13,13,0.8984253269681761,0.027906071322920133
s12o_cube_rounded_1,random_seed,13,14,0.8984253269681761,0.027906071322920133
s12o_cube_rounded_1,random_seed,13,15,0.9237252780203768,0.0059281681902425025
s12o_cube_rounded_1,random_seed,13,16,0.9237252831973176,0.0059281681902425025
s12o_cube_rounded_1,random_seed,13,17,0.9237252831973176,0.0059281681902425025
s12o_cube_rounded_1,random_seed,13,18,0.9237252831973176,0.0059281681902425025
s12o_cube_rounded_1,random_seed,13,19,0.9237252831973176,0.0059281681902425025
s12o_cube_rounded_1,random_seed,13,20,0.9239898437623415,0.00499539479996613
s13o_cube_rounded_2,parego,11,1,0.7772128626830099,0.17118322166904046
s13o_cube_rounded_2,parego,11,2,0.912244475224529,0.03860623432778898
s13o_cube_rounded_2,parego,11,3,0.912244475224529,0.03860623432778898
s13o_cube_rounded_2,parego,11,4,0.9122615876484145,0.03860623432778898
s13o_cube_rounded_2,parego,11,5,0.9122615876484145,0.03860623432778898
s13o_cube_rounded_2,parego,11,6,0.9241172817913849,0.027238475657065657
s13o_cube_rounded_2,parego,11,7,0.9241172817913849,0.027238475657065657
s13o_cube_rounded_2,parego,11,8,0.9241172817913849,0.027238475657065657
s13o_cube_rounded_2,parego,11,9,0.9241172817913849,0.027238475657065657
s13o_cube_rounded_2,parego,11,10,0.9241172817913849,0.027238475657065657
s13o_cube_rounded_2,parego,11,11,0.9241172817913849,0.027238475657065657
s13o_cube_rounded_2,parego,11,12,0.9241172817913849,0.027238475657065657
s13o_cube_rounded_2,parego,11,13,0.9241172817913849,0.027238475657065657
s13o_cube_rounded_2,parego,11,14,0.9241172817913849,0.027238475657065657
s13o_cube_rounded_2,parego,11,15,0.9241172817913849,0.027238475657065657
s13o_cube_rounded_2,parego,11,16,0.9242174689707444,0.027238475657065657
s13o_cube_rounded_2,parego,11,17,0.9242174689707444,0.027238475657065657
s13o_cube_rounded_2,parego,11,18,0.9242174689707444,0.027238475657065657
s13o_cube_rounded_2,parego,11,19,0.9242174689707444,0.027238475657065657
s13o_cube_rounded_2,parego,11,20,0.9252265311154809,0.026231021688667665
s13o_cube_rounded_2,parego,12,1,0.8970791238437903,0.05274794244189699
s13o_cube_rounded_2,parego,12,2,0.8970791238437903,0.05274794244189699
s13o_cube_rounded_2,parego,12,3,0.8970791238437903,0.05274794244189699
s13o_cube_rounded_2,parego,12,4,0.9013717565534664,0.049881639909303756
s13o_cube_rounded_2,parego,12,5,0.9013717565534664,0.049881639909303756
s13o_cube_rounded_2,parego,12,6,0.9112545134870647,0.04000442879334287
s13o_cube_rounded_2,parego,12,7,0.9264106298774262,0.024836451842204264
s13o_cube_rounded_2,parego,12,8,0.9264115714100193,0.024836451842204264
s13o_cube_rounded_2,parego,12,9,0.9264115714100193,0.024836451842204264
s13o_cube_rounded_2,parego,12,10,0.9264115714100193,0.024836451842204264
s13o_cube_rounded_2,parego,12,11,0.9264115714100193,0.024836451842204264
s13o_cube_rounded_2,parego,12,12,0.9264115714100193,0.024836451842204264
s13o_cube_rounded_2,parego,12,13,0.9264115714100193,0.024836451842204264
s13o_cube_rounded_2,parego,12,14,0.9264115807232194,0.024836451842204264
s13o_cube_rounded_2,parego,12,15,0.9266095849097274,0.024836451842204264
s13o_cube_rounded_2,parego,12,16,0.9266095849097274,0.024836451842204264
s13o_cube_rounded_2,parego,12,17,0.9266095849097274,0.024836451842204264
s13o_cube_rounded_2,parego,12,18,0.9266095849097274,0.024836451842204264
s13o_cube_rounded_2,parego,12,19,0.9266095849097274,0.024836451842204264
s13o_cube_rounded_2,parego,12,20,0.9266095849097274,0.024836451842204264
s13o_cube_rounded_2,parego,13,1,0.7774595226059486,0.171406246121409
s13o_cube_rounded_2,parego,13,2,0.7947370210184184,0.1543250149085147
s13o_cube_rounded_2,parego,13,3,0.7954785888423113,0.1543250149085147
s13o_cube_rounded_2,parego,13,4,0.8166456394366023,0.13314755074634138
s13o_cube_rounded_2,parego,13,5,0.8747236385398863,0.07572567496181441
s13o_cube_rounded_2,parego,13,6,0.8747236385398863,0.07572567496181441
s13o_cube_rounded_2,parego,13,7,0.8757079989134249,0.07572567496181441
s13o_cube_rounded_2,parego,13,8,0.8757079989134249,0.07572567496181441
s13o_cube_rounded_2,parego,13,9,0.8757079989134249,0.07572567496181441
s13o_cube_rounded_2,parego,13,10,0.8757079989134249,0.07572567496181441
s13o_cube_rounded_2,parego,13,11,0.8757079989134249,0.07572567496181441
s13o_cube_rounded_2,parego,13,12,0.8757079989134249,0.07572567496181441
s13o_cube_rounded_2,parego,13,13,0.9240717996026487,0.027352885425325033
s13o_cube_rounded_2,parego,13,14,0.9240717996026487,0.027352885425325033
s13o_cube_rounded_2,parego,13,15,0.9240717996026487,0.027352885425325033
s13o_cube_rounded_2,parego,13,16,0.9240717996026487,0.027352885425325033
s13o_cube_rounded_2,parego,13,17,0.9240717996026487,0.027352885425325033
s13o_cube_rounded_2,parego,13,18,0.9240754555729734,0.027352885425325033
s13o_cube_rounded_2,parego,13,19,0.9240754555729734,0.027352885425325033
s13o_cube_rounded_2,parego,13,20,0.9240754555729734,0.027352885425325033
s13o_cube_rounded_2,parego_seed,11,1,0.7861596039540786,0.16356278140255934
s13o_cube_rounded_2,parego_seed,11,2,0.912244475224529,0.03860623432778898
s13o_cube_rounded_2,parego_seed,11,3,0.912244475224529,0.03860623432778898
s13o_cube_rounded_2,parego_seed,11,4,0.9122615876484145,0.03860623432778898
s13o_cube_rounded_2,parego_seed,11,5,0.9122615876484145,0.03860623432778898
s13o_cube_rounded_2,parego_seed,11,6,0.9122615876484145,0.03860623432778898
s13o_cube_rounded_2,parego_seed,11,7,0.9122615876484145,0.03860623432778898
s13o_cube_rounded_2,parego_seed,11,8,0.9122615876484145,0.03860623432778898
s13o_cube_rounded_2,parego_seed,11,9,0.9122615876484145,0.03860623432778898
s13o_cube_rounded_2,parego_seed,11,10,0.9122615876484145,0.03860623432778898
s13o_cube_rounded_2,parego_seed,11,11,0.9122879325578616,0.03860623432778898
s13o_cube_rounded_2,parego_seed,11,12,0.920024586043949,0.031300377088154446
s13o_cube_rounded_2,parego_seed,11,13,0.920024586043949,0.031300377088154446
s13o_cube_rounded_2,parego_seed,11,14,0.920024586043949,0.031300377088154446
s13o_cube_rounded_2,parego_seed,11,15,0.920024586043949,0.031300377088154446
s13o_cube_rounded_2,parego_seed,11,16,0.9237149872194695,0.027610640185578454
s13o_cube_rounded_2,parego_seed,11,17,0.9237149872194695,0.027610640185578454
s13o_cube_rounded_2,parego_seed,11,18,0.9237149872194695,0.027610640185578454
s13o_cube_rounded_2,parego_seed,11,19,0.9237149872194695,0.027610640185578454
s13o_cube_rounded_2,parego_seed,11,20,0.9237149872194695,0.027610640185578454
s13o_cube_rounded_2,parego_seed,12,1,0.7861596039540786,0.16356278140255934
s13o_cube_rounded_2,parego_seed,12,2,0.7863011678625289,0.16356278140255934
s13o_cube_rounded_2,parego_seed,12,3,0.795231882089859,0.15473932026809606
s13o_cube_rounded_2,parego_seed,12,4,0.9013717565534664,0.049881639909303756
s13o_cube_rounded_2,parego_seed,12,5,0.9013717565534664,0.049881639909303756
s13o_cube_rounded_2,parego_seed,12,6,0.9112545134870647,0.04000442879334287
s13o_cube_rounded_2,parego_seed,12,7,0.9264106298774262,0.024836451842204264
s13o_cube_rounded_2,parego_seed,12,8,0.9264115714100193,0.024836451842204264
s13o_cube_rounded_2,parego_seed,12,9,0.9264115714100193,0.024836451842204264
s13o_cube_rounded_2,parego_seed,12,10,0.9264115714100193,0.024836451842204264
s13o_cube_rounded_2,parego_seed,12,11,0.9287183438609173,0.022533896728920876
s13o_cube_rounded_2,parego_seed,12,12,0.9287183438609173,0.022533896728920876
s13o_cube_rounded_2,parego_seed,12,13,0.9287183438609173,0.022533896728920876
s13o_cube_rounded_2,parego_seed,12,14,0.9287183438609173,0.022533896728920876
s13o_cube_rounded_2,parego_seed,12,15,0.9289163480474254,0.022533896728920876
s13o_cube_rounded_2,parego_seed,12,16,0.9289163480474254,0.022533896728920876
s13o_cube_rounded_2,parego_seed,12,17,0.9289163480474254,0.022533896728920876
s13o_cube_rounded_2,parego_seed,12,18,0.9289163480474254,0.022533896728920876
s13o_cube_rounded_2,parego_seed,12,19,0.9289163480474254,0.022533896728920876
s13o_cube_rounded_2,parego_seed,12,20,0.9289163480474254,0.022533896728920876
s13o_cube_rounded_2,parego_seed,13,1,0.7861596039540786,0.16356278140255934
s13o_cube_rounded_2,parego_seed,13,2,0.7953840948256202,0.1543250149085147
s13o_cube_rounded_2,parego_seed,13,3,0.7955257159558021,0.1543250149085147
s13o_cube_rounded_2,parego_seed,13,4,0.8166927665500933,0.13314755074634138
s13o_cube_rounded_2,parego_seed,13,5,0.8167079620094727,0.13314755074634138
s13o_cube_rounded_2,parego_seed,13,6,0.8167079620094727,0.13314755074634138
s13o_cube_rounded_2,parego_seed,13,7,0.8167106736960237,0.13314755074634138
s13o_cube_rounded_2,parego_seed,13,8,0.8167245351692193,0.13314755074634138
s13o_cube_rounded_2,parego_seed,13,9,0.8869247219013361,0.06405197403387185
s13o_cube_rounded_2,parego_seed,13,10,0.9268701049304583,0.024205801033575756
s13o_cube_rounded_2,parego_seed,13,11,0.926872650076526,0.024205801033575756
s13o_cube_rounded_2,parego_seed,13,12,0.926872650076526,0.024205801033575756
s13o_cube_rounded_2,parego_seed,13,13,0.926873011150282,0.024205801033575756
s13o_cube_rounded_2,parego_seed,13,14,0.926873011150282,0.024205801033575756
s13o_cube_rounded_2,parego_seed,13,15,0.9304296835449691,0.020658294195063934
s13o_cube_rounded_2,parego_seed,13,16,0.9306319906044689,0.020658294195063934
s13o_cube_rounded_2,parego_seed,13,17,0.9306319906044689,0.020658294195063934
s13o_cube_rounded_2,parego_seed,13,18,0.9306321933943833,0.020658294195063934
s13o_cube_rounded_2,parego_seed,13,19,0.9306321933943833,0.020658294195063934
s13o_cube_rounded_2,parego_seed,13,20,0.9306321933943833,0.020658294195063934
s13o_cube_rounded_2,qlogehvi_mixed,11,1,0.7772128626830099,0.17118322166904046
s13o_cube_rounded_2,qlogehvi_mixed,11,2,0.912244475224529,0.03860623432778898
s13o_cube_rounded_2,qlogehvi_mixed,11,3,0.912244475224529,0.03860623432778898
s13o_cube_rounded_2,qlogehvi_mixed,11,4,0.9122615876484145,0.03860623432778898
s13o_cube_rounded_2,qlogehvi_mixed,11,5,0.9122615876484145,0.03860623432778898
s13o_cube_rounded_2,qlogehvi_mixed,11,6,0.9122615876484145,0.03860623432778898
s13o_cube_rounded_2,qlogehvi_mixed,11,7,0.9289626227376899,0.022266341601408644
s13o_cube_rounded_2,qlogehvi_mixed,11,8,0.9289626227376899,0.022266341601408644
s13o_cube_rounded_2,qlogehvi_mixed,11,9,0.9289626227376899,0.022266341601408644
s13o_cube_rounded_2,qlogehvi_mixed,11,10,0.9289626227376899,0.022266341601408644
s13o_cube_rounded_2,qlogehvi_mixed,11,11,0.9289626227376899,0.022266341601408644
s13o_cube_rounded_2,qlogehvi_mixed,11,12,0.9289626227376899,0.022266341601408644
s13o_cube_rounded_2,qlogehvi_mixed,11,13,0.9289626227376899,0.022266341601408644
s13o_cube_rounded_2,qlogehvi_mixed,11,14,0.9289626227376899,0.022266341601408644
s13o_cube_rounded_2,qlogehvi_mixed,11,15,0.9289626227376899,0.022266341601408644
s13o_cube_rounded_2,qlogehvi_mixed,11,16,0.9289626227376899,0.022266341601408644
s13o_cube_rounded_2,qlogehvi_mixed,11,17,0.9289626227376899,0.022266341601408644
s13o_cube_rounded_2,qlogehvi_mixed,11,18,0.9289626227376899,0.022266341601408644
s13o_cube_rounded_2,qlogehvi_mixed,11,19,0.9289626227376899,0.022266341601408644
s13o_cube_rounded_2,qlogehvi_mixed,11,20,0.9289626227376899,0.022266341601408644
s13o_cube_rounded_2,qlogehvi_mixed,12,1,0.8970791238437903,0.05274794244189699
s13o_cube_rounded_2,qlogehvi_mixed,12,2,0.8970791238437903,0.05274794244189699
s13o_cube_rounded_2,qlogehvi_mixed,12,3,0.8970791238437903,0.05274794244189699
s13o_cube_rounded_2,qlogehvi_mixed,12,4,0.9013717565534664,0.049881639909303756
s13o_cube_rounded_2,qlogehvi_mixed,12,5,0.9249593576398604,0.02628619047982092
s13o_cube_rounded_2,qlogehvi_mixed,12,6,0.9249593576398604,0.02628619047982092
s13o_cube_rounded_2,qlogehvi_mixed,12,7,0.9249593576398604,0.02628619047982092
s13o_cube_rounded_2,qlogehvi_mixed,12,8,0.9249593576398604,0.02628619047982092
s13o_cube_rounded_2,qlogehvi_mixed,12,9,0.9249593576398604,0.02628619047982092
s13o_cube_rounded_2,qlogehvi_mixed,12,10,0.9249593576398604,0.02628619047982092
s13o_cube_rounded_2,qlogehvi_mixed,12,11,0.9253195445194452,0.025928753669528196
s13o_cube_rounded_2,qlogehvi_mixed,12,12,0.9269005852707957,0.024345080314054995
s13o_cube_rounded_2,qlogehvi_mixed,12,13,0.9269005852707957,0.024345080314054995
s13o_cube_rounded_2,qlogehvi_mixed,12,14,0.9274423538797919,0.02380317868474421
s13o_cube_rounded_2,qlogehvi_mixed,12,15,0.9274423538797919,0.02380317868474421
s13o_cube_rounded_2,qlogehvi_mixed,12,16,0.9274427780148949,0.02380317868474421
s13o_cube_rounded_2,qlogehvi_mixed,12,17,0.9274427780148949,0.02380317868474421
s13o_cube_rounded_2,qlogehvi_mixed,12,18,0.9274427954059918,0.02380317868474421
s13o_cube_rounded_2,qlogehvi_mixed,12,19,0.9274427954102173,0.02380317868474421
s13o_cube_rounded_2,qlogehvi_mixed,12,20,0.927857509114957,0.02338885080093634
s13o_cube_rounded_2,qlogehvi_mixed,13,1,0.7774595226059486,0.171406246121409
s13o_cube_rounded_2,qlogehvi_mixed,13,2,0.7947370210184184,0.1543250149085147
s13o_cube_rounded_2,qlogehvi_mixed,13,3,0.7954785888423113,0.1543250149085147
s13o_cube_rounded_2,qlogehvi_mixed,13,4,0.8166456394366023,0.13314755074634138
s13o_cube_rounded_2,qlogehvi_mixed,13,5,0.8166844781279685,0.13314755074634138
s13o_cube_rounded_2,qlogehvi_mixed,13,6,0.8171391605791174,0.13314755074634138
s13o_cube_rounded_2,qlogehvi_mixed,13,7,0.8385093167701864,0.11295681063122923
s13o_cube_rounded_2,qlogehvi_mixed,13,8,0.8385093167701864,0.11295681063122923
s13o_cube_rounded_2,qlogehvi_mixed,13,9,0.8385093167701864,0.11295681063122923
s13o_cube_rounded_2,qlogehvi_mixed,13,10,0.8400621118012422,0.11140401560017332
s13o_cube_rounded_2,qlogehvi_mixed,13,11,0.8400621118012422,0.11140401560017332
s13o_cube_rounded_2,qlogehvi_mixed,13,12,0.9256329827610816,0.025796542049093343
s13o_cube_rounded_2,qlogehvi_mixed,13,13,0.9256329827610816,0.025796542049093343
s13o_cube_rounded_2,qlogehvi_mixed,13,14,0.9256329827610816,0.025796542049093343
s13o_cube_rounded_2,qlogehvi_mixed,13,15,0.9276602157504951,0.023783923009496208
s13o_cube_rounded_2,qlogehvi_mixed,13,16,0.9276618432954447,0.023783923009496208
s13o_cube_rounded_2,qlogehvi_mixed,13,17,0.9276618444554102,0.023783923009496208
s13o_cube_rounded_2,qlogehvi_mixed,13,18,0.9304624514619662,0.0209863020192796
s13o_cube_rounded_2,qlogehvi_mixed,13,19,0.9304624514619662,0.0209863020192796
s13o_cube_rounded_2,qlogehvi_mixed,13,20,0.9304624514619662,0.0209863020192796
s13o_cube_rounded_2,qlogehvi_mixed_seed,11,1,0.7861596039540786,0.16356278140255934
s13o_cube_rounded_2,qlogehvi_mixed_seed,11,2,0.912244475224529,0.03860623432778898
s13o_cube_rounded_2,qlogehvi_mixed_seed,11,3,0.912244475224529,0.03860623432778898
s13o_cube_rounded_2,qlogehvi_mixed_seed,11,4,0.9122615876484145,0.03860623432778898
s13o_cube_rounded_2,qlogehvi_mixed_seed,11,5,0.9122615876484145,0.03860623432778898
s13o_cube_rounded_2,qlogehvi_mixed_seed,11,6,0.926343073286851,0.02479019201321943
s13o_cube_rounded_2,qlogehvi_mixed_seed,11,7,0.926343073286851,0.02479019201321943
s13o_cube_rounded_2,qlogehvi_mixed_seed,11,8,0.926343073286851,0.02479019201321943
s13o_cube_rounded_2,qlogehvi_mixed_seed,11,9,0.926343073286851,0.02479019201321943
s13o_cube_rounded_2,qlogehvi_mixed_seed,11,10,0.926343073286851,0.02479019201321943
s13o_cube_rounded_2,qlogehvi_mixed_seed,11,11,0.926343073286851,0.02479019201321943
s13o_cube_rounded_2,qlogehvi_mixed_seed,11,12,0.926343073286851,0.02479019201321943
s13o_cube_rounded_2,qlogehvi_mixed_seed,11,13,0.926343073286851,0.02479019201321943
s13o_cube_rounded_2,qlogehvi_mixed_seed,11,14,0.926343073286851,0.02479019201321943
s13o_cube_rounded_2,qlogehvi_mixed_seed,11,15,0.926343073286851,0.02479019201321943
s13o_cube_rounded_2,qlogehvi_mixed_seed,11,16,0.926343073286851,0.02479019201321943
s13o_cube_rounded_2,qlogehvi_mixed_seed,11,17,0.9263530867453991,0.02479019201321943
s13o_cube_rounded_2,qlogehvi_mixed_seed,11,18,0.9263530867453991,0.02479019201321943
s13o_cube_rounded_2,qlogehvi_mixed_seed,11,19,0.9263530867453991,0.02479019201321943
s13o_cube_rounded_2,qlogehvi_mixed_seed,11,20,0.9264261029785207,0.02479019201321943
s13o_cube_rounded_2,qlogehvi_mixed_seed,12,1,0.7861596039540786,0.16356278140255934
s13o_cube_rounded_2,qlogehvi_mixed_seed,12,2,0.7863011678625289,0.16356278140255934
s13o_cube_rounded_2,qlogehvi_mixed_seed,12,3,0.795231882089859,0.15473932026809606
s13o_cube_rounded_2,qlogehvi_mixed_seed,12,4,0.9013717565534664,0.049881639909303756
s13o_cube_rounded_2,qlogehvi_mixed_seed,12,5,0.9013717565534664,0.049881639909303756
s13o_cube_rounded_2,qlogehvi_mixed_seed,12,6,0.9143110776683687,0.03693943761964827
s13o_cube_rounded_2,qlogehvi_mixed_seed,12,7,0.9143110776683687,0.03693943761964827
s13o_cube_rounded_2,qlogehvi_mixed_seed,12,8,0.9219556739926641,0.02929979785188885
s13o_cube_rounded_2,qlogehvi_mixed_seed,12,9,0.9219556739926641,0.02929979785188885
s13o_cube_rounded_2,qlogehvi_mixed_seed,12,10,0.9279889156898826,0.023258840209666086
s13o_cube_rounded_2,qlogehvi_mixed_seed,12,11,0.9279889156898826,0.023258840209666086
s13o_cube_rounded_2,qlogehvi_mixed_seed,12,12,0.9281118914449614,0.023135833679416355
s13o_cube_rounded_2,qlogehvi_mixed_seed,12,13,0.9281121739089765,0.023135833679416355
s13o_cube_rounded_2,qlogehvi_mixed_seed,12,14,0.9281121739089765,0.023135833679416355
s13o_cube_rounded_2,qlogehvi_mixed_seed,12,15,0.9281124286525739,0.023135833679416355
s13o_cube_rounded_2,qlogehvi_mixed_seed,12,16,0.928113076413533,0.023135833679416355
s13o_cube_rounded_2,qlogehvi_mixed_seed,12,17,0.928113076413533,0.023135833679416355
s13o_cube_rounded_2,qlogehvi_mixed_seed,12,18,0.9281232110454789,0.0231263871427507
s13o_cube_rounded_2,qlogehvi_mixed_seed,12,19,0.9281232110454789,0.0231263871427507
s13o_cube_rounded_2,qlogehvi_mixed_seed,12,20,0.9281232110454789,0.0231263871427507
s13o_cube_rounded_2,qlogehvi_mixed_seed,13,1,0.7861596039540786,0.16356278140255934
s13o_cube_rounded_2,qlogehvi_mixed_seed,13,2,0.7953840948256202,0.1543250149085147
s13o_cube_rounded_2,qlogehvi_mixed_seed,13,3,0.7955257159558021,0.1543250149085147
s13o_cube_rounded_2,qlogehvi_mixed_seed,13,4,0.8166927665500933,0.13314755074634138
s13o_cube_rounded_2,qlogehvi_mixed_seed,13,5,0.8503066107035444,0.09985521495016335
s13o_cube_rounded_2,qlogehvi_mixed_seed,13,6,0.9261363636363636,0.025329763765051937
s13o_cube_rounded_2,qlogehvi_mixed_seed,13,7,0.9261363636363636,0.025329763765051937
s13o_cube_rounded_2,qlogehvi_mixed_seed,13,8,0.9261363636363636,0.025329763765051937
s13o_cube_rounded_2,qlogehvi_mixed_seed,13,9,0.9261363636363636,0.025329763765051937
s13o_cube_rounded_2,qlogehvi_mixed_seed,13,10,0.9474747474747475,0.003991379926668093
s13o_cube_rounded_2,qlogehvi_mixed_seed,13,11,0.9474747474747475,0.003991379926668093
s13o_cube_rounded_2,qlogehvi_mixed_seed,13,12,0.9474747474747475,0.003991379926668093
s13o_cube_rounded_2,qlogehvi_mixed_seed,13,13,0.9474747474747475,0.003991379926668093
s13o_cube_rounded_2,qlogehvi_mixed_seed,13,14,0.9474747474747475,0.003991379926668093
s13o_cube_rounded_2,qlogehvi_mixed_seed,13,15,0.9474747474747475,0.003991379926668093
s13o_cube_rounded_2,qlogehvi_mixed_seed,13,16,0.9474747474747475,0.003991379926668093
s13o_cube_rounded_2,qlogehvi_mixed_seed,13,17,0.9474747474747475,0.003991379926668093
s13o_cube_rounded_2,qlogehvi_mixed_seed,13,18,0.9474747474747475,0.003991379926668093
s13o_cube_rounded_2,qlogehvi_mixed_seed,13,19,0.9514661274014156,0.0
s13o_cube_rounded_2,qlogehvi_mixed_seed,13,20,0.9514661274014156,0.0
s13o_cube_rounded_2,random,11,1,0.7772128626830099,0.17118322166904046
s13o_cube_rounded_2,random,11,2,0.912244475224529,0.03860623432778898
s13o_cube_rounded_2,random,11,3,0.912244475224529,0.03860623432778898
s13o_cube_rounded_2,random,11,4,0.9122615876484145,0.03860623432778898
s13o_cube_rounded_2,random,11,5,0.9122615876484145,0.03860623432778898
s13o_cube_rounded_2,random,11,6,0.9122615876484145,0.03860623432778898
s13o_cube_rounded_2,random,11,7,0.9122615876484145,0.03860623432778898
s13o_cube_rounded_2,random,11,8,0.9122615876484145,0.03860623432778898
s13o_cube_rounded_2,random,11,9,0.9122615876484145,0.03860623432778898
s13o_cube_rounded_2,random,11,10,0.9122615876484145,0.03860623432778898
s13o_cube_rounded_2,random,11,11,0.9122615876484145,0.03860623432778898
s13o_cube_rounded_2,random,11,12,0.9122615876484145,0.03860623432778898
s13o_cube_rounded_2,random,11,13,0.9122615876484145,0.03860623432778898
s13o_cube_rounded_2,random,11,14,0.9122615876484145,0.03860623432778898
s13o_cube_rounded_2,random,11,15,0.9122615876484145,0.03860623432778898
s13o_cube_rounded_2,random,11,16,0.9122615876484145,0.03860623432778898
s13o_cube_rounded_2,random,11,17,0.9122615876484145,0.03860623432778898
s13o_cube_rounded_2,random,11,18,0.9122812632621691,0.03860623432778898
s13o_cube_rounded_2,random,11,19,0.9122812632621691,0.03860623432778898
s13o_cube_rounded_2,random,11,20,0.9122812632621691,0.03860623432778898
s13o_cube_rounded_2,random,12,1,0.8970791238437903,0.05274794244189699
s13o_cube_rounded_2,random,12,2,0.8970791238437903,0.05274794244189699
s13o_cube_rounded_2,random,12,3,0.8970791238437903,0.05274794244189699
s13o_cube_rounded_2,random,12,4,0.9013717565534664,0.049881639909303756
s13o_cube_rounded_2,random,12,5,0.9013717565534664,0.049881639909303756
s13o_cube_rounded_2,random,12,6,0.9071282718169842,0.04412420396480576
s13o_cube_rounded_2,random,12,7,0.9252833184972509,0.02596970324275741
s13o_cube_rounded_2,random,12,8,0.9252833184972509,0.02596970324275741
s13o_cube_rounded_2,random,12,9,0.9252833184972509,0.02596970324275741
s13o_cube_rounded_2,random,12,10,0.9252833184972509,0.02596970324275741
s13o_cube_rounded_2,random,12,11,0.9252833184972509,0.02596970324275741
s13o_cube_rounded_2,random,12,12,0.9252833184972509,0.02596970324275741
s13o_cube_rounded_2,random,12,13,0.9252833184972509,0.02596970324275741
s13o_cube_rounded_2,random,12,14,0.9252833184972509,0.02596970324275741
s13o_cube_rounded_2,random,12,15,0.9252833184972509,0.02596970324275741
s13o_cube_rounded_2,random,12,16,0.9252833184972509,0.02596970324275741
s13o_cube_rounded_2,random,12,17,0.9252833184972509,0.02596970324275741
s13o_cube_rounded_2,random,12,18,0.9252833184972509,0.02596970324275741
s13o_cube_rounded_2,random,12,19,0.9252833184972509,0.02596970324275741
s13o_cube_rounded_2,random,12,20,0.9252833184972509,0.02596970324275741
s13o_cube_rounded_2,random,13,1,0.7774595226059486,0.171406246121409
s13o_cube_rounded_2,random,13,2,0.7947370210184184,0.1543250149085147
s13o_cube_rounded_2,random,13,3,0.7954785888423113,0.1543250149085147
s13o_cube_rounded_2,random,13,4,0.8166456394366023,0.13314755074634138
s13o_cube_rounded_2,random,13,5,0.8166456394366023,0.13314755074634138
s13o_cube_rounded_2,random,13,6,0.8168878949383562,0.13314755074634138
s13o_cube_rounded_2,random,13,7,0.8946290049312892,0.055466225725474765
s13o_cube_rounded_2,random,13,8,0.9227361645760299,0.02850386243770835
s13o_cube_rounded_2,random,13,9,0.9227361645760299,0.02850386243770835
s13o_cube_rounded_2,random,13,10,0.9227361645760299,0.02850386243770835
s13o_cube_rounded_2,random,13,11,0.9227361645760299,0.02850386243770835
s13o_cube_rounded_2,random,13,12,0.9227361645760299,0.02850386243770835
s13o_cube_rounded_2,random,13,13,0.9227361645760299,0.02850386243770835
s13o_cube_rounded_2,random,13,14,0.922961165924497,0.02850386243770835
s13o_cube_rounded_2,random,13,15,0.922961165924497,0.02850386243770835
s13o_cube_rounded_2,random,13,16,0.9250442375851506,0.026421236013446633
s13o_cube_rounded_2,random,13,17,0.9250442375851506,0.026421236013446633
s13o_cube_rounded_2,random,13,18,0.9250442375851506,0.026421236013446633
s13o_cube_rounded_2,random,13,19,0.9250442375851506,0.026421236013446633
s13o_cube_rounded_2,random,13,20,0.9250442375851506,0.026421236013446633
s13o_cube_rounded_2,random_seed,11,1,0.7861596039540786,0.16356278140255934
s13o_cube_rounded_2,random_seed,11,2,0.912244475224529,0.03860623432778898
s13o_cube_rounded_2,random_seed,11,3,0.912244475224529,0.03860623432778898
s13o_cube_rounded_2,random_seed,11,4,0.9122615876484145,0.03860623432778898
s13o_cube_rounded_2,random_seed,11,5,0.9122615876484145,0.03860623432778898
s13o_cube_rounded_2,random_seed,11,6,0.9122615876484145,0.03860623432778898
s13o_cube_rounded_2,random_seed,11,7,0.9122615876484145,0.03860623432778898
s13o_cube_rounded_2,random_seed,11,8,0.9122615876484145,0.03860623432778898
s13o_cube_rounded_2,random_seed,11,9,0.9122615876484145,0.03860623432778898
s13o_cube_rounded_2,random_seed,11,10,0.9122615876484145,0.03860623432778898
s13o_cube_rounded_2,random_seed,11,11,0.9122615876484145,0.03860623432778898
s13o_cube_rounded_2,random_seed,11,12,0.9122615876484145,0.03860623432778898
s13o_cube_rounded_2,random_seed,11,13,0.9122615876484145,0.03860623432778898
s13o_cube_rounded_2,random_seed,11,14,0.9122615876484145,0.03860623432778898
s13o_cube_rounded_2,random_seed,11,15,0.9122615876484145,0.03860623432778898
s13o_cube_rounded_2,random_seed,11,16,0.9122615876484145,0.03860623432778898
s13o_cube_rounded_2,random_seed,11,17,0.9122615876484145,0.03860623432778898
s13o_cube_rounded_2,random_seed,11,18,0.9122812632621691,0.03860623432778898
s13o_cube_rounded_2,random_seed,11,19,0.9122812632621691,0.03860623432778898
s13o_cube_rounded_2,random_seed,11,20,0.9122812632621691,0.03860623432778898
s13o_cube_rounded_2,random_seed,12,1,0.7861596039540786,0.16356278140255934
s13o_cube_rounded_2,random_seed,12,2,0.7863011678625289,0.16356278140255934
s13o_cube_rounded_2,random_seed,12,3,0.795231882089859,0.15473932026809606
s13o_cube_rounded_2,random_seed,12,4,0.9013717565534664,0.049881639909303756
s13o_cube_rounded_2,random_seed,12,5,0.9013717565534664,0.049881639909303756
s13o_cube_rounded_2,random_seed,12,6,0.9071282718169842,0.04412420396480576
s13o_cube_rounded_2,random_seed,12,7,0.9252833184972509,0.02596970324275741
s13o_cube_rounded_2,random_seed,12,8,0.9252833184972509,0.02596970324275741
s13o_cube_rounded_2,random_seed,12,9,0.9252833184972509,0.02596970324275741
s13o_cube_rounded_2,random_seed,12,10,0.9252833184972509,0.02596970324275741
s13o_cube_rounded_2,random_seed,12,11,0.9252833184972509,0.02596970324275741
s13o_cube_rounded_2,random_seed,12,12,0.9252833184972509,0.02596970324275741
s13o_cube_rounded_2,random_seed,12,13,0.9252833184972509,0.02596970324275741
s13o_cube_rounded_2,random_seed,12,14,0.9252833184972509,0.02596970324275741
s13o_cube_rounded_2,random_seed,12,15,0.9252833184972509,0.02596970324275741
s13o_cube_rounded_2,random_seed,12,16,0.9252833184972509,0.02596970324275741
s13o_cube_rounded_2,random_seed,12,17,0.9252833184972509,0.02596970324275741
s13o_cube_rounded_2,random_seed,12,18,0.9252833184972509,0.02596970324275741
s13o_cube_rounded_2,random_seed,12,19,0.9252833184972509,0.02596970324275741
s13o_cube_rounded_2,random_seed,12,20,0.9252833184972509,0.02596970324275741
s13o_cube_rounded_2,random_seed,13,1,0.7861596039540786,0.16356278140255934
s13o_cube_rounded_2,random_seed,13,2,0.7953840948256202,0.1543250149085147
s13o_cube_rounded_2,random_seed,13,3,0.7955257159558021,0.1543250149085147
s13o_cube_rounded_2,random_seed,13,4,0.8166927665500933,0.13314755074634138
s13o_cube_rounded_2,random_seed,13,5,0.8166927665500933,0.13314755074634138
s13o_cube_rounded_2,random_seed,13,6,0.8168878949383562,0.13314755074634138
s13o_cube_rounded_2,random_seed,13,7,0.8946290049312892,0.055466225725474765
s13o_cube_rounded_2,random_seed,13,8,0.9227361645760299,0.02850386243770835
s13o_cube_rounded_2,random_seed,13,9,0.9227361645760299,0.02850386243770835
s13o_cube_rounded_2,random_seed,13,10,0.9227361645760299,0.02850386243770835
s13o_cube_rounded_2,random_seed,13,11,0.9227361645760299,0.02850386243770835
s13o_cube_rounded_2,random_seed,13,12,0.9227361645760299,0.02850386243770835
s13o_cube_rounded_2,random_seed,13,13,0.9227361645760299,0.02850386243770835
s13o_cube_rounded_2,random_seed,13,14,0.922961165924497,0.02850386243770835
s13o_cube_rounded_2,random_seed,13,15,0.922961165924497,0.02850386243770835
s13o_cube_rounded_2,random_seed,13,16,0.9250442375851506,0.026421236013446633
s13o_cube_rounded_2,random_seed,13,17,0.9250442375851506,0.026421236013446633
s13o_cube_rounded_2,random_seed,13,18,0.9250442375851506,0.026421236013446633
s13o_cube_rounded_2,random_seed,13,19,0.9250442375851506,0.026421236013446633
s13o_cube_rounded_2,random_seed,13,20,0.9250442375851506,0.026421236013446633
s14o_cube_corner_sub_sphere,parego,11,1,0.8427131713985624,0.0909188802801231
s14o_cube_corner_sub_sphere,parego,11,2,0.9126121679572529,0.022601851730643486
s14o_cube_corner_sub_sphere,parego,11,3,0.9129140028515652,0.022601851730643486
s14o_cube_corner_sub_sphere,parego,11,4,0.9129657581468352,0.022601851730643486
s14o_cube_corner_sub_sphere,parego,11,5,0.9129657581468352,0.022601851730643486
s14o_cube_corner_sub_sphere,parego,11,6,0.9169123580329317,0.01865541921327738
s14o_cube_corner_sub_sphere,parego,11,7,0.9169123580329317,0.01865541921327738
s14o_cube_corner_sub_sphere,parego,11,8,0.9169123580329317,0.01865541921327738
s14o_cube_corner_sub_sphere,parego,11,9,0.9244311113595062,0.01136557755006604
s14o_cube_corner_sub_sphere,parego,11,10,0.9244311113595062,0.01136557755006604
s14o_cube_corner_sub_sphere,parego,11,11,0.9255376325827599,0.010266256809834302
s14o_cube_corner_sub_sphere,parego,11,12,0.9255376325827599,0.010266256809834302
s14o_cube_corner_sub_sphere,parego,11,13,0.9255376325827599,0.010266256809834302
s14o_cube_corner_sub_sphere,parego,11,14,0.9358180909109104,0.003761627886398055
s14o_cube_corner_sub_sphere,parego,11,15,0.9358180909109104,0.003761627886398055
s14o_cube_corner_sub_sphere,parego,11,16,0.93582261119655,0.003761627886398055
s14o_cube_corner_sub_sphere,parego,11,17,0.9359229646817918,0.003621699061878478
s14o_cube_corner_sub_sphere,parego,11,18,0.9359229646817918,0.003621699061878478
s14o_cube_corner_sub_sphere,parego,11,19,0.9359229646817918,0.003621699061878478
s14o_cube_corner_sub_sphere,parego,11,20,0.9359229646817918,0.003621699061878478
s14o_cube_corner_sub_sphere,parego,12,1,0.9017397115878449,0.03335699725937247
s14o_cube_corner_sub_sphere,parego,12,2,0.9017397115878449,0.03335699725937247
s14o_cube_corner_sub_sphere,parego,12,3,0.9017397115878449,0.03335699725937247
s14o_cube_corner_sub_sphere,parego,12,4,0.9237974966393369,0.012017973178537911
s14o_cube_corner_sub_sphere,parego,12,5,0.9238237915857831,0.012017973178537911
s14o_cube_corner_sub_sphere,parego,12,6,0.9238237915857831,0.012017973178537911
s14o_cube_corner_sub_sphere,parego,12,7,0.9238237915857831,0.012017973178537911
s14o_cube_corner_sub_sphere,parego,12,8,0.9272973476865538,0.008547718340636288
s14o_cube_corner_sub_sphere,parego,12,9,0.9272973476865538,0.008547718340636288
s14o_cube_corner_sub_sphere,parego,12,10,0.9272973476865538,0.008547718340636288
s14o_cube_corner_sub_sphere,parego,12,11,0.9272973476865538,0.008547718340636288
s14o_cube_corner_sub_sphere,parego,12,12,0.9272973476865538,0.008547718340636288
s14o_cube_corner_sub_sphere,parego,12,13,0.9272973476865538,0.008547718340636288
s14o_cube_corner_sub_sphere,parego,12,14,0.9276122444206047,0.008547718340636288
s14o_cube_corner_sub_sphere,parego,12,15,0.9276122444206047,0.008547718340636288
s14o_cube_corner_sub_sphere,parego,12,16,0.9276122444206047,0.008547718340636288
s14o_cube_corner_sub_sphere,parego,12,17,0.9276122444206047,0.008547718340636288
s14o_cube_corner_sub_sphere,parego,12,18,0.9276122444206047,0.008547718340636288
s14o_cube_corner_sub_sphere,parego,12,19,0.9276124267106701,0.008547718340636288
s14o_cube_corner_sub_sphere,parego,12,20,0.9276124267106701,0.008547718340636288
s14o_cube_corner_sub_sphere,parego,13,1,0.8332832025033575,0.10155990182530365
s14o_cube_corner_sub_sphere,parego,13,2,0.8335242181611286,0.10155990182530365
s14o_cube_corner_sub_sphere,parego,13,3,0.9059689288634505,0.03019013495419043
s14o_cube_corner_sub_sphere,parego,13,4,0.9059689288634505,0.03019013495419043
s14o_cube_corner_sub_sphere,parego,13,5,0.9091557105551791,0.02708829045055191
s14o_cube_corner_sub_sphere,parego,13,6,0.9091557105551791,0.02708829045055191
s14o_cube_corner_sub_sphere,parego,13,7,0.9091557105551791,0.02708829045055191
s14o_cube_corner_sub_sphere,parego,13,8,0.9091557105551791,0.02708829045055191
s14o_cube_corner_sub_sphere,parego,13,9,0.9091557105551791,0.02708829045055191
s14o_cube_corner_sub_sphere,parego,13,10,0.9091557105551791,0.02708829045055191
s14o_cube_corner_sub_sphere,parego,13,11,0.9091557105551791,0.02708829045055191
s14o_cube_corner_sub_sphere,parego,13,12,0.9168191185746248,0.019347182802109623
s14o_cube_corner_sub_sphere,parego,13,13,0.9168207462947326,0.019347182802109623
s14o_cube_corner_sub_sphere,parego,13,14,0.9168207462947326,0.019347182802109623
s14o_cube_corner_sub_sphere,parego,13,15,0.9168207462947326,0.019347182802109623
s14o_cube_corner_sub_sphere,parego,13,16,0.9168207462947326,0.019347182802109623
s14o_cube_corner_sub_sphere,parego,13,17,0.9168207462947326,0.019347182802109623
s14o_cube_corner_sub_sphere,parego,13,18,0.9168207462947326,0.019347182802109623
s14o_cube_corner_sub_sphere,parego,13,19,0.9168207462947326,0.019347182802109623
s14o_cube_corner_sub_sphere,parego,13,20,0.9222497932175352,0.013910222373539283
s14o_cube_corner_sub_sphere,parego_seed,11,1,0.8313386702865703,0.10202277812428946
s14o_cube_corner_sub_sphere,parego_seed,11,2,0.9126121679572529,0.022601851730643486
s14o_cube_corner_sub_sphere,parego_seed,11,3,0.9129140028515652,0.022601851730643486
s14o_cube_corner_sub_sphere,parego_seed,11,4,0.9129657581468352,0.022601851730643486
s14o_cube_corner_sub_sphere,parego_seed,11,5,0.9129657581468352,0.022601851730643486
s14o_cube_corner_sub_sphere,parego_seed,11,6,0.9132456636792655,0.022601851730643486
s14o_cube_corner_sub_sphere,parego_seed,11,7,0.9264795792628076,0.009362191554918065
s14o_cube_corner_sub_sphere,parego_seed,11,8,0.9270156973466023,0.008826764102770907
s14o_cube_corner_sub_sphere,parego_seed,11,9,0.9273370214154734,0.008826764102770907
s14o_cube_corner_sub_sphere,parego_seed,11,10,0.9273370214154734,0.008826764102770907
s14o_cube_corner_sub_sphere,parego_seed,11,11,0.931740614334471,0.004421908976455058
s14o_cube_corner_sub_sphere,parego_seed,11,12,0.931740614334471,0.004421908976455058
s14o_cube_corner_sub_sphere,parego_seed,11,13,0.931740614334471,0.004421908976455058
s14o_cube_corner_sub_sphere,parego_seed,11,14,0.931740614334471,0.004421908976455058
s14o_cube_corner_sub_sphere,parego_seed,11,15,0.9323480663305348,0.003829310474685527
s14o_cube_corner_sub_sphere,parego_seed,11,16,0.9323480663305348,0.003829310474685527
s14o_cube_corner_sub_sphere,parego_seed,11,17,0.9323480663305348,0.003829310474685527
s14o_cube_corner_sub_sphere,parego_seed,11,18,0.9324026451138868,0.0037603196366922985
s14o_cube_corner_sub_sphere,parego_seed,11,19,0.9324026451138868,0.0037603196366922985
s14o_cube_corner_sub_sphere,parego_seed,11,20,0.9324026451138868,0.0037603196366922985
s14o_cube_corner_sub_sphere,parego_seed,12,1,0.8313386702865703,0.10202277812428946
s14o_cube_corner_sub_sphere,parego_seed,12,2,0.852287723158594,0.08135269581003149
s14o_cube_corner_sub_sphere,parego_seed,12,3,0.8530639293705747,0.08135269581003149
s14o_cube_corner_sub_sphere,parego_seed,12,4,0.9237974966393369,0.012017973178537911
s14o_cube_corner_sub_sphere,parego_seed,12,5,0.9238237915857831,0.012017973178537911
s14o_cube_corner_sub_sphere,parego_seed,12,6,0.9238237915857831,0.012017973178537911
s14o_cube_corner_sub_sphere,parego_seed,12,7,0.9238237915857831,0.012017973178537911
s14o_cube_corner_sub_sphere,parego_seed,12,8,0.9254312468358217,0.0104180799419127
s14o_cube_corner_sub_sphere,parego_seed,12,9,0.9254312468358217,0.0104180799419127
s14o_cube_corner_sub_sphere,parego_seed,12,10,0.9254312468358217,0.0104180799419127
s14o_cube_corner_sub_sphere,parego_seed,12,11,0.9254312468358217,0.0104180799419127
s14o_cube_corner_sub_sphere,parego_seed,12,12,0.9254312468358217,0.0104180799419127
s14o_cube_corner_sub_sphere,parego_seed,12,13,0.9255578653393632,0.0104180799419127
s14o_cube_corner_sub_sphere,parego_seed,12,14,0.9255578653393632,0.0104180799419127
s14o_cube_corner_sub_sphere,parego_seed,12,15,0.9255578653393632,0.0104180799419127
s14o_cube_corner_sub_sphere,parego_seed,12,16,0.9255578653393632,0.0104180799419127
s14o_cube_corner_sub_sphere,parego_seed,12,17,0.9255578653393632,0.0104180799419127
s14o_cube_corner_sub_sphere,parego_seed,12,18,0.9255578653393632,0.0104180799419127
s14o_cube_corner_sub_sphere,parego_seed,12,19,0.9255578653393632,0.0104180799419127
s14o_cube_corner_sub_sphere,parego_seed,12,20,0.9255578653393632,0.0104180799419127
s14o_cube_corner_sub_sphere,parego_seed,13,1,0.8313386702865703,0.10202277812428946
s14o_cube_corner_sub_sphere,parego_seed,13,2,0.8330857328898549,0.10202277812428946
s14o_cube_corner_sub_sphere,parego_seed,13,3,0.9059689288634505,0.03019013495419043
s14o_cube_corner_sub_sphere,parego_seed,13,4,0.9059689288634505,0.03019013495419043
s14o_cube_corner_sub_sphere,parego_seed,13,5,0.9059689288634505,0.03019013495419043
s14o_cube_corner_sub_sphere,parego_seed,13,6,0.9059689288634505,0.03019013495419043
s14o_cube_corner_sub_sphere,parego_seed,13,7,0.9059689288634505,0.03019013495419043
s14o_cube_corner_sub_sphere,parego_seed,13,8,0.9059689288634505,0.03019013495419043
s14o_cube_corner_sub_sphere,parego_seed,13,9,0.9059689288634505,0.03019013495419043
s14o_cube_corner_sub_sphere,parego_seed,13,10,0.9059689288634505,0.03019013495419043
s14o_cube_corner_sub_sphere,parego_seed,13,11,0.9059689288634505,0.03019013495419043
s14o_cube_corner_sub_sphere,parego_seed,13,12,0.9059689288634505,0.03019013495419043
s14o_cube_corner_sub_sphere,parego_seed,13,13,0.9059689288634505,0.03019013495419043
s14o_cube_corner_sub_sphere,parego_seed,13,14,0.9059689288634505,0.03019013495419043
s14o_cube_corner_sub_sphere,parego_seed,13,15,0.9059689288634505,0.03019013495419043
s14o_cube_corner_sub_sphere,parego_seed,13,16,0.9059689288634505,0.03019013495419043
s14o_cube_corner_sub_sphere,parego_seed,13,17,0.9059689288634505,0.03019013495419043
s14o_cube_corner_sub_sphere,parego_seed,13,18,0.9142160299435398,0.021953155116004538
s14o_cube_corner_sub_sphere,parego_seed,13,19,0.9142160299435398,0.021953155116004538
s14o_cube_corner_sub_sphere,parego_seed,13,20,0.9222497932175352,0.013910222373539283
s14o_cube_corner_sub_sphere,qlogehvi_mixed,11,1,0.8427131713985624,0.0909188802801231
s14o_cube_corner_sub_sphere,qlogehvi_mixed,11,2,0.9126121679572529,0.022601851730643486
s14o_cube_corner_sub_sphere,qlogehvi_mixed,11,3,0.9129140028515652,0.022601851730643486
s14o_cube_corner_sub_sphere,qlogehvi_mixed,11,4,0.9129657581468352,0.022601851730643486
s14o_cube_corner_sub_sphere,qlogehvi_mixed,11,5,0.9129657581468352,0.022601851730643486
s14o_cube_corner_sub_sphere,qlogehvi_mixed,11,6,0.9129657581468352,0.022601851730643486
s14o_cube_corner_sub_sphere,qlogehvi_mixed,11,7,0.9129657581468352,0.022601851730643486
s14o_cube_corner_sub_sphere,qlogehvi_mixed,11,8,0.9156843084928604,0.020061397652156164
s14o_cube_corner_sub_sphere,qlogehvi_mixed,11,9,0.9196822431302017,0.016081646769239365
s14o_cube_corner_sub_sphere,qlogehvi_mixed,11,10,0.9200904063955079,0.016081646769239365
s14o_cube_corner_sub_sphere,qlogehvi_mixed,11,11,0.9236834702608493,0.012470319527913467
s14o_cube_corner_sub_sphere,qlogehvi_mixed,11,12,0.9236834702608493,0.012470319527913467
s14o_cube_corner_sub_sphere,qlogehvi_mixed,11,13,0.9270833171629276,0.009070245944952916
s14o_cube_corner_sub_sphere,qlogehvi_mixed,11,14,0.9270833171629276,0.009070245944952916
s14o_cube_corner_sub_sphere,qlogehvi_mixed,11,15,0.9271927773358444,0.008962319174360031
s14o_cube_corner_sub_sphere,qlogehvi_mixed,11,16,0.9271927773358444,0.008962319174360031
s14o_cube_corner_sub_sphere,qlogehvi_mixed,11,17,0.9271927773358444,0.008962319174360031
s14o_cube_corner_sub_sphere,qlogehvi_mixed,11,18,0.9271927773358444,0.008962319174360031
s14o_cube_corner_sub_sphere,qlogehvi_mixed,11,19,0.927955497092586,0.00819854714207999
s14o_cube_corner_sub_sphere,qlogehvi_mixed,11,20,0.927955497092586,0.00819854714207999
s14o_cube_corner_sub_sphere,qlogehvi_mixed,12,1,0.9017397115878449,0.03335699725937247
s14o_cube_corner_sub_sphere,qlogehvi_mixed,12,2,0.9017397115878449,0.03335699725937247
s14o_cube_corner_sub_sphere,qlogehvi_mixed,12,3,0.9017397115878449,0.03335699725937247
s14o_cube_corner_sub_sphere,qlogehvi_mixed,12,4,0.9237974966393369,0.012017973178537911
s14o_cube_corner_sub_sphere,qlogehvi_mixed,12,5,0.9237974966393369,0.012017973178537911
s14o_cube_corner_sub_sphere,qlogehvi_mixed,12,6,0.9237974966393369,0.012017973178537911
s14o_cube_corner_sub_sphere,qlogehvi_mixed,12,7,0.9292293575315008,0.006633211365746746
s14o_cube_corner_sub_sphere,qlogehvi_mixed,12,8,0.9320803470109509,0.003800361998537586
s14o_cube_corner_sub_sphere,qlogehvi_mixed,12,9,0.932257053460768,0.003800361998537586
s14o_cube_corner_sub_sphere,qlogehvi_mixed,12,10,0.932257053460768,0.003800361998537586
s14o_cube_corner_sub_sphere,qlogehvi_mixed,12,11,0.932257053460768,0.003800361998537586
s14o_cube_corner_sub_sphere,qlogehvi_mixed,12,12,0.932257053460768,0.003800361998537586
s14o_cube_corner_sub_sphere,qlogehvi_mixed,12,13,0.9323845229621709,0.003800361998537586
s14o_cube_corner_sub_sphere,qlogehvi_mixed,12,14,0.9323845229621709,0.003800361998537586
s14o_cube_corner_sub_sphere,qlogehvi_mixed,12,15,0.9323845229621709,0.003800361998537586
s14o_cube_corner_sub_sphere,qlogehvi_mixed,12,16,0.9323845229621709,0.003800361998537586
s14o_cube_corner_sub_sphere,qlogehvi_mixed,12,17,0.9323845229621709,0.003800361998537586
s14o_cube_corner_sub_sphere,qlogehvi_mixed,12,18,0.9323856465331961,0.003800361998537586
s14o_cube_corner_sub_sphere,qlogehvi_mixed,12,19,0.9323856465331961,0.003800361998537586
s14o_cube_corner_sub_sphere,qlogehvi_mixed,12,20,0.9323856465331961,0.003800361998537586
s14o_cube_corner_sub_sphere,qlogehvi_mixed,13,1,0.8332832025033575,0.10155990182530365
s14o_cube_corner_sub_sphere,qlogehvi_mixed,13,2,0.8335242181611286,0.10155990182530365
s14o_cube_corner_sub_sphere,qlogehvi_mixed,13,3,0.9059689288634505,0.03019013495419043
s14o_cube_corner_sub_sphere,qlogehvi_mixed,13,4,0.9059689288634505,0.03019013495419043
s14o_cube_corner_sub_sphere,qlogehvi_mixed,13,5,0.9165448779771417,0.019612370874509188
s14o_cube_corner_sub_sphere,qlogehvi_mixed,13,6,0.9283032590399086,0.007852749083229915
s14o_cube_corner_sub_sphere,qlogehvi_mixed,13,7,0.9283032590399086,0.007852749083229915
s14o_cube_corner_sub_sphere,qlogehvi_mixed,13,8,0.9283032590399086,0.007852749083229915
s14o_cube_corner_sub_sphere,qlogehvi_mixed,13,9,0.9283032590399086,0.007852749083229915
s14o_cube_corner_sub_sphere,qlogehvi_mixed,13,10,0.9283032590399086,0.007852749083229915
s14o_cube_corner_sub_sphere,qlogehvi_mixed,13,11,0.9284503963763869,0.007706494515998798
s14o_cube_corner_sub_sphere,qlogehvi_mixed,13,12,0.9284503963763869,0.007706494515998798
s14o_cube_corner_sub_sphere,qlogehvi_mixed,13,13,0.9284535697030577,0.007706494515998798
s14o_cube_corner_sub_sphere,qlogehvi_mixed,13,14,0.9284535697030577,0.007706494515998798
s14o_cube_corner_sub_sphere,qlogehvi_mixed,13,15,0.9284535697030577,0.007706494515998798
s14o_cube_corner_sub_sphere,qlogehvi_mixed,13,16,0.9284535697030577,0.007706494515998798
s14o_cube_corner_sub_sphere,qlogehvi_mixed,13,17,0.9284535697030577,0.007706494515998798
s14o_cube_corner_sub_sphere,qlogehvi_mixed,13,18,0.9284536816104083,0.007706494515998798
s14o_cube_corner_sub_sphere,qlogehvi_mixed,13,19,0.9284536816104083,0.007706494515998798
s14o_cube_corner_sub_sphere,qlogehvi_mixed,13,20,0.9284536816104083,0.007706494515998798
s14o_cube_corner_sub_sphere,qlogehvi_mixed_seed,11,1,0.8313386702865703,0.10202277812428946
s14o_cube_corner_sub_sphere,qlogehvi_mixed_seed,11,2,0.9126121679572529,0.022601851730643486
s14o_cube_corner_sub_sphere,qlogehvi_mixed_seed,11,3,0.9129140028515652,0.022601851730643486
s14o_cube_corner_sub_sphere,qlogehvi_mixed_seed,11,4,0.9129657581468352,0.022601851730643486
s14o_cube_corner_sub_sphere,qlogehvi_mixed_seed,11,5,0.9129657581468352,0.022601851730643486
s14o_cube_corner_sub_sphere,qlogehvi_mixed_seed,11,6,0.9262415415384022,0.009398375696853546
s14o_cube_corner_sub_sphere,qlogehvi_mixed_seed,11,7,0.9284648880866152,0.007410146663580369
s14o_cube_corner_sub_sphere,qlogehvi_mixed_seed,11,8,0.9284648880866152,0.007410146663580369
s14o_cube_corner_sub_sphere,qlogehvi_mixed_seed,11,9,0.9285366164591942,0.007410146663580369
s14o_cube_corner_sub_sphere,qlogehvi_mixed_seed,11,10,0.9285678665641965,0.007410146663580369
s14o_cube_corner_sub_sphere,qlogehvi_mixed_seed,11,11,0.9285678665641965,0.007410146663580369
s14o_cube_corner_sub_sphere,qlogehvi_mixed_seed,11,12,0.9285678665641965,0.007410146663580369
s14o_cube_corner_sub_sphere,qlogehvi_mixed_seed,11,13,0.9285678665641965,0.007410146663580369
s14o_cube_corner_sub_sphere,qlogehvi_mixed_seed,11,14,0.9285678665641965,0.007410146663580369
s14o_cube_corner_sub_sphere,qlogehvi_mixed_seed,11,15,0.9285678665641965,0.007410146663580369
s14o_cube_corner_sub_sphere,qlogehvi_mixed_seed,11,16,0.9285678665641965,0.007410146663580369
s14o_cube_corner_sub_sphere,qlogehvi_mixed_seed,11,17,0.9285678665641965,0.007410146663580369
s14o_cube_corner_sub_sphere,qlogehvi_mixed_seed,11,18,0.9285678665641965,0.007410146663580369
s14o_cube_corner_sub_sphere,qlogehvi_mixed_seed,11,19,0.9285678665641965,0.007410146663580369
s14o_cube_corner_sub_sphere,qlogehvi_mixed_seed,11,20,0.932356547303942,0.003713053523728748
s14o_cube_corner_sub_sphere,qlogehvi_mixed_seed,12,1,0.8313386702865703,0.10202277812428946
s14o_cube_corner_sub_sphere,qlogehvi_mixed_seed,12,2,0.852287723158594,0.08135269581003149
s14o_cube_corner_sub_sphere,qlogehvi_mixed_seed,12,3,0.8530639293705747,0.08135269581003149
s14o_cube_corner_sub_sphere,qlogehvi_mixed_seed,12,4,0.9237974966393369,0.012017973178537911
s14o_cube_corner_sub_sphere,qlogehvi_mixed_seed,12,5,0.9237974966393369,0.012017973178537911
s14o_cube_corner_sub_sphere,qlogehvi_mixed_seed,12,6,0.9237974966393369,0.012017973178537911
s14o_cube_corner_sub_sphere,qlogehvi_mixed_seed,12,7,0.9241414142455175,0.012017973178537911
s14o_cube_corner_sub_sphere,qlogehvi_mixed_seed,12,8,0.9275300427023803,0.008628488078869215
s14o_cube_corner_sub_sphere,qlogehvi_mixed_seed,12,9,0.9275300427023803,0.008628488078869215
s14o_cube_corner_sub_sphere,qlogehvi_mixed_seed,12,10,0.9275300427023803,0.008628488078869215
s14o_cube_corner_sub_sphere,qlogehvi_mixed_seed,12,11,0.9275300427023803,0.008628488078869215
s14o_cube_corner_sub_sphere,qlogehvi_mixed_seed,12,12,0.9275312138105675,0.008628488078869215
s14o_cube_corner_sub_sphere,qlogehvi_mixed_seed,12,13,0.9275312138105675,0.008628488078869215
s14o_cube_corner_sub_sphere,qlogehvi_mixed_seed,12,14,0.9275312138105675,0.008628488078869215
s14o_cube_corner_sub_sphere,qlogehvi_mixed_seed,12,15,0.9275316456784671,0.008628488078869215
s14o_cube_corner_sub_sphere,qlogehvi_mixed_seed,12,16,0.9275316456784671,0.008628488078869215
s14o_cube_corner_sub_sphere,qlogehvi_mixed_seed,12,17,0.9298868426891502,0.006274783242377608
s14o_cube_corner_sub_sphere,qlogehvi_mixed_seed,12,18,0.9298868426891502,0.006274783242377608
s14o_cube_corner_sub_sphere,qlogehvi_mixed_seed,12,19,0.9298868426891502,0.006274783242377608
s14o_cube_corner_sub_sphere,qlogehvi_mixed_seed,12,20,0.9325311249977748,0.0036932187139289956
s14o_cube_corner_sub_sphere,qlogehvi_mixed_seed,13,1,0.8313386702865703,0.10202277812428946
s14o_cube_corner_sub_sphere,qlogehvi_mixed_seed,13,2,0.8330857328898549,0.10202277812428946
s14o_cube_corner_sub_sphere,qlogehvi_mixed_seed,13,3,0.9059689288634505,0.03019013495419043
s14o_cube_corner_sub_sphere,qlogehvi_mixed_seed,13,4,0.9059689288634505,0.03019013495419043
s14o_cube_corner_sub_sphere,qlogehvi_mixed_seed,13,5,0.9059689288634505,0.03019013495419043
s14o_cube_corner_sub_sphere,qlogehvi_mixed_seed,13,6,0.9059689288634505,0.03019013495419043
s14o_cube_corner_sub_sphere,qlogehvi_mixed_seed,13,7,0.9059689288634505,0.03019013495419043
s14o_cube_corner_sub_sphere,qlogehvi_mixed_seed,13,8,0.9059689288634505,0.03019013495419043
s14o_cube_corner_sub_sphere,qlogehvi_mixed_seed,13,9,0.9059689288634505,0.03019013495419043
s14o_cube_corner_sub_sphere,qlogehvi_mixed_seed,13,10,0.9059689288634505,0.03019013495419043
s14o_cube_corner_sub_sphere,qlogehvi_mixed_seed,13,11,0.9059689288634505,0.03019013495419043
s14o_cube_corner_sub_sphere,qlogehvi_mixed_seed,13,12,0.9219894845955355,0.014169919718851481
s14o_cube_corner_sub_sphere,qlogehvi_mixed_seed,13,13,0.9307334109429569,0.005428575268464213
s14o_cube_corner_sub_sphere,qlogehvi_mixed_seed,13,14,0.9307334109429569,0.005428575268464213
s14o_cube_corner_sub_sphere,qlogehvi_mixed_seed,13,15,0.9308143648418052,0.005428575268464213
s14o_cube_corner_sub_sphere,qlogehvi_mixed_seed,13,16,0.9308143648418052,0.005428575268464213
s14o_cube_corner_sub_sphere,qlogehvi_mixed_seed,13,17,0.9308143648418052,0.005428575268464213
s14o_cube_corner_sub_sphere,qlogehvi_mixed_seed,13,18,0.9308143648418052,0.005428575268464213
s14o_cube_corner_sub_sphere,qlogehvi_mixed_seed,13,19,0.9308143648418052,0.005428575268464213
s14o_cube_corner_sub_sphere,qlogehvi_mixed_seed,13,20,0.9308143648418052,0.005428575268464213
s14o_cube_corner_sub_sphere,random,11,1,0.8427131713985624,0.0909188802801231
s14o_cube_corner_sub_sphere,random,11,2,0.9126121679572529,0.022601851730643486
s14o_cube_corner_sub_sphere,random,11,3,0.9129140028515652,0.022601851730643486
s14o_cube_corner_sub_sphere,random,11,4,0.9129657581468352,0.022601851730643486
s14o_cube_corner_sub_sphere,random,11,5,0.9129657581468352,0.022601851730643486
s14o_cube_corner_sub_sphere,random,11,6,0.9129657581468352,0.022601851730643486
s14o_cube_corner_sub_sphere,random,11,7,0.9129657581468352,0.022601851730643486
s14o_cube_corner_sub_sphere,random,11,8,0.9129657581468352,0.022601851730643486
s14o_cube_corner_sub_sphere,random,11,9,0.9129657581468352,0.022601851730643486
s14o_cube_corner_sub_sphere,random,11,10,0.9332609875203473,0.0029026993633947075
s14o_cube_corner_sub_sphere,random,11,11,0.9332609875203473,0.0029026993633947075
s14o_cube_corner_sub_sphere,random,11,12,0.9332609875203473,0.0029026993633947075
s14o_cube_corner_sub_sphere,random,11,13,0.9332609875203473,0.0029026993633947075
s14o_cube_corner_sub_sphere,random,11,14,0.9332609875203473,0.0029026993633947075
s14o_cube_corner_sub_sphere,random,11,15,0.9332609875203473,0.0029026993633947075
s14o_cube_corner_sub_sphere,random,11,16,0.9332609875203473,0.0029026993633947075
s14o_cube_corner_sub_sphere,random,11,17,0.9332609875203473,0.0029026993633947075
s14o_cube_corner_sub_sphere,random,11,18,0.9332609875203473,0.0029026993633947075
s14o_cube_corner_sub_sphere,random,11,19,0.9332609875203473,0.0029026993633947075
s14o_cube_corner_sub_sphere,random,11,20,0.9332609875203473,0.0029026993633947075
s14o_cube_corner_sub_sphere,random,12,1,0.9017397115878449,0.03335699725937247
s14o_cube_corner_sub_sphere,random,12,2,0.9017397115878449,0.03335699725937247
s14o_cube_corner_sub_sphere,random,12,3,0.9017397115878449,0.03335699725937247
s14o_cube_corner_sub_sphere,random,12,4,0.9237974966393369,0.012017973178537911
s14o_cube_corner_sub_sphere,random,12,5,0.9237974966393369,0.012017973178537911
s14o_cube_corner_sub_sphere,random,12,6,0.9237974966393369,0.012017973178537911
s14o_cube_corner_sub_sphere,random,12,7,0.9237974966393369,0.012017973178537911
s14o_cube_corner_sub_sphere,random,12,8,0.9237974966393369,0.012017973178537911
s14o_cube_corner_sub_sphere,random,12,9,0.9237974966393369,0.012017973178537911
s14o_cube_corner_sub_sphere,random,12,10,0.9237974966393369,0.012017973178537911
s14o_cube_corner_sub_sphere,random,12,11,0.9237974966393369,0.012017973178537911
s14o_cube_corner_sub_sphere,random,12,12,0.9237974966393369,0.012017973178537911
s14o_cube_corner_sub_sphere,random,12,13,0.9237974966393369,0.012017973178537911
s14o_cube_corner_sub_sphere,random,12,14,0.9237974966393369,0.012017973178537911
s14o_cube_corner_sub_sphere,random,12,15,0.9237974966393369,0.012017973178537911
s14o_cube_corner_sub_sphere,random,12,16,0.9237974966393369,0.012017973178537911
s14o_cube_corner_sub_sphere,random,12,17,0.9237974966393369,0.012017973178537911
s14o_cube_corner_sub_sphere,random,12,18,0.9237974966393369,0.012017973178537911
s14o_cube_corner_sub_sphere,random,12,19,0.9237974966393369,0.012017973178537911
s14o_cube_corner_sub_sphere,random,12,20,0.9237974966393369,0.012017973178537911
s14o_cube_corner_sub_sphere,random,13,1,0.8332832025033575,0.10155990182530365
s14o_cube_corner_sub_sphere,random,13,2,0.8335242181611286,0.10155990182530365
s14o_cube_corner_sub_sphere,random,13,3,0.9059689288634505,0.03019013495419043
s14o_cube_corner_sub_sphere,random,13,4,0.9059689288634505,0.03019013495419043
s14o_cube_corner_sub_sphere,random,13,5,0.9059689288634505,0.03019013495419043
s14o_cube_corner_sub_sphere,random,13,6,0.9059689288634505,0.03019013495419043
s14o_cube_corner_sub_sphere,random,13,7,0.9059689288634505,0.03019013495419043
s14o_cube_corner_sub_sphere,random,13,8,0.9084665853397881,0.02770549724649172
s14o_cube_corner_sub_sphere,random,13,9,0.9084665853397881,0.02770549724649172
s14o_cube_corner_sub_sphere,random,13,10,0.9084665853397881,0.02770549724649172
s14o_cube_corner_sub_sphere,random,13,11,0.9084665853397881,0.02770549724649172
s14o_cube_corner_sub_sphere,random,13,12,0.9084665853397881,0.02770549724649172
s14o_cube_corner_sub_sphere,random,13,13,0.9084665853397881,0.02770549724649172
s14o_cube_corner_sub_sphere,random,13,14,0.9390432433299541,0.0029026993633947075
s14o_cube_corner_sub_sphere,random,13,15,0.9390435859011824,0.0029026993633947075
s14o_cube_corner_sub_sphere,random,13,16,0.9390451075244702,0.0029026993633947075
s14o_cube_corner_sub_sphere,random,13,17,0.9390451075244702,0.0029026993633947075
s14o_cube_corner_sub_sphere,random,13,18,0.9390451075244702,0.0029026993633947075
s14o_cube_corner_sub_sphere,random,13,19,0.9390451075244702,0.0029026993633947075
s14o_cube_corner_sub_sphere,random,13,20,0.9390451075244702,0.0029026993633947075
s14o_cube_corner_sub_sphere,random_seed,11,1,0.8313386702865703,0.10202277812428946
s14o_cube_corner_sub_sphere,random_seed,11,2,0.9126121679572529,0.022601851730643486
s14o_cube_corner_sub_sphere,random_seed,11,3,0.9129140028515652,0.022601851730643486
s14o_cube_corner_sub_sphere,random_seed,11,4,0.9129657581468352,0.022601851730643486
s14o_cube_corner_sub_sphere,random_seed,11,5,0.9129657581468352,0.022601851730643486
s14o_cube_corner_sub_sphere,random_seed,11,6,0.9129657581468352,0.022601851730643486
s14o_cube_corner_sub_sphere,random_seed,11,7,0.9129657581468352,0.022601851730643486
s14o_cube_corner_sub_sphere,random_seed,11,8,0.9129657581468352,0.022601851730643486
s14o_cube_corner_sub_sphere,random_seed,11,9,0.9129657581468352,0.022601851730643486
s14o_cube_corner_sub_sphere,random_seed,11,10,0.9129657581468352,0.022601851730643486
s14o_cube_corner_sub_sphere,random_seed,11,11,0.9129657581468352,0.022601851730643486
s14o_cube_corner_sub_sphere,random_seed,11,12,0.9129657581468352,0.022601851730643486
s14o_cube_corner_sub_sphere,random_seed,11,13,0.9129657581468352,0.022601851730643486
s14o_cube_corner_sub_sphere,random_seed,11,14,0.9129657581468352,0.022601851730643486
s14o_cube_corner_sub_sphere,random_seed,11,15,0.9129657581468352,0.022601851730643486
s14o_cube_corner_sub_sphere,random_seed,11,16,0.9332609875203473,0.0029026993633947075
s14o_cube_corner_sub_sphere,random_seed,11,17,0.9332609875203473,0.0029026993633947075
s14o_cube_corner_sub_sphere,random_seed,11,18,0.9332609875203473,0.0029026993633947075
s14o_cube_corner_sub_sphere,random_seed,11,19,0.9332609875203473,0.0029026993633947075
s14o_cube_corner_sub_sphere,random_seed,11,20,0.9332609875203473,0.0029026993633947075
s14o_cube_corner_sub_sphere,random_seed,12,1,0.8313386702865703,0.10202277812428946
s14o_cube_corner_sub_sphere,random_seed,12,2,0.852287723158594,0.08135269581003149
s14o_cube_corner_sub_sphere,random_seed,12,3,0.8530639293705747,0.08135269581003149
s14o_cube_corner_sub_sphere,random_seed,12,4,0.9017397115878449,0.03335699725937247
s14o_cube_corner_sub_sphere,random_seed,12,5,0.9017397115878449,0.03335699725937247
s14o_cube_corner_sub_sphere,random_seed,12,6,0.9017397115878449,0.03335699725937247
s14o_cube_corner_sub_sphere,random_seed,12,7,0.9237974966393369,0.012017973178537911
s14o_cube_corner_sub_sphere,random_seed,12,8,0.9237974966393369,0.012017973178537911
s14o_cube_corner_sub_sphere,random_seed,12,9,0.9237974966393369,0.012017973178537911
s14o_cube_corner_sub_sphere,random_seed,12,10,0.9237974966393369,0.012017973178537911
s14o_cube_corner_sub_sphere,random_seed,12,11,0.9237974966393369,0.012017973178537911
s14o_cube_corner_sub_sphere,random_seed,12,12,0.9237974966393369,0.012017973178537911
s14o_cube_corner_sub_sphere,random_seed,12,13,0.9237974966393369,0.012017973178537911
s14o_cube_corner_sub_sphere,random_seed,12,14,0.9237974966393369,0.012017973178537911
s14o_cube_corner_sub_sphere,random_seed,12,15,0.9237974966393369,0.012017973178537911
s14o_cube_corner_sub_sphere,random_seed,12,16,0.9237974966393369,0.012017973178537911
s14o_cube_corner_sub_sphere,random_seed,12,17,0.9237974966393369,0.012017973178537911
s14o_cube_corner_sub_sphere,random_seed,12,18,0.9237974966393369,0.012017973178537911
s14o_cube_corner_sub_sphere,random_seed,12,19,0.9237974966393369,0.012017973178537911
s14o_cube_corner_sub_sphere,random_seed,12,20,0.9237974966393369,0.012017973178537911
s14o_cube_corner_sub_sphere,random_seed,13,1,0.8313386702865703,0.10202277812428946
s14o_cube_corner_sub_sphere,random_seed,13,2,0.8330857328898549,0.10202277812428946
s14o_cube_corner_sub_sphere,random_seed,13,3,0.9059689288634505,0.03019013495419043
s14o_cube_corner_sub_sphere,random_seed,13,4,0.9059689288634505,0.03019013495419043
s14o_cube_corner_sub_sphere,random_seed,13,5,0.9059689288634505,0.03019013495419043
s14o_cube_corner_sub_sphere,random_seed,13,6,0.9059689288634505,0.03019013495419043
s14o_cube_corner_sub_sphere,random_seed,13,7,0.9059689288634505,0.03019013495419043
s14o_cube_corner_sub_sphere,random_seed,13,8,0.9084665853397881,0.02770549724649172
s14o_cube_corner_sub_sphere,random_seed,13,9,0.9084665853397881,0.02770549724649172
s14o_cube_corner_sub_sphere,random_seed,13,10,0.9084665853397881,0.02770549724649172
s14o_cube_corner_sub_sphere,random_seed,13,11,0.9084665853397881,0.02770549724649172
s14o_cube_corner_sub_sphere,random_seed,13,12,0.9084665853397881,0.02770549724649172
s14o_cube_corner_sub_sphere,random_seed,13,13,0.9084665853397881,0.02770549724649172
s14o_cube_corner_sub_sphere,random_seed,13,14,0.9390432433299541,0.0029026993633947075
s14o_cube_corner_sub_sphere,random_seed,13,15,0.9390435859011824,0.0029026993633947075
s14o_cube_corner_sub_sphere,random_seed,13,16,0.9390451075244702,0.0029026993633947075
s14o_cube_corner_sub_sphere,random_seed,13,17,0.9390451075244702,0.0029026993633947075
s14o_cube_corner_sub_sphere,random_seed,13,18,0.9390451075244702,0.0029026993633947075
s14o_cube_corner_sub_sphere,random_seed,13,19,0.9390451075244702,0.0029026993633947075
s14o_cube_corner_sub_sphere,random_seed,13,20,0.9390451075244702,0.0029026993633947075
s15o_cylinder,parego,11,1,0.8216412229235793,0.14149622092824593
s15o_cylinder,parego,11,2,0.914592956232146,0.04842281735076399
s15o_cylinder,parego,11,3,0.914592956232146,0.04842281735076399
s15o_cylinder,parego,11,4,0.9149553941525375,0.04842281735076399
s15o_cylinder,parego,11,5,0.9149553941525375,0.04842281735076399
s15o_cylinder,parego,11,6,0.9151171047749284,0.04842281735076399
s15o_cylinder,parego,11,7,0.9151171047749284,0.04842281735076399
s15o_cylinder,parego,11,8,0.9285016035904478,0.035028546390797194
s15o_cylinder,parego,11,9,0.9285016035904478,0.035028546390797194
s15o_cylinder,parego,11,10,0.9286276969517635,0.035028546390797194
s15o_cylinder,parego,11,11,0.9286279979682062,0.035028546390797194
s15o_cylinder,parego,11,12,0.9286279979682062,0.035028546390797194
s15o_cylinder,parego,11,13,0.928776748861063,0.035028546390797194
s15o_cylinder,parego,11,14,0.9346044170234122,0.029202433739767594
s15o_cylinder,parego,11,15,0.9346044170234122,0.029202433739767594
s15o_cylinder,parego,11,16,0.9346044170234122,0.029202433739767594
s15o_cylinder,parego,11,17,0.9346044170234122,0.029202433739767594
s15o_cylinder,parego,11,18,0.9346044170234122,0.029202433739767594
s15o_cylinder,parego,11,19,0.9346044170234122,0.029202433739767594
s15o_cylinder,parego,11,20,0.9346044170234122,0.029202433739767594
s15o_cylinder,parego,12,1,0.9080683853374394,0.05536297767509638
s15o_cylinder,parego,12,2,0.9086423654503561,0.05536297767509638
s15o_cylinder,parego,12,3,0.9086423654503561,0.05536297767509638
s15o_cylinder,parego,12,4,0.9252174657825628,0.03877862267633774
s15o_cylinder,parego,12,5,0.9252298272278476,0.03877862267633774
s15o_cylinder,parego,12,6,0.9252298272278476,0.03877862267633774
s15o_cylinder,parego,12,7,0.9252298272278476,0.03877862267633774
s15o_cylinder,parego,12,8,0.9252298272278476,0.03877862267633774
s15o_cylinder,parego,12,9,0.9266796449260786,0.03733350660209324
s15o_cylinder,parego,12,10,0.9266796449260786,0.03733350660209324
s15o_cylinder,parego,12,11,0.9266896352213149,0.03733350660209324
s15o_cylinder,parego,12,12,0.9266917175043755,0.03733350660209324
s15o_cylinder,parego,12,13,0.9307529059190413,0.0333114997708572
s15o_cylinder,parego,12,14,0.9383087046373464,0.025703527313163915
s15o_cylinder,parego,12,15,0.9383096208869177,0.025703527313163915
s15o_cylinder,parego,12,16,0.9383096208869177,0.025703527313163915
s15o_cylinder,parego,12,17,0.9383096208869177,0.025703527313163915
s15o_cylinder,parego,12,18,0.9383096208869177,0.025703527313163915
s15o_cylinder,parego,12,19,0.9383096208869177,0.025703527313163915
s15o_cylinder,parego,12,20,0.9383096208869177,0.025703527313163915
s15o_cylinder,parego,13,1,0.8097386076804719,0.15301181709454026
s15o_cylinder,parego,13,2,0.8100398948144099,0.1527106844795851
s15o_cylinder,parego,13,3,0.8773109243697479,0.08671785260866936
s15o_cylinder,parego,13,4,0.8773109243697479,0.08671785260866936
s15o_cylinder,parego,13,5,0.9070631970260223,0.05696557995239496
s15o_cylinder,parego,13,6,0.9070631970260223,0.05696557995239496
s15o_cylinder,parego,13,7,0.9070631970260223,0.05696557995239496
s15o_cylinder,parego,13,8,0.9070631970260223,0.05696557995239496
s15o_cylinder,parego,13,9,0.9070631970260223,0.05696557995239496
s15o_cylinder,parego,13,10,0.9070631970260223,0.05696557995239496
s15o_cylinder,parego,13,11,0.9070631970260223,0.05696557995239496
s15o_cylinder,parego,13,12,0.9640287769784173,0.0
s15o_cylinder,parego,13,13,0.9640287769784173,0.0
s15o_cylinder,parego,13,14,0.9640287769784173,0.0
s15o_cylinder,parego,13,15,0.9640287769784173,0.0
s15o_cylinder,parego,13,16,0.9640287769784173,0.0
s15o_cylinder,parego,13,17,0.9640287769784173,0.0
s15o_cylinder,parego,13,18,0.9640287769784173,0.0
s15o_cylinder,parego,13,19,0.9640287769784173,0.0
s15o_cylinder,parego,13,20,0.9640287769784173,0.0
s15o_cylinder,parego_seed,11,1,0.8310271885734247,0.13144321770002046
s15o_cylinder,parego_seed,11,2,0.9142403190560949,0.04842281735076399
s15o_cylinder,parego_seed,11,3,0.9142403190560949,0.04842281735076399
s15o_cylinder,parego_seed,11,4,0.9149553941525375,0.04842281735076399
s15o_cylinder,parego_seed,11,5,0.9149553941525375,0.04842281735076399
s15o_cylinder,parego_seed,11,6,0.9151171047749284,0.04842281735076399
s15o_cylinder,parego_seed,11,7,0.9222759987395399,0.04142674802236128
s15o_cylinder,parego_seed,11,8,0.9222759987395399,0.04142674802236128
s15o_cylinder,parego_seed,11,9,0.925474824645061,0.0382961304884159
s15o_cylinder,parego_seed,11,10,0.9285172888865455,0.035253685003912454
s15o_cylinder,parego_seed,11,11,0.9285172888865455,0.035253685003912454
s15o_cylinder,parego_seed,11,12,0.9287621726854367,0.035253685003912454
s15o_cylinder,parego_seed,11,13,0.9287621726854367,0.035253685003912454
s15o_cylinder,parego_seed,11,14,0.9287621726854367,0.035253685003912454
s15o_cylinder,parego_seed,11,15,0.9287621726854367,0.035253685003912454
s15o_cylinder,parego_seed,11,16,0.9287621726854367,0.035253685003912454
s15o_cylinder,parego_seed,11,17,0.9287621726854367,0.035253685003912454
s15o_cylinder,parego_seed,11,18,0.9287621726854367,0.035253685003912454
s15o_cylinder,parego_seed,11,19,0.9332274248441452,0.0308068942150583
s15o_cylinder,parego_seed,11,20,0.9332274248441452,0.0308068942150583
s15o_cylinder,parego_seed,12,1,0.8310271885734247,0.13144321770002046
s15o_cylinder,parego_seed,12,2,0.8672839506172839,0.09674482636113332
s15o_cylinder,parego_seed,12,3,0.8672839506172839,0.09674482636113332
s15o_cylinder,parego_seed,12,4,0.9252160803494842,0.03877862267633774
s15o_cylinder,parego_seed,12,5,0.9252160803494842,0.03877862267633774
s15o_cylinder,parego_seed,12,6,0.9252160803494842,0.03877862267633774
s15o_cylinder,parego_seed,12,7,0.9252160803494842,0.03877862267633774
s15o_cylinder,parego_seed,12,8,0.9364043878207321,0.02758510355506574
s15o_cylinder,parego_seed,12,9,0.9364449968990419,0.02758510355506574
s15o_cylinder,parego_seed,12,10,0.9364449968990419,0.02758510355506574
s15o_cylinder,parego_seed,12,11,0.9364449968990419,0.02758510355506574
s15o_cylinder,parego_seed,12,12,0.9364449968990419,0.02758510355506574
s15o_cylinder,parego_seed,12,13,0.9364449968990419,0.02758510355506574
s15o_cylinder,parego_seed,12,14,0.9364449968990419,0.02758510355506574
s15o_cylinder,parego_seed,12,15,0.9364449968990419,0.02758510355506574
s15o_cylinder,parego_seed,12,16,0.9364449968990419,0.02758510355506574
s15o_cylinder,parego_seed,12,17,0.9364449968990419,0.02758510355506574
s15o_cylinder,parego_seed,12,18,0.9364449968990419,0.02758510355506574
s15o_cylinder,parego_seed,12,19,0.9364449968990419,0.02758510355506574
s15o_cylinder,parego_seed,12,20,0.9364449968990419,0.02758510355506574
s15o_cylinder,parego_seed,13,1,0.8310271885734247,0.13144321770002046
s15o_cylinder,parego_seed,13,2,0.8312232200327083,0.13144321770002046
s15o_cylinder,parego_seed,13,3,0.8773109243697479,0.08671785260866936
s15o_cylinder,parego_seed,13,4,0.8773109243697479,0.08671785260866936
s15o_cylinder,parego_seed,13,5,0.8773109243697479,0.08671785260866936
s15o_cylinder,parego_seed,13,6,0.8918267419977888,0.07219626349689157
s15o_cylinder,parego_seed,13,7,0.933999420766637,0.0299949454820519
s15o_cylinder,parego_seed,13,8,0.933999420766637,0.0299949454820519
s15o_cylinder,parego_seed,13,9,0.933999420766637,0.0299949454820519
s15o_cylinder,parego_seed,13,10,0.9340155629804611,0.0299949454820519
s15o_cylinder,parego_seed,13,11,0.9340155629804611,0.0299949454820519
s15o_cylinder,parego_seed,13,12,0.9340155629804611,0.0299949454820519
s15o_cylinder,parego_seed,13,13,0.9340155629804611,0.0299949454820519
s15o_cylinder,parego_seed,13,14,0.9340155629804611,0.0299949454820519
s15o_cylinder,parego_seed,13,15,0.9340155629804611,0.0299949454820519
s15o_cylinder,parego_seed,13,16,0.9340155629804611,0.0299949454820519
s15o_cylinder,parego_seed,13,17,0.9340155629804611,0.0299949454820519
s15o_cylinder,parego_seed,13,18,0.9340155629804611,0.0299949454820519
s15o_cylinder,parego_seed,13,19,0.9340155629804611,0.0299949454820519
s15o_cylinder,parego_seed,13,20,0.9340155629804611,0.0299949454820519
s15o_cylinder,qlogehvi_mixed,11,1,0.8216412229235793,0.14149622092824593
s15o_cylinder,qlogehvi_mixed,11,2,0.914592956232146,0.04842281735076399
s15o_cylinder,qlogehvi_mixed,11,3,0.914592956232146,0.04842281735076399
s15o_cylinder,qlogehvi_mixed,11,4,0.9149553941525375,0.04842281735076399
s15o_cylinder,qlogehvi_mixed,11,5,0.9260987898799325,0.03727040969188721
s15o_cylinder,qlogehvi_mixed,11,6,0.9267028508737756,0.03707295941228857
s15o_cylinder,qlogehvi_mixed,11,7,0.9267028508737756,0.03707295941228857
s15o_cylinder,qlogehvi_mixed,11,8,0.9267028508737756,0.03707295941228857
s15o_cylinder,qlogehvi_mixed,11,9,0.9273341414218543,0.03644174368686348
s15o_cylinder,qlogehvi_mixed,11,10,0.9292236818501906,0.03455245957088012
s15o_cylinder,qlogehvi_mixed,11,11,0.9292236818501906,0.03455245957088012
s15o_cylinder,qlogehvi_mixed,11,12,0.9292236818501906,0.03455245957088012
s15o_cylinder,qlogehvi_mixed,11,13,0.9292236818501906,0.03455245957088012
s15o_cylinder,qlogehvi_mixed,11,14,0.9292236818501906,0.03455245957088012
s15o_cylinder,qlogehvi_mixed,11,15,0.9292236818501906,0.03455245957088012
s15o_cylinder,qlogehvi_mixed,11,16,0.9292236818501906,0.03455245957088012
s15o_cylinder,qlogehvi_mixed,11,17,0.9292236818501906,0.03455245957088012
s15o_cylinder,qlogehvi_mixed,11,18,0.9292236818501906,0.03455245957088012
s15o_cylinder,qlogehvi_mixed,11,19,0.9292236818501906,0.03455245957088012
s15o_cylinder,qlogehvi_mixed,11,20,0.9292236818501906,0.03455245957088012
s15o_cylinder,qlogehvi_mixed,12,1,0.9080683853374394,0.05536297767509638
s15o_cylinder,qlogehvi_mixed,12,2,0.9086423654503561,0.05536297767509638
s15o_cylinder,qlogehvi_mixed,12,3,0.9086423654503561,0.05536297767509638
s15o_cylinder,qlogehvi_mixed,12,4,0.9252174657825628,0.03877862267633774
s15o_cylinder,qlogehvi_mixed,12,5,0.9260019264790955,0.03800138970197739
s15o_cylinder,qlogehvi_mixed,12,6,0.9260023352901406,0.03800138970197739
s15o_cylinder,qlogehvi_mixed,12,7,0.9260023352901406,0.03800138970197739
s15o_cylinder,qlogehvi_mixed,12,8,0.9343678051613831,0.029657057126647894
s15o_cylinder,qlogehvi_mixed,12,9,0.9343678051613831,0.029657057126647894
s15o_cylinder,qlogehvi_mixed,12,10,0.9343678051613831,0.029657057126647894
s15o_cylinder,qlogehvi_mixed,12,11,0.9343678051613831,0.029657057126647894
s15o_cylinder,qlogehvi_mixed,12,12,0.9343678051613831,0.029657057126647894
s15o_cylinder,qlogehvi_mixed,12,13,0.9343813906353692,0.029657057126647894
s15o_cylinder,qlogehvi_mixed,12,14,0.9343813906353692,0.029657057126647894
s15o_cylinder,qlogehvi_mixed,12,15,0.9343813906353692,0.029657057126647894
s15o_cylinder,qlogehvi_mixed,12,16,0.9343813906353692,0.029657057126647894
s15o_cylinder,qlogehvi_mixed,12,17,0.9343813906353692,0.029657057126647894
s15o_cylinder,qlogehvi_mixed,12,18,0.9344030603448692,0.029657057126647894
s15o_cylinder,qlogehvi_mixed,12,19,0.9344128594917486,0.029657057126647894
s15o_cylinder,qlogehvi_mixed,12,20,0.9344137820629282,0.029657057126647894
s15o_cylinder,qlogehvi_mixed,13,1,0.8097386076804719,0.15301181709454026
s15o_cylinder,qlogehvi_mixed,13,2,0.8100398948144099,0.1527106844795851
s15o_cylinder,qlogehvi_mixed,13,3,0.8773109243697479,0.08671785260866936
s15o_cylinder,qlogehvi_mixed,13,4,0.8773109243697479,0.08671785260866936
s15o_cylinder,qlogehvi_mixed,13,5,0.8773109243697479,0.08671785260866936
s15o_cylinder,qlogehvi_mixed,13,6,0.8877707513701495,0.07629324009077565
s15o_cylinder,qlogehvi_mixed,13,7,0.8877707513701495,0.07629324009077565
s15o_cylinder,qlogehvi_mixed,13,8,0.9097223831272967,0.05427003552266834
s15o_cylinder,qlogehvi_mixed,13,9,0.9097266146889368,0.05427003552266834
s15o_cylinder,qlogehvi_mixed,13,10,0.9097266146889368,0.05427003552266834
s15o_cylinder,qlogehvi_mixed,13,11,0.9322495839619865,0.03177810466789308
s15o_cylinder,qlogehvi_mixed,13,12,0.9322580288901199,0.03177810466789308
s15o_cylinder,qlogehvi_mixed,13,13,0.9322704341972861,0.03177810466789308
s15o_cylinder,qlogehvi_mixed,13,14,0.9323161161742056,0.03177810466789308
s15o_cylinder,qlogehvi_mixed,13,15,0.9323161161742056,0.03177810466789308
s15o_cylinder,qlogehvi_mixed,13,16,0.9323161161742056,0.03177810466789308
s15o_cylinder,qlogehvi_mixed,13,17,0.9323161161742056,0.03177810466789308
s15o_cylinder,qlogehvi_mixed,13,18,0.9323161161742056,0.03177810466789308
s15o_cylinder,qlogehvi_mixed,13,19,0.9323161161742056,0.03177810466789308
s15o_cylinder,qlogehvi_mixed,13,20,0.9323161161742056,0.03177810466789308
s15o_cylinder,qlogehvi_mixed_seed,11,1,0.8310271885734247,0.13144321770002046
s15o_cylinder,qlogehvi_mixed_seed,11,2,0.9142403190560949,0.04842281735076399
s15o_cylinder,qlogehvi_mixed_seed,11,3,0.9142403190560949,0.04842281735076399
s15o_cylinder,qlogehvi_mixed_seed,11,4,0.9149553941525375,0.04842281735076399
s15o_cylinder,qlogehvi_mixed_seed,11,5,0.9280903320193533,0.035737390671782894
s15o_cylinder,qlogehvi_mixed_seed,11,6,0.9280903320193533,0.035737390671782894
s15o_cylinder,qlogehvi_mixed_seed,11,7,0.928138909300348,0.035737390671782894
s15o_cylinder,qlogehvi_mixed_seed,11,8,0.928138909300348,0.035737390671782894
s15o_cylinder,qlogehvi_mixed_seed,11,9,0.928138909300348,0.035737390671782894
s15o_cylinder,qlogehvi_mixed_seed,11,10,0.9293249961357469,0.03455245957088012
s15o_cylinder,qlogehvi_mixed_seed,11,11,0.9293249961357469,0.03455245957088012
s15o_cylinder,qlogehvi_mixed_seed,11,12,0.9293249961357469,0.03455245957088012
s15o_cylinder,qlogehvi_mixed_seed,11,13,0.9293249961357469,0.03455245957088012
s15o_cylinder,qlogehvi_mixed_seed,11,14,0.9294543627877574,0.034422751533991686
s15o_cylinder,qlogehvi_mixed_seed,11,15,0.9294543627877574,0.034422751533991686
s15o_cylinder,qlogehvi_mixed_seed,11,16,0.929541745036558,0.0343352821442377
s15o_cylinder,qlogehvi_mixed_seed,11,17,0.929541745036558,0.0343352821442377
s15o_cylinder,qlogehvi_mixed_seed,11,18,0.929541745036558,0.0343352821442377
s15o_cylinder,qlogehvi_mixed_seed,11,19,0.929541745036558,0.0343352821442377
s15o_cylinder,qlogehvi_mixed_seed,11,20,0.929541745036558,0.0343352821442377
s15o_cylinder,qlogehvi_mixed_seed,12,1,0.8310271885734247,0.13144321770002046
s15o_cylinder,qlogehvi_mixed_seed,12,2,0.8672839506172839,0.09674482636113332
s15o_cylinder,qlogehvi_mixed_seed,12,3,0.8672839506172839,0.09674482636113332
s15o_cylinder,qlogehvi_mixed_seed,12,4,0.9252160803494842,0.03877862267633774
s15o_cylinder,qlogehvi_mixed_seed,12,5,0.9252160803494842,0.03877862267633774
s15o_cylinder,qlogehvi_mixed_seed,12,6,0.9252409488065986,0.03877862267633774
s15o_cylinder,qlogehvi_mixed_seed,12,7,0.9252409488065986,0.03877862267633774
s15o_cylinder,qlogehvi_mixed_seed,12,8,0.9252409488065986,0.03877862267633774
s15o_cylinder,qlogehvi_mixed_seed,12,9,0.9252409488065986,0.03877862267633774
s15o_cylinder,qlogehvi_mixed_seed,12,10,0.9252409488065986,0.03877862267633774
s15o_cylinder,qlogehvi_mixed_seed,12,11,0.9252409488065986,0.03877862267633774
s15o_cylinder,qlogehvi_mixed_seed,12,12,0.9252409488065986,0.03877862267633774
s15o_cylinder,qlogehvi_mixed_seed,12,13,0.9252409488065986,0.03877862267633774
s15o_cylinder,qlogehvi_mixed_seed,12,14,0.9252409488065986,0.03877862267633774
s15o_cylinder,qlogehvi_mixed_seed,12,15,0.9252416938384525,0.03877862267633774
s15o_cylinder,qlogehvi_mixed_seed,12,16,0.9252416938384525,0.03877862267633774
s15o_cylinder,qlogehvi_mixed_seed,12,17,0.9252416938384525,0.03877862267633774
s15o_cylinder,qlogehvi_mixed_seed,12,18,0.9252416938384525,0.03877862267633774
s15o_cylinder,qlogehvi_mixed_seed,12,19,0.9252418218502638,0.03877862267633774
s15o_cylinder,qlogehvi_mixed_seed,12,20,0.9252418218502638,0.03877862267633774
s15o_cylinder,qlogehvi_mixed_seed,13,1,0.8310271885734247,0.13144321770002046
s15o_cylinder,qlogehvi_mixed_seed,13,2,0.8312232200327083,0.13144321770002046
s15o_cylinder,qlogehvi_mixed_seed,13,3,0.8773109243697479,0.08671785260866936
s15o_cylinder,qlogehvi_mixed_seed,13,4,0.8773109243697479,0.08671785260866936
s15o_cylinder,qlogehvi_mixed_seed,13,5,0.8998384491114702,0.06419032786694716
s15o_cylinder,qlogehvi_mixed_seed,13,6,0.8998384491114702,0.06419032786694716
s15o_cylinder,qlogehvi_mixed_seed,13,7,0.8998384491114702,0.06419032786694716
s15o_cylinder,qlogehvi_mixed_seed,13,8,0.9593345656192237,0.004694211359193609
s15o_cylinder,qlogehvi_mixed_seed,13,9,0.9593345656192237,0.004694211359193609
s15o_cylinder,qlogehvi_mixed_seed,13,10,0.9593345656192237,0.004694211359193609
s15o_cylinder,qlogehvi_mixed_seed,13,11,0.9593345656192237,0.004694211359193609
s15o_cylinder,qlogehvi_mixed_seed,13,12,0.9593345656192237,0.004694211359193609
s15o_cylinder,qlogehvi_mixed_seed,13,13,0.9593345656192237,0.004694211359193609
s15o_cylinder,qlogehvi_mixed_seed,13,14,0.9593345656192237,0.004694211359193609
s15o_cylinder,qlogehvi_mixed_seed,13,15,0.9593345656192237,0.004694211359193609
s15o_cylinder,qlogehvi_mixed_seed,13,16,0.9593345656192237,0.004694211359193609
s15o_cylinder,qlogehvi_mixed_seed,13,17,0.9593345656192237,0.004694211359193609
s15o_cylinder,qlogehvi_mixed_seed,13,18,0.9593345656192237,0.004694211359193609
s15o_cylinder,qlogehvi_mixed_seed,13,19,0.9593345656192237,0.004694211359193609
s15o_cylinder,qlogehvi_mixed_seed,13,20,0.9593345656192237,0.004694211359193609
s15o_cylinder,random,11,1,0.8216412229235793,0.14149622092824593
s15o_cylinder,random,11,2,0.914592956232146,0.04842281735076399
s15o_cylinder,random,11,3,0.914592956232146,0.04842281735076399
s15o_cylinder,random,11,4,0.9149553941525375,0.04842281735076399
s15o_cylinder,random,11,5,0.9151811197375509,0.04842281735076399
s15o_cylinder,random,11,6,0.9151811197375509,0.04842281735076399
s15o_cylinder,random,11,7,0.9151811197375509,0.04842281735076399
s15o_cylinder,random,11,8,0.9151811197375509,0.04842281735076399
s15o_cylinder,random,11,9,0.9151811197375509,0.04842281735076399
s15o_cylinder,random,11,10,0.9163361298254402,0.04729135966662897
s15o_cylinder,random,11,11,0.9163361298254402,0.04729135966662897
s15o_cylinder,random,11,12,0.9163362118201247,0.04729135966662897
s15o_cylinder,random,11,13,0.9163362118201247,0.04729135966662897
s15o_cylinder,random,11,14,0.9163362118201247,0.04729135966662897
s15o_cylinder,random,11,15,0.9163362118201247,0.04729135966662897
s15o_cylinder,random,11,16,0.9163362118201247,0.04729135966662897
s15o_cylinder,random,11,17,0.9163362118201247,0.04729135966662897
s15o_cylinder,random,11,18,0.9163362118201247,0.04729135966662897
s15o_cylinder,random,11,19,0.9167200379885232,0.04729135966662897
s15o_cylinder,random,11,20,0.9167200379885232,0.04729135966662897
s15o_cylinder,random,12,1,0.9080683853374394,0.05536297767509638
s15o_cylinder,random,12,2,0.9086423654503561,0.05536297767509638
s15o_cylinder,random,12,3,0.9086423654503561,0.05536297767509638
s15o_cylinder,random,12,4,0.9252174657825628,0.03877862267633774
s15o_cylinder,random,12,5,0.9252174657825628,0.03877862267633774
s15o_cylinder,random,12,6,0.9252237584049389,0.03877862267633774
s15o_cylinder,random,12,7,0.9357142857142857,0.028314491264131547
s15o_cylinder,random,12,8,0.9357142857142857,0.028314491264131547
s15o_cylinder,random,12,9,0.9357142857142857,0.028314491264131547
s15o_cylinder,random,12,10,0.9357142857142857,0.028314491264131547
s15o_cylinder,random,12,11,0.9357142857142857,0.028314491264131547
s15o_cylinder,random,12,12,0.9357142857142857,0.028314491264131547
s15o_cylinder,random,12,13,0.9357142857142857,0.028314491264131547
s15o_cylinder,random,12,14,0.9357142857142857,0.028314491264131547
s15o_cylinder,random,12,15,0.9357142857142857,0.028314491264131547
s15o_cylinder,random,12,16,0.9357142857142857,0.028314491264131547
s15o_cylinder,random,12,17,0.9357142857142857,0.028314491264131547
s15o_cylinder,random,12,18,0.9357142857142857,0.028314491264131547
s15o_cylinder,random,12,19,0.9357142857142857,0.028314491264131547
s15o_cylinder,random,12,20,0.9357142857142857,0.028314491264131547
s15o_cylinder,random,13,1,0.8097386076804719,0.15301181709454026
s15o_cylinder,random,13,2,0.8100398948144099,0.1527106844795851
s15o_cylinder,random,13,3,0.8773109243697479,0.08671785260866936
s15o_cylinder,random,13,4,0.8773109243697479,0.08671785260866936
s15o_cylinder,random,13,5,0.8773109243697479,0.08671785260866936
s15o_cylinder,random,13,6,0.8773109243697479,0.08671785260866936
s15o_cylinder,random,13,7,0.8952444593260471,0.06877479492155855
s15o_cylinder,random,13,8,0.9067569162734017,0.057257335406826294
s15o_cylinder,random,13,9,0.9067569162734017,0.057257335406826294
s15o_cylinder,random,13,10,0.9067569162734017,0.057257335406826294
s15o_cylinder,random,13,11,0.9067569162734017,0.057257335406826294
s15o_cylinder,random,13,12,0.9067569162734017,0.057257335406826294
s15o_cylinder,random,13,13,0.9067569162734017,0.057257335406826294
s15o_cylinder,random,13,14,0.9145413300114208,0.04947119850772408
s15o_cylinder,random,13,15,0.9245132246175025,0.03949956358430479
s15o_cylinder,random,13,16,0.9252426824293543,0.03877038258078813
s15o_cylinder,random,13,17,0.9252426824293543,0.03877038258078813
s15o_cylinder,random,13,18,0.9252426824293543,0.03877038258078813
s15o_cylinder,random,13,19,0.9252470430099866,0.03877038258078813
s15o_cylinder,random,13,20,0.9252470430099866,0.03877038258078813
s15o_cylinder,random_seed,11,1,0.8310271885734247,0.13144321770002046
s15o_cylinder,random_seed,11,2,0.9142403190560949,0.04842281735076399
s15o_cylinder,random_seed,11,3,0.9142403190560949,0.04842281735076399
s15o_cylinder,random_seed,11,4,0.9149553941525375,0.04842281735076399
s15o_cylinder,random_seed,11,5,0.9151811197375509,0.04842281735076399
s15o_cylinder,random_seed,11,6,0.9151811197375509,0.04842281735076399
s15o_cylinder,random_seed,11,7,0.9151811197375509,0.04842281735076399
s15o_cylinder,random_seed,11,8,0.9151811197375509,0.04842281735076399
s15o_cylinder,random_seed,11,9,0.9151811197375509,0.04842281735076399
s15o_cylinder,random_seed,11,10,0.9163361298254402,0.04729135966662897
s15o_cylinder,random_seed,11,11,0.9163361298254402,0.04729135966662897
s15o_cylinder,random_seed,11,12,0.9163362118201247,0.04729135966662897
s15o_cylinder,random_seed,11,13,0.9163362118201247,0.04729135966662897
s15o_cylinder,random_seed,11,14,0.9163362118201247,0.04729135966662897
s15o_cylinder,random_seed,11,15,0.9163362118201247,0.04729135966662897
s15o_cylinder,random_seed,11,16,0.9163362118201247,0.04729135966662897
s15o_cylinder,random_seed,11,17,0.9163362118201247,0.04729135966662897
s15o_cylinder,random_seed,11,18,0.9163362118201247,0.04729135966662897
s15o_cylinder,random_seed,11,19,0.9167200379885232,0.04729135966662897
s15o_cylinder,random_seed,11,20,0.9167200379885232,0.04729135966662897
s15o_cylinder,random_seed,12,1,0.8310271885734247,0.13144321770002046
s15o_cylinder,random_seed,12,2,0.8672839506172839,0.09674482636113332
s15o_cylinder,random_seed,12,3,0.8672839506172839,0.09674482636113332
s15o_cylinder,random_seed,12,4,0.9252160803494842,0.03877862267633774
s15o_cylinder,random_seed,12,5,0.9252160803494842,0.03877862267633774
s15o_cylinder,random_seed,12,6,0.9252237584049389,0.03877862267633774
s15o_cylinder,random_seed,12,7,0.9357142857142857,0.028314491264131547
s15o_cylinder,random_seed,12,8,0.9357142857142857,0.028314491264131547
s15o_cylinder,random_seed,12,9,0.9357142857142857,0.028314491264131547
s15o_cylinder,random_seed,12,10,0.9357142857142857,0.028314491264131547
s15o_cylinder,random_seed,12,11,0.9357142857142857,0.028314491264131547
s15o_cylinder,random_seed,12,12,0.9357142857142857,0.028314491264131547
s15o_cylinder,random_seed,12,13,0.9357142857142857,0.028314491264131547
s15o_cylinder,random_seed,12,14,0.9357142857142857,0.028314491264131547
s15o_cylinder,random_seed,12,15,0.9357142857142857,0.028314491264131547
s15o_cylinder,random_seed,12,16,0.9357142857142857,0.028314491264131547
s15o_cylinder,random_seed,12,17,0.9357142857142857,0.028314491264131547
s15o_cylinder,random_seed,12,18,0.9357142857142857,0.028314491264131547
s15o_cylinder,random_seed,12,19,0.9357142857142857,0.028314491264131547
s15o_cylinder,random_seed,12,20,0.9357142857142857,0.028314491264131547
s15o_cylinder,random_seed,13,1,0.8310271885734247,0.13144321770002046
s15o_cylinder,random_seed,13,2,0.8312232200327083,0.13144321770002046
s15o_cylinder,random_seed,13,3,0.8773109243697479,0.08671785260866936
s15o_cylinder,random_seed,13,4,0.8773109243697479,0.08671785260866936
s15o_cylinder,random_seed,13,5,0.8773109243697479,0.08671785260866936
s15o_cylinder,random_seed,13,6,0.8773109243697479,0.08671785260866936
s15o_cylinder,random_seed,13,7,0.8952444593260471,0.06877479492155855
s15o_cylinder,random_seed,13,8,0.9067569162734017,0.057257335406826294
s15o_cylinder,random_seed,13,9,0.9067569162734017,0.057257335406826294
s15o_cylinder,random_seed,13,10,0.9067569162734017,0.057257335406826294
s15o_cylinder,random_seed,13,11,0.9067569162734017,0.057257335406826294
s15o_cylinder,random_seed,13,12,0.9067569162734017,0.057257335406826294
s15o_cylinder,random_seed,13,13,0.9067569162734017,0.057257335406826294
s15o_cylinder,random_seed,13,14,0.9145413300114208,0.04947119850772408
s15o_cylinder,random_seed,13,15,0.9245132246175025,0.03949956358430479
s15o_cylinder,random_seed,13,16,0.9252426824293543,0.03877038258078813
s15o_cylinder,random_seed,13,17,0.9252426824293543,0.03877038258078813
s15o_cylinder,random_seed,13,18,0.9252426824293543,0.03877038258078813
s15o_cylinder,random_seed,13,19,0.9252470430099866,0.03877038258078813
s15o_cylinder,random_seed,13,20,0.9252470430099866,0.03877038258078813
